:020000040C00EE
:10E000004200DEC04200DEC0000000000000000050
:10E010000000000000000000000000000000000000
:020000040C01ED
:1000000038560430F10E010C3D6F010CE1D1010CAA
:10001000E1D1010CE1D1010CE1D1010CE1D1010CE4
:10002000000000000000000000000000E50D010CD1
:10003000E70D010C00000000E90D010CEB0D010CB7
:10004000ED0D010CEF0D010CF10D010CF30D010C88
:10005000F50D010CE1D1010CF70D010CF90D010CAE
:10006000FB0D010CFD0D010CFF0D010C010E010C2F
:10007000030E010C050E010C070E010C090E010CFC
:100080000B0E010C0D0E010C0F0E010C110E010CCC
:10009000130E010C150E010C170E010C190E010C9C
:1000A0001B0E010C1D0E010C1F0E010C210E010C6C
:1000B000230E010C250E010C270E010C290E010C3C
:1000C0002B0E010C2D0E010C2F0E010C310E010C0C
:1000D000330E010C350E010C370E010C390E010CDC
:1000E0003B0E010C3D0E010C3F0E010C410E010CAC
:1000F000430E010C450E010C470E010C490E010C7C
:100100004B0E010C4D0E010C4F0E010C510E010C4B
:10011000530E010C550E010C570E010C590E010C1B
:100120005B0E010C5D0E010C5F0E010C610E010CEB
:10013000630E010C650E010C670E010C690E010CBB
:100140006B0E010C6D0E010C6F0E010C710E010C8B
:10015000730E010C750E010C770E010C790E010C5B
:100160007B0E010C7D0E010C7F0E010C810E010C2B
:10017000830E010C850E010C870E010C890E010CFB
:100180008B0E010C8D0E010C8F0E010C910E010CCB
:10019000930E010C950E010C970E010C990E010C9B
:1001A0009B0E010C9D0E010C9F0E010CA10E010C6B
:1001B000A30E010CA50E010CA70E010CA90E010C3B
:1001C000AB0E010CAD0E010CAF0E010CB10E010C0B
:1001D000B30E010CB50E010CB70E010CB90E010CDB
:1001E000BB0E010CBD0E010CBF0E010CC10E010CAB
:1001F000C30E010CC50E010CC70E010CC90E010C7B
:10020000CB0E010CCD0E010CCF0E010CD10E010C4A
:10021000D30E010CD50E010CD70E010CD90E010C1A
:10022000DB0E010CDD0E010CDF0E010CE10E010CEA
:10023000E30E010CE50E010CE70E010CE90E010CBA
:10024000EB0E010CED0E010CEF0E010C40B152183B
:1002500005D2C068904234BF0020012070470020C2
:10026000704700000B4B30B51A6800230A4C9342CC
:1002700003DB06D14FF0FF3008E01D01655D8542CC
:1002800005D10020044A02EB03130B6030BD01339B
:10029000EDE700BF50BF010C54BF010C70470000D8
:1002A0002DE9F74317461A4680460C461E46FFF7CF
:1002B000CDFF002870D00093D8F804305B689847D1
:1002C000374BC0F3410013F82090C9F1000303EA53
:1002D000040534EA030326D0D8E9013001225B6922
:1002E00001A928449847002812DB0022A3195B1BB0
:1002F0004B4524BF2E1B4E44631BD5B2AE4202F1C8
:10030000010208D8009B9B1B0093009B6BB9002047
:1003100003B0BDE8F08305F108016944194411F800
:10032000041C7955E9E70025EFE7009B4B45B3FB3B
:10033000F9F61DD209FB06F6D8F808303019184432
:10034000D8F8043001225B6901A9284498470028A5
:10035000DEDB002237440099D3B2994202F1010258
:10036000D5D9F91808336B4413F8043C4B55F2E720
:10037000D8F80800D8F80430204432465B6979196F
:10038000284498470028C3DB009B09FB16330093E1
:10039000009B002BCED1BAE74FF0FF30B8E700BF8B
:1003A00044BF010C2DE9F04F8DB002921A4605466C
:1003B0000F461E4621F00F0A01F00F08FFF746FF17
:1003C00028B94FF0FF3318460DB0BDE8F08F6B68C9
:1003D0000DF1200B5B689847584BC0F3410053F870
:1003E00020305A460093514643462846FFF758FFAF
:1003F0000028E6D106F10F03434423F00F03AAEBD4
:100400000709A9EB06091A46514628460193994463
:10041000FFF71CFF0028D4D04B46284604AAB91980
:10042000FFF73EFF03460028CBD1B8F1000F63D1A0
:100430004446B442C7D2A6EB040A3AF00F0A10D0E1
:10044000A86869689DF800203844D1F818B0BAFB54
:10045000F2F2029920440393D8470028B1DB039BB2
:100460005444B9F1000FAED008A82246002301463B
:1004700096420AD9DDF808C001331CF802C0102BDF
:1004800000F801CB02F10102F2D1964299D100228B
:1004900004A8102B01D04A4549D108F11008102BAF
:1004A000A0448ED14A458CD1019A424589D1A86891
:1004B0009DF800206D683844B3FBF2F2AD6920442A
:1004C000A847C3177FE7029A125D01340BF8012099
:1004D00001310F2913D8B442F5D1002204A80DF13F
:1004E000200C0F2920D84A450BD010F801EB01321F
:1004F00001F80CE00131F4E741460446E9E7B44273
:10050000EBD0102903937FF45CAFD5E901309DF85F
:100510000020D3F818B0B1FBF2F2504408A9D84734
:100520000028039B85DA4CE74A45EAD049E710F8F2
:10053000016B0132CE540133ABE700BF44BF010C65
:100540002DE9F04105460E469046FFF77FFEA8B123
:100550006B689B6A98470468074664B10020BDE851
:10056000F081D5E90130DB69304498470028F6D1A5
:10057000BB681C441E444445F3D3EFE74FF0FF3003
:10058000EDE708B543689B6A9847006908BD0021FC
:1005900008B5084600F054F9FEE70346002030B5E0
:1005A000013A00D230BD1D780C78A54202D008B9BE
:1005B000281BF5E701330131F2E7F0B505460C04DD
:1005C00044EA01640C4344EA012462B91346561913
:1005D000032A0ED823F003022A4403F00303134432
:1005E0009A420AD1F0BDAB07F0D005F8011B013AE1
:1005F000EBE7B71A3C60043AEAE702F8011BEFE7C1
:10060000034670B56AB900241519032D13D822F0DA
:10061000030421441C44002302F003029A4210D137
:1006200070BD41EA0304A407EDD011F8014B013A73
:1006300003F8014BE6E70D1B2E681D1B2E60043CE2
:10064000E2E7CD5CE5540133E8E7000010B507F0C0
:1006500083FD28B1034B1C6800F07EFD204610BDD1
:10066000014BF8E70C0004301000043037B50C469D
:1006700031B900F071FD0E4B1D68284603B030BD46
:10068000031DF6D8C31C052B184628BF0520042BD4
:10069000EFD8042101AA07F061FD30B1044B1D68B9
:1006A000019B236000F058FDE7E7024BF7E700BF2E
:1006B0000C00043010000430031D08D8C31C052BA7
:1006C000184628BF0520042B01D807F04FBD4AF279
:1006D000C53070477FB50E46054618B94FF0FF305C
:1006E00004B070BD0029F9D0012001A9FFF7BAFDBF
:1006F000044610B9019B9E4209D0022001A9FFF7D0
:10070000B1FD0028EAD1019B9E42E7D1012468692E
:10071000A96902AB03C3082202ABA101022000F0C9
:1007200051FCDDE71FB5082102AA022007F0B6FF41
:10073000DDE902020B490C4B9A4208BF884207D1FF
:100740000A4B0B4A00930B490B4B0C4808F0D2F8AC
:10075000082200210DEB0200FFF72FFF05B05DF826
:1007600004FB00BFA9B454B26D6F90A405C0010C86
:10077000C4BF010CF2BF010CA4BF010CFABF010CF5
:1007800013B5044668B10421072001AA07F086FFCB
:1007900028B9019B012B8CBF00230123237002B0D9
:1007A00010BD4AF2C530FAE708B520210C20084AEE
:1007B00008F018F818B14CF25A32904206D1BDE850
:1007C000084020210D20034A08F00CB808BD00BFE6
:1007D00043CC010C63CC010C1FB50421072003AAF4
:1007E00007F05CFF0446B8B90D4808F083F80D4BDC
:1007F0000D4A00930D490E4B0E4808F07BF8039B01
:1008000053B908F066F8044630B9FFF7CDFF044647
:1008100010B908F060F80446204604B010BD00BFCF
:100820000AC0010C05C0010C27C0010CF2BF010C6D
:10083000A4BF010CFABF010C002070477047FEE70F
:100840002DE9F3414FF40051584803F06FF807F0D9
:10085000ABFB05F04BFF044628B1554808F04AF8B9
:10086000204607F07BFB534808F044F807F0E0FE11
:10087000044608B15048F1E70DF10300FFF780FF8F
:10088000044608B14D48E9E79DF803302BB1FFF766
:10089000A3FF044608B14A48E0E7FFF743FF00F032
:1008A00053FC0546FFF7D2FE0446284600F070FCD4
:1008B000444E3368A34201D04348CFE707F04CFBD6
:1008C000044608B14148C9E702F0A0FD044620B142
:1008D00001463F4808F00EF8C2E73E4A3E493F480D
:1008E00008F008F80124204607F03FFB002838D024
:1008F000204607F036FB0546F0B9DFF8E4800C220D
:1009000000213848FFF759FE00F01EFC214607463B
:10091000344801F0E5F80546384600F039FC336804
:10092000AB420FD1204607F01EFB0546C8B1214659
:100930002D4803E00024D6E721462C4807F0DAFFD3
:1009400028468EE72A4807F0D5FF204607F00FFB20
:10095000336818B1D8F80000834282D1AB42CED1BF
:10096000E0E7002CE6D11F4D2248A96807F0C2FF3E
:1009700029682148CB8A4A7D097D07F0BBFF1F48C3
:1009800007F0B8FF01A9287900F042F82B681A692E
:100990001C8992065BBFAB68019A5B689B181C447C
:1009A00007F01EFB20460CF0DFFB00BFB000043058
:1009B0005FC0010C76C0010C8CC0010CAFC0010CF3
:1009C000D4C0010C10000430EAC0010C1AC1010CA3
:1009D00036C1010CFEC6010C62C1010C6BC1010CD9
:1009E0000C000430A4000430D6C1010C92C1010CEB
:1009F000B6C1010CFBC1010C27C2010C42C2010CA3
:100A00000020704708B502F0DBFD002008BD0000A3
:100A1000642808B507D001466422054807F06AFF3C
:100A20004FF0FF3008BD4FF0406300200B60F9E746
:100A300064C2010C012909D002290CD069B978B12E
:100A4000012808BF022018BFFF20704750B10128BD
:100A500008BF0420F7E7052070474FF0FF307047CC
:100A6000012070470320704708B543689B6A984788
:100A7000007D08BD436870B59B6A16460D46044666
:100A800098478368B5FBF3F563689B6A984783686A
:100A90006B43336063689B6A984783680020736088
:100AA00070BD00002DE9F341D1F8008006460D46E7
:100AB000C0B201A91746FFF7D5FB044688BB2B68D7
:100AC000CBB103464FF40050019AD1682B6009B1B5
:100AD000984506D8984510D23146134807F00AFFCA
:100AE00009E0B1F5005F0FD24FF400533146D268F0
:100AF0000E4807F0FFFE4FF0FF340198FFF7CEFBE2
:100B0000204602B0BDE8F0814FEA433C47F833C0CD
:100B10002B68A1F5005107EBC30358602B68013324
:100B2000D4E74FF0FF34EBE7BDC2010C87C2010CE4
:100B300007F049BB2DE9F74F90461F4A0646156856
:100B40000F464540ED43002B14BF9A468A460024C9
:100B50000C9B04F104094B4505D20C9B9C4220D30D
:100B600003B0BDE8F08F042208EB04010DEB020096
:100B7000FFF746FD019A0AEB040106EA020B042284
:100B80000DEB0200FFF73CFD019A38192A4042EABA
:100B90000B02019204220DEB0201FFF731FD4C46DE
:100BA000D6E718F804301AF8042033402A401343DB
:100BB0003B550134D1E700BFB4200430054B002081
:100BC0001A684FF0E023013A5A61052298611A61D0
:100BD000704700BF200004304FF0E02130B50E48D0
:100BE0000E4C8A690568236893422B444FF47A754A
:100BF0003CBF49695B180A499B1A09680360B1FB4D
:100C0000F5F19942074B04D20025196805600131BE
:100C100019601868226030BDBC200430C020043048
:100C200020000430B820043038B570B303681907C9
:100C300001D4002038BD8369154C9BB1D4F8F03045
:100C400043F08063C4F8F030FFF7C6FF0546D4F8E0
:100C5000F0301A01EDD4FFF7BFFF401B0228F6D990
:100C60000320E7E7D4F8F03023F08063C4F8F030D5
:100C7000FFF7B2FF0546D4F8F0301B01D9D5FFF7D6
:100C8000ABFF401B0228F6D9EAE70120D2E700BFFC
:100C9000000C0254F8B50368054698014FD5314C55
:100CA000636A43F001036362FFF796FF0646636AD7
:100CB000D90746D52C4CD4F8F03013F4407320D02B
:100CC000D5F8F82093421CD0D4F8F020D4F8F030B6
:100CD00022F4407143F48033C4F8F030D4F8F0309B
:100CE000D20723F48033C4F8F030C4F8F01008D5EC
:100CF000FFF772FF41F288370646D4F8F0309B07C1
:100D000026D5D5F8F830184903F44072B2F5407F83
:100D100024D1C869154A20F47C5002EA1312024318
:100D2000CA61114AC3F30B03D2F8F01021F44071E9
:100D3000C2F8F010D2F8F0100B43C2F8F0300020E7
:100D400005E0FFF749FF801B0228B0D90320F8BD5A
:100D5000FFF742FF801BB842CFD9F7E7CA6922F4F8
:100D60007C52DDE700080254000C0254CFFFFF0064
:100D700013B5194C06F05EFDD4F8F030174843F077
:100D80001803C4F8F030FFF74FFF08B10CF028FA51
:100D90001348FFF77FFF08B10CF022FA0421D4F8C2
:100DA000F030084643F40043C4F8F030D4F8A830DB
:100DB000002243F40013C4F8A830D4F8A83003F498
:100DC00000130193019B06F051FE042002B0BDE820
:100DD000104006F07BBE00BF000C025490CD010C09
:100DE00088CC010CFEE7FEE7FEE7FEE7FEE7FEE744
:100DF000FEE7FEE7FEE7FEE7FEE7FEE7FEE7FEE7CB
:100E0000FEE7FEE7FEE7FEE7FEE7FEE7FEE7FEE7BA
:100E1000FEE7FEE7FEE7FEE7FEE7FEE7FEE7FEE7AA
:100E2000FEE7FEE7FEE7FEE7FEE7FEE7FEE7FEE79A
:100E3000FEE7FEE7FEE7FEE7FEE7FEE7FEE7FEE78A
:100E4000FEE7FEE7FEE7FEE7FEE7FEE7FEE7FEE77A
:100E5000FEE7FEE7FEE7FEE7FEE7FEE7FEE7FEE76A
:100E6000FEE7FEE7FEE7FEE7FEE7FEE7FEE7FEE75A
:100E7000FEE7FEE7FEE7FEE7FEE7FEE7FEE7FEE74A
:100E8000FEE7FEE7FEE7FEE7FEE7FEE7FEE7FEE73A
:100E9000FEE7FEE7FEE7FEE7FEE7FEE7FEE7FEE72A
:100EA000FEE7FEE7FEE7FEE7FEE7FEE7FEE7FEE71A
:100EB000FEE7FEE7FEE7FEE7FEE7FEE7FEE7FEE70A
:100EC000FEE7FEE7FEE7FEE7FEE7FEE7FEE7FEE7FA
:100ED000FEE7FEE7FEE7FEE7FEE7FEE7FEE7FEE7EA
:100EE000FEE7FEE7FEE7FEE7FEE7FEE7FEE7FEE7DA
:100EF00007B52C4B83F30A8805F05AFB06F09AFCE1
:100F0000294B2A49D3F8F02042F40042C3F8F020DC
:100F1000D3F8A82042F40012C3F8A820D3F8A820E0
:100F200002F400120192019A0A6B8AB1D3F8F02000
:100F300042F48032C3F8F020D3F8F02022F480325B
:100F4000C3F8F0200B6B002BFCD10122184B1A6068
:100F5000154A1849136843F480531360164B8B42AB
:100F600012D30020154B16498B4218D3FFF70FFB05
:100F7000186850F82240586840F8224001329868BA
:100F80008242F5D30C33EAE70022F8E71C6844F804
:100F9000220001325C68A242F8D30833E4E7002261
:100FA000F8E700BF34360430000C0254007C0054D3
:100FB000C420043034BF010C1CBF010C34BF010C31
:100FC00044BF010C2DE9F74F9146002282460C46A2
:100FD000984601921BB9032003B0BDE8F08F07F0DB
:100FE0007DFC2F4F054697F800B0BBF1000F10D1E4
:100FF00007F074FC064607F075FC59460246304679
:10100000FFF7DBFA42F216032B8004236B800123E7
:101010003B7007F063FC6F88074407F05FFC061D18
:10102000BE4225D3C4F30B031FFA89F46E88ADF8D2
:1010300006400434A4B2264443EA0A30B6F5803FA1
:10104000ADF80400C7DA07F04DFCB6B2864225D8E9
:10105000042238460DEB0201FFF7D2FA4A46414618
:10106000381DFFF7CDFA6B8800201C446C80B3E775
:10107000042231460DEB0200FFF7C2FABDF804303E
:10108000BAEB133F03D1C3F30B039C4204D0BDF86A
:10109000063004331E44C3E702209DE701209BE78E
:1010A000C82004300023F0B5B5B0009305464FF6D4
:1010B000FF7305A8174601F007FA044618B14FF070
:1010C000FF3035B0F0BD06460DF10E0303AA04A9AA
:1010D00005A801F045FA0028F1D1BDF80E30602BCB
:1010E0000ED1BDF80C30842BE9D83846049913AAE8
:1010F000FFF7D6F80028E2D10124BDF80C60E3E741
:10110000102BE1D1BDF80C30202BD8D838460499EB
:101110000BAAFFF7C5F80028D1D1002CCFD01F2E85
:10112000CDD9A6F1200013AC04900BA920222044B5
:10113000FFF766FAA9012346324641F03F0101203C
:10114000FFF740FFBDE70000024B1868421C1A6021
:10115000704700BFCC200430024A1368013B136083
:10116000704700BFCC200430FFF7FEBFFFF7FCBF85
:10117000FFF7FABFFFF7F8BFFFF7F6BFFFF7F4BFBF
:10118000FFF7F2BFFFF7F0BFFFF7EEBFFEE700008B
:1011900008B5034B1B68834201D0FFF7E5FF08BD8C
:1011A000CC2004302DE9F843582390F8C850064667
:1011B0005D432C2303FB015505440C469046D5F8AE
:1011C000209001F0ECFB10B92B69DB060BD51CB1AC
:1011D0004946304600F0AEFC164B1D68FFF7BCFFD9
:1011E0002846BDE8F8832146304601F0E5FBA0B96A
:1011F000114B1D68114B1B68AB42EFD01049114BCE
:101200001148002C18BF194607F074FB002CE3D0DE
:101210000121484601F0BEFBDEE7FFF795FF2246BD
:1012200007464146304601F00FFC05463846FFF7B9
:10123000AFFFDFE7080004300C000430100004307A
:10124000E3C2010CEBC2010CF5C2010C004870476F
:10125000D02404304379012B07D10368012B04D13A
:101260000079431E584258417047002070470000E3
:1012700073B50D460021044690F8C8202846CDE9F4
:101280000011FFF7E7FF58B358235A431C4EA358E9
:10129000B34203D1204601AA01F03DFA582294F846
:1012A000C83002FB0343DB6AB34204D16A46012122
:1012B000204601F030FADDE900239A4284BF13464C
:1012C0000192AB6029462046019A00F0A9FE0D4B21
:1012D0001968002902DD0C4807F00CFB02B070BD54
:1012E0001146204601F0C8F9064605F1080101F053
:1012F000F3F9AB6830460193FEF7D0FFE2E700BF99
:101300003DB8F396AC2504301AC3010CF0B58B79C7
:1013100004460F4685B043B3D0F8B050284601F0DC
:101320009CF994F8C8300646303354F823103846F8
:1013300000F06CFD34182846FFF723F906462846CE
:10134000FFF792FB102201466846FFF736F93B791A
:101350006A468DF80030214633462846FFF722F8CA
:10136000003818BF012005B0F0BD582290F8C830F1
:1013700002FB03031D6AD1E72DE9F8430E469046B0
:1013800099460024099FBC4201D300200EE03D1B7A
:10139000B5F5806F28BF4FF4806530462B460A4A6A
:1013A00004EB0901FEF77CFF10B10120BDE8F883D2
:1013B00008992B464046044A6118FEF7F3FF0028BF
:1013C000F3D12C44DFE700BFD02004302DE9F04FEB
:1013D00095B004460E4601F0E3FB002800F095812D
:1013E000BA4807F087FAFFF7BFFE231893F8C91031
:1013F00069BB204601F012FA804690B900222046CF
:10140000114601F0FFFA00283DD094F8C810B0480A
:1014100007F070FA012294F8C830234483F8BC2006
:101420000BE04821AB4807F065FA012294F8C83078
:101430009045234483F8BC20E0D194F8C8002318D9
:1014400093F8BC30023B022B98BF45F001050130F8
:10145000C0B2012884F8C800C7D9002D00F0A681C9
:1014600000232C274FF0580884F8C830E21892F86F
:10147000C910002900F04C810133DBB2012B84F844
:10148000C830F3D992E1204600F038FF002807DD8C
:10149000012294F8C83007F8332007EBC3035860E3
:1014A000204600F0BFFC4FF0010988B100238A4AB2
:1014B00020460AA9CDE90B23CDF828900D9300F022
:1014C00076FB804650B194F8C810844807F012FAB1
:1014D00094F8C830234483F8BC90AEE70AA8FFF71D
:1014E000B9FE80F001010AAA2046C9B201F08AFAC9
:1014F00040B14146204601F052FA18B994F8C8109C
:101500007348E3E70AA8FFF7A5FE00284BD194F83B
:10151000C83053BB20460AA9FFF7AAFE94F8C800BA
:101520009DF82F30221882F8BC30033B012B08D8DD
:1015300000F091FB28B1FF2294F8C830234483F8CF
:10154000BC209DF82F30023B022B1FD894F8C80016
:1015500000F069FBD0B1FF2294F8C830234483F82F
:10156000BC205F4807F0C6F9FEE794F8BC20042AC7
:1015700004BF012284F8BC20012BCBD094F8BD30ED
:10158000042BC7D1012384F8BD30C3E794F8C830D9
:10159000234493F8BC30FF2BE3D0002220461146B1
:1015A00001F030FA36E79DF82F80B8F1010F61D1D4
:1015B00094F8C80001F06CFC831E022B814617D8FA
:1015C000FFF7C2FD414682460AAA2046FFF7EAFD20
:1015D00080465046FFF7DCFD424B1B68984507D01C
:1015E000414B1868804514BF4FF005094FF00109C1
:1015F00094F8C8305FFA89F0E21882F8BC00002B3A
:1016000079D1234493F8BC30012B7FF416AFFFF758
:101610009BFD002181460AAA2046FFF7C3FD8046B4
:101620004846FFF7B5FD0021204601F0B8F9002833
:1016300066D0582294F8C83002FB0343D3F82CA09C
:10164000FFF782FD012181460AAA2046FFF7AAFD85
:1016500080464846FFF79CFD244B9A457FF4EDAE4B
:10166000204B1B6898457FF4E8AE94F8C8300422FC
:101670002344D3E6FFF768FD012181460AAA2046EC
:10168000FFF790FD80464846FFF782FD154A94F823
:10169000C8301268904504EB030229D0052182F876
:1016A000BC10002B3FF4C9AE94F8BC20042A04BF40
:1016B000012284F8BC20012BA3D094F8BD20042A79
:1016C0009FD1012284F8BD209BE700BF46C3010CD7
:1016D000B3C3010C74C3010C01010001DCC3010C94
:1016E00003C4010C10000430080004303DB8F39628
:1016F0009DF82F0081E7012889D00428D4D19CE6E9
:10170000B74B1B68984594D197E60546B54FA0E6C0
:1017100092F8BC200EA802F0FB02012A14BF01219E
:10172000002108FB03F207FB012214BF2C2100213A
:101730005B4203F05803194401232244156A2144F3
:1017400000932A46402300F0BFFE58BB00230DF152
:10175000160206A90EA800F003FF002822DB40F0C5
:10176000BA81BDF816300C2B1CD12846069907AA61
:10177000FEF796FDB0B99DF81C30012B12D8E21887
:1017800092F8BC205B42023A022A94BF2C2000202F
:1017900003F058031433184408A9204401F07CF9DD
:1017A0000028D3DA40F20113A4F8BC30002001284D
:1017B00084F8C80024D900238B4D894FDFF82C8290
:1017C0000793012B84F8C83040F2F880079A022A68
:1017D0007FF409AE002384F8C83094F8C930002B98
:1017E00000F06B81012394F8CA1084F8C8300029F6
:1017F00000F0638184F8C820794BD3F800900CE1A5
:10180000221892F8C980B8F1000F40F0D48001236B
:101810000A9340F20113ADF82C3092F8BC30CDE9B8
:101820000C88042B8DF82E808DF82F3007D8012BD3
:101830000DD800F0B780FF2382F8BC30B2E0052B52
:10184000F9D100F008FA002800F0AC8054E0FFF76E
:101850007BFC414607460AAA2046FFF7A3FC054643
:101860003846FFF795FC4146204601F098F818B934
:101870005B4B1B689D4277D000254FF0580B2F46DD
:1018800094F8C8A05A48514607F034F8594807F070
:1018900031F894F8C8300BFB0343D3F82090D3F809
:1018A0004C809B6A0293029BBB422CD12A46514634
:1018B000514807F01FF8002341464A46204601954B
:1018C0000093FFF759FD014648B90122204601F077
:1018D000F9F8054648B30146484807F00BF894F874
:1018E000C800231893F8BC50EB1E012B57D800F00A
:1018F000B2F9014600283CD0FF2294F8C8302344B6
:1019000083F8BC204EE094F8C83029460BFB034313
:101910005B6A484603EBC7035A680023039200F052
:10192000F2FF039A01371544BDE7582794F8C830F1
:10193000014607FB03431A6D03465268404601F017
:1019400021F894F8C82007FB0242D2E91432013A88
:1019500053F83200196803EBC207411A2B46404680
:101960007A6801F00FF8BAE720460AA9FFF780FC71
:10197000B5E7032D0ED10122204601F0A3F8014660
:1019800040B11E4806F0B6FFFF2294F8C830234449
:1019900083F8BC2094F8C80000F045F953E7023DF5
:1019A000012DF7D994F8C800231893F8BC30FF2B09
:1019B00001D1134815E50130C0B2F8E6234493F88D
:1019C000C9208DF818209DF8181001F0FF02C9B148
:1019D000079B0133079394F8C8300133DBB2F0E67C
:1019E00010000430D02404300C000430080004300F
:1019F0000CC4010C3EC4010C59C4010CA0C4010C60
:101A000003C4010C93F8BC30012B14D011462046BE
:101A100000F0F8FF78B1D5F80090102200210AA854
:101A2000FEF7CBFD204601F095F8FFF795FB484601
:101A300015B0BDE8F08FFFF787FB00228146114605
:101A40002046FFF7AFFB82464846FFF7A1FB3B6805
:101A5000D5F800909A45E0D1CA45DED0D8F80030DC
:101A60009A45DAD094F8C830BBB1012B14BFFF20DF
:101A700002200EA901F0E6F90028CCD19DF83830FB
:101A8000012B0CD19DF83B30012B08D000212046C2
:101A900001F030F800289BD0BDE70120E9E70022E3
:101AA0002046114601F00EF802460028EED094F8C8
:101AB000C8100A4806F01EFFADE7582202FB034299
:101AC000126A5B42517803F05803317192682344E3
:101AD000B260336090E694F8C830CDE4D9C4010C0C
:101AE0000129F8B506460C4605D9FFF735FB0E4B24
:101AF0001C682046F8BD022201210C48FEF75DFD5E
:101B000000230B4F3C4484F8C930FFF71DFB3146DE
:101B100005463846FFF75AFC04462846FFF738FBCF
:101B2000FFF71AFBE5E700BF0C000430A9250430DD
:101B3000E024043013B50C4690F8C83001AA3033C5
:101B400050F82310204600F0C3FE002809DB01995D
:101B5000E26801232046521A00F014FFC00F02B0C1
:101B600010BD0120FBE7582373B5154690F8C860F7
:101B70000C4603FB06006946C06C01F00DF9E979DB
:101B8000012903D03246204601F070F99DF8033058
:101B9000012B02D1204601F0F1F8A968204600F09F
:101BA000A9FD204601F094F8002002B070BD73B585
:101BB0000D46044600F09EF90128E86005D0022891
:101BC00028D028B3072002B070BDD4F8B0602A46F0
:101BD0002146304600F0C0F80028F4D1304601F02C
:101BE00033F8012301460DF107023046FEF758FB9A
:101BF000B8B9012230460DF1070101F039F810B1F2
:101C000001238DF807309DF8073003F00F03EB71C7
:101C10000020D8E7582294F8C83002FB03431E6A1C
:101C2000D5E70120CFE713B588B1012814BFFF2005
:101C3000022001A9FEF716FB58B9019801F0A0F99E
:101C400004460198FEF72AFB204602B010BD012091
:101C5000EFE70124F8E71FB5D8B1012814BFFF2032
:101C6000022001A9FEF7FEFAB8B9019802A901F015
:101C700093F8044678B99DF80B30032B03D10198F3
:101C800001F07CF804460198FEF708FB204604B0FA
:101C900010BD0120E5E70124F5E70124F6E7002364
:101CA000F0B51A461D461C4658278A4201D39A426F
:101CB00009D290F8C86007FB0606766A06EBC406F0
:101CC0007668013432448B4201D39A4212D990F89B
:101CD000C8608A4207FB0606366D06EBC5067668C5
:101CE00005F101053344E4D39942DED89A42DCD1B0
:101CF000601EF0BD8A42F9D2DBE710B5582490F897
:101D0000C83063432C2404FB0133C118886A4B6A32
:101D1000013803EBC00149680433914200D310BD80
:101D2000013853F830402144F7E738B504460D46F2
:101D3000FFF7E3FF582294F8C83053432C2202FBEC
:101D400005310C44626A02EBC00352F830105B6844
:101D500010680B44181A38BD2DE9F74F884607461E
:101D6000164600F07AFC3946834698F8C80000F021
:101D700057FCB0F1000A42DB00242546A146544539
:101D800013D1B9F1000F0CD0002D18BF2C4603233E
:101D9000B4FBF3F35A1C03EB4303E31A0133326041
:101DA0003371002003B0BDE8F08F98F8C830384692
:101DB000303358F823100DF10702012301FB04B161
:101DC000FEF76EFA00281CDB012238460DF10701F0
:101DD00000F04EFF38B1B9F1000F02D0002D08BF5E
:101DE00025460134CBE7B9F1000F05D0002DF8D01E
:101DF000054806F07FFDC7E74FF00109F1E707202E
:101E0000D0E70120CEE700BF18C5010C10B503686C
:101E100001EB41045A1E0379013B594304FB0210B4
:101E200010BD00002DE9F843582390F8C84003FB8B
:101E30000404D4F82880B8F1480F04D8D4F854E04A
:101E4000BEF1480F05D9274806F054FD0020BDE833
:101E5000F883D0F8B030D3F80C9000231946184618
:101E60001E469C461D461A46404509D3714507D378
:101E7000404503D1714501D1B44530D01A48E3E75C
:101E8000AA4213D1676A07EBC0077F6801303A4462
:101E9000276D07EBC1077F6801313D44AA42E3D1BA
:101EA0004A459444164418D91048CDE70BD2676AC6
:101EB000022B07EBC0077F683A4401D10C48C3E707
:101EC00001230130EAE7276D012B07EBC1077F688B
:101ED0003D44F3D002230131E0E70023C2E70120B3
:101EE000B5E700BF38C5010CCDC5010C98C5010C84
:101EF00064C5010C5822F0B5054690F8C83087B08B
:101F000002FB030304A9186A00F046FFD5F8B000ED
:101F100002A900F041FF9DF81030012B4DD0334A4B
:101F20003349032B08BF0A469DF81330314901930A
:101F30009DF81230304800939DF8113006F0DAFC1D
:101F40009DF80830012B3AD0284A2949032B08BFB5
:101F50000A469DF80B30294C01939DF80A30284918
:101F6000009325489DF8093006F0C4FC002627465A
:101F70009DF81010207800F06DFE60B39DF80810F9
:101F8000607800F067FE30B3A378042B03D09DF88F
:101F900012209A421FD107EB8607FC78012C10D142
:101FA0009DF80C2095F8C8309A4211D11549164871
:101FB00006F0A0FC204607B0F0BD144AB4E7134A6F
:101FC000C7E734B11249134B022C08BF1946EEE79C
:101FD00000241149EBE70136042E04F10404C7D1B3
:101FE0000E4806F087FC0020E5E700BFF8C5010CAD
:101FF00001C6010C33C6010C41C6010CE0CD010C39
:102000007FC6010C07C6010C87C6010CFCC5010C7C
:1020100021C6010C14C6010C0FC6010C99C6010C97
:102020002DE9F04F164604468DB0B2480D4606F035
:1020300061FC31462046FFF732FE00238246BAF1AA
:10204000FF3F069302D10DB0BDE8F08F582294F8FF
:10205000C830D4F8B080029302FB03435A6A0023CD
:10206000D8F80C10101D1F4650F83A303B449942E6
:1020700003D3BAF1010AF6D21F462B680699013B39
:102080008B4200F21F815826029B06FB0343D3F8C4
:102090002090DB6C03930AF1010352F83330049370
:1020A00013680593DDE90432A3EB020B029B303386
:1020B00054F8230000F004FC00210246079020465B
:1020C000FFF71BFE94F8C8300BEB070106FB034338
:1020D0005A6A089052F8303012689B1A994240F2BE
:1020E000E880059BD9F80C6040461E44049BF61A14
:1020F000079BF61A00F0B1FA864228BF06462B6805
:10210000012B40F0D880F31B18BF0123AB712B7952
:10211000012B40F0D280002340461946D8F80C200D
:1021200000F0F1FB2B68012B17D12A4641462046CF
:10213000FFF719FDAB7983B9494620460993FFF7AC
:10214000F9FC2A4649462046FFF70DFD099B40460B
:102150001946D8F80C2000F0D6FB0023424603991C
:10216000009320465B460196FFF706F92946204674
:10217000FFF7CCF802232B7118B15F4A13680133C3
:1021800013602B68012B09D1204603990993FFF7AF
:10219000D1FCAA79099B002A40F097803A4622B1E7
:1021A00000235946039800F0AEFB5B464946039A6C
:1021B0002046CDE900B6FFF7DFF829462046FFF7B5
:1021C000A5F803232B7118B14B4A13680133136030
:1021D000AB7993B149462046FFF7ACFC582294F8FE
:1021E000C83002FB03435B6A059A1F68D71B049A39
:1021F000BF1A089A53F832301F442FB100233A46D1
:102200005946484600F07FFB00234A464146204697
:10221000CDE900B6FFF7B0F8AB7983B3404600F0E4
:102220001CFA94F8C8205E44303254F82220034649
:102230005200019241464A4620460096FFF79CF81C
:1022400018B12D4A13680133136040460AA900F003
:10225000A3FD9DF82B30012B02D1484600F08EFDE6
:102260009DF82910012903D04846029A00F0FEFD8E
:102270004846A96800F03EFA484600F029FD0023D0
:10228000AE792946AB712046FFF740F82B68013341
:102290002B6001232B7118B1174A136801331360A7
:1022A00086B1012300214046D8F80C2000F06AFBDB
:1022B00008E03E4623E7002328E7022B3FF461AF06
:1022C000032B85D0069B0133B9E61946079A2046B1
:1022D000FFF713FD582294F8C830059902FB034319
:1022E0001B6D1A6853F830308A1A0499521A1A442E
:1022F00055E700BFADC6010CAC250430D0F8B030B6
:102300002DE9F0475821D3F80C90002390F8C8E04D
:10231000044601FB0E019C4618461E46D1F8288053
:10232000D1F854A01D461A46C44526D3504524D39F
:102330000EF1300E54F82E0000F0C2FA00210546CE
:102340000246371A2046FFF7F0FC2A468046012154
:102350002046FFF7EAFC94F8C830AD1B30338045C7
:102360002CBF45442D1854F8230000F0ADFA8542E7
:102370002CBF0020401B381A21E0AA4213D14F6A1B
:1023800007EBCC077F680CF1010C3A440F6D07EBAB
:10239000C0077F6801303D44AA42C5D14A45164472
:1023A0001DD9104808E010D24F6A022B07EBCC076A
:1023B0007F683A4405D10C4806F09CFA0020BDE83D
:1023C000F08701230CF1010CE6E70F6D012B07EB01
:1023D000C0077F683D44EED002230130DCE70023D4
:1023E000A0E700BF98C5010C64C5010C2DE9F743B7
:1023F00004460D4617469946002B60D01846FEF756
:1024000029FF00285BD194F8C810204600F034F969
:1024100001A9064600F060F980463046FDF73EFF10
:10242000B8F1000F4ED101992046FFF738FC414624
:1024300006464FF0580C731C11D1D9F800305A1EC3
:102440008A421FD3B5FA85F56D09582294F8C83031
:1024500053432C2202FB05331C44206A1CE0D4F8B1
:10246000B030DA6894F8C8300CFB0343586A002394
:10247000043050F836E073449A4201D3013EF8D25A
:102480000131D8E78B421AD1012D10D199F80430CF
:10249000012BDAD9D4F8B00020233A460021FDF709
:1024A000FFFE003818BF012003B0BDE8F08335B946
:1024B00099F80450022D94BF00250125C5E7022D8F
:1024C000C3D1E7E70120EFE72DE9F7430E461746B2
:1024D0009946044628B94FF0FF38404603B0BDE89E
:1024E000F0830029F7D0002AF5D0CB680D89384653
:1024F0001D44042329460DEB0302FDF7D1FE80465F
:102500000028E8D146F60812BDF8041073899142FC
:1025100023D1BDF806109942DDD1042338460DEBD6
:1025200003022944FDF7BCFE0028D4D146F6071368
:10253000BDF804209A42CED19DF82830C4E9006746
:10254000A4F80890A3727389BDF806202B44E360B9
:102550000435134463612561BFE7002BE6D0BAE779
:102560002DE9F7430F4690461E46044620B94FF02A
:10257000FF3003B0BDE8F0830368002BF7D0436859
:10258000002BF4D04FF6FF79D4E90413994215D209
:1025900023685B8923B1E3688B4204BF0431216166
:1025A000042360680DEB0302FDF77AFE0028DED1FC
:1025B000A37A256923B1E368AB4201D80120D8E7AB
:1025C0002189BDF80620494502F1040303D0BDF876
:1025D00004C08C450BD116B1BDF804103180043510
:1025E0003D60A8F8002022691A442261C1E72B440B
:1025F0002361C9E738B50023934201D1064B04E0BB
:10260000C55CCC5CA54205D0044B1C68FEF7A4FD5C
:10261000204638BD0133EFE7100004300C000430D1
:102620000B78052B06D078B1012807D1022B03D0F7
:1026300004220CE003207047D8207047FF2B0CBF0A
:10264000D8204FF0FF307047012BF5D00322934282
:102650000CBFD8204FF0FF30704710B50446FDF78F
:1026600090FF2378052B04D100F02EF9E368181AA7
:1026700010BD00F025F9F9E770B5D0F8B03086B09C
:10268000009358236E46002503FB0100036A019363
:1026900056F8044B02AAE168102320461039FDF7D2
:1026A000FFFD024638B12178094806F023F90024DD
:1026B000204606B070BD1022064902A8FDF76DFF46
:1026C0000028F5D06B1C022B4FF00105F0D0DFE79E
:1026D000D6C6010C0ECE010C70B50D46044600F0B6
:1026E000B3FA2A46A0F1100104232046BDE8704049
:1026F000FDF7D6BD13B50446019100F0A5FA0423F9
:10270000A0F110010DEB0302204600F001FB02B026
:1027100010BDFFF7F3BD2DE9F34717462C224FF00C
:10272000580802FB01F690F8C830044608FB036322
:102730000344D3F82090B3F808A0DB6848469A44D5
:10274000042351460DEB0302FDF7AAFD054620B117
:102750000125284602B0BDE8F08794F8C830BDF8DE
:10276000042008FB036646F6081334449A42648941
:102770001BD1BDF806309C4201D00325E9E70423B4
:1027800048460DEB030204EB0A01FDF789FD002822
:10279000DED146F60713BDF804209A42EDD1BDF80C
:1027A0000610214451443960D3E7002CF1D0E4E70E
:1027B00037B548230546019395F8C8300846EBB174
:1027C000012B0BD102290BD004221AE0052803D1DA
:1027D000D5F8B420B83509E001200DE0FF29F5D186
:1027E00058225343EA18526A28331D4401A9FEF7C0
:1027F00059F908B9019B2B6003B030BD0129EFD016
:1028000003228242E2D1582202FB03525C4204F0CE
:1028100058045434126D2544E8E70000F8B5274BFE
:102820000446002914BF0A461A464FF41073582173
:1028300090F8C8506B4301FB0501D01803F5906375
:10284000134402F5106248620B65C4F8B42055B118
:10285000012D14BFFF2102212046FFF7A9FF20B15F
:1028600001252846F8BD0121F6E71DB3012D14BF4F
:10287000FF2104212046FFF79BFFE8B905212046F0
:10288000FFF796FF05460028EAD1582394F8C86060
:1028900003FB0643186AFDF774FE0746D4F8B00040
:1028A000FDF76FFE303687422CBF44F8267044F89F
:1028B0002600D6E70321DDE70925D2E7B02504305D
:1028C000D82358435030704700EB400050307047D9
:1028D00073B50C4605461646FDF753FEA04203D9D4
:1028E0002846FDF74EFE0446D823E9686A4650396B
:1028F00003FB14112846FEF7BDF80028A4BF009B77
:10290000336002B070BD2DE9F3411E46C368054631
:1029100099420C46174630D25B1A93422DD3EEB142
:102920006A46FEF7A7F8002829DB013FDDF80080A2
:102930003C446A4621462846FEF79CF800281EDBE8
:10294000DDE9004728463A462146FDF7F9FD002813
:1029500015DB6EB1444512D9013CEAE7511E214412
:102960006A46FEF787F8002809DBDDF80080E0E71B
:102970003C44444503D80134DBE74FF0FF3002B05C
:10298000BDE8F08110B412B110BCFFF7BCBF104617
:1029900010BC70470023C2681946FFF7F3BF5822E6
:1029A00090F8C83053432C2202FB0133C118042293
:1029B000086A00F05DB90000582290F8C83053430F
:1029C0002C2202FB01310E4B42184158994206D18C
:1029D000D16813895B1802D25189C91801D300202C
:1029E0007047136ADB689942F9D2106920F4F970D4
:1029F00020F001000005000DB0FA80F0400970479A
:102A00003DB8F3962DE9F04116464FF0580890F87E
:102A1000C8200F463346002108FB02020446FFF798
:102A2000E5FC054668B994F8C820334608FB024225
:102A3000012120462C32FFF7D9FC10B1002F18BF1E
:102A400005462846BDE8F0815823F0B590F8C84007
:102A500085B05C432C2303FB024404440546276AEB
:102A6000FEF772FB0023CDE9023301934FF480732C
:102A7000214606463A4600932846064B00F088FA5F
:102A800004463046FEF784FBFEF766FB204605B0A1
:102A9000F0BD00BFF030043002780B789A420FD8B6
:102AA0000BD342784B789A420AD806D342884B8897
:102AB0009A4205D860EB000070474FF0FF30704736
:102AC0000120704737B558250B46114690F8C820AD
:102AD00004466A432C2505FB03220244126A01AB1B
:102AE00000F0F8FB20B9019994F8C800FDF7E4FD67
:102AF00003B030BD2DE9F0412C264FF058080446B4
:102B00004E4390F8C8000F4608FB006121440A6A52
:102B1000FEF7C8FA054628B10C4805F0EBFE28463A
:102B2000BDE8F08194F8C83008FB03663444256A98
:102B3000FEF78CFB294603463A462046FDF7CAFDC0
:102B400005460028EBD00248E7E700BFFFC6010CAE
:102B500029C7010C38B50446D0F8B00008B1FDF71C
:102B60009DFB00235825012B84F8C83000D938BDBF
:102B7000E21892F8C9206AB905FB0343D86C08B182
:102B8000FDF78CFB94F8C83005FB0343186A08B1C5
:102B9000FDF784FB94F8C8300133DBB2E3E70000B3
:102BA0002DE9F743054600264FF05809012E85F818
:102BB000C8600BD9052005F1B001FDF753FB0446B1
:102BC00090B301461E4805F095FE2AE0AB1993F834
:102BD000C980B8F1000F2DD141463046FDF72AFFDC
:102BE00095F8C810074609FB0151C0B22031FDF726
:102BF00039FB0446E0B901213046FDF71BFF95F88B
:102C0000C810074609FB0151C0B24C31FDF72AFB41
:102C1000044678B10123324639460A48009405F04B
:102C200069FE2846FFF796FF204603B0BDE8F08313
:102C30004346F0E795F8C8600136F6B2B6E700BF44
:102C40008FC7010C55C7010CC068203820F00F0059
:102C500020387047042809D0052803D1481E18BF22
:102C600001207047431A584258417047012070476D
:102C700038B515460C4661B15AB1FDF7F5FE21464F
:102C8000254411F8013B834203D1A942F9D1012027
:102C900038BD0020FCE738B50C460123114622461A
:102CA0000546FDF7FDFA00280FDB012221462846E4
:102CB000FFF7DEFF18B103230020237038BD23780F
:102CC000012B14BF02230123F6E70120F6E70000E1
:102CD00030B5C16885B0103921F00F040546FDF705
:102CE000C3FE102201466846FDF767FC10226846C5
:102CF0000649FDF785FC10236A4621462846FDF764
:102D000051FB003818BF012005B030BD0ECE010CBC
:102D10002DE9FF471D4606460F469046FDF731FC5C
:102D20006C1E044440420440102C1AD83046FDF773
:102D30009BFE82462A4641466846FDF761FC5146A5
:102D4000621B0DEB0500FDF738FC23466A46394649
:102D50003046FDF727FB003818BF012004B0BDE85E
:102D6000F0874FF0FF30F9E707B501238DF8042015
:102D700001AAFFF7CDFF03B05DF804FBC168012293
:102D8000203921F00F01FFF7EFBFC268203A22F08F
:102D90000F02FFF780BF000030B50D46C16887B055
:102DA000102302AA10390446FDF77AFA002802DA45
:102DB000012007B030BD1022204602A9FFF758FFBE
:102DC00000283AD110221E4902A8FDF7E6FB002890
:102DD0000CBF012302232B702046FFF735FF012390
:102DE00001460DF107022046FDF75AFA0028DFDB05
:102DF0009DF80730204603F00F021B096A702B7103
:102E000001220DF10701FFF733FF10B96B78042B96
:102E100003D901236B7000232B71E2682046203A0E
:102E200022F00F02103AA91CFFF735FF0028BFD18E
:102E30002046E91CFFF7A9FFBBE70323CBE700BF50
:102E40000ECE010C13B50C46C0B201A9FDF70AFA6B
:102E500050B921460198FFF79FFF04460198FDF7FE
:102E60001DFA204602B010BD0124FAE713B541EA6D
:102E7000021104468DF80710FFF7E6FE0123014614
:102E80000DF107022046FFF743FF02B010BD00001E
:102E9000F0B5044685B050B1012814BFFF200220D0
:102EA0006946FFF7CFFF20B1FF2005B0F0BD01203C
:102EB000F6E7002C41D0012C14BFFF20042002A90A
:102EC000FFF7C0FF012808D12146264805F012FD72
:102ED000254B029300238DF80C3000229DF80060F2
:102EE0009DF80870214D31462878FFF7B3FE50B3A6
:102EF00039466878FFF7AEFE28B3AB78042B03D0D1
:102F00009DF8031099421ED1EB78042B03D09DF855
:102F10000B10994217D12B79042B10D16B79023BFE
:102F2000DBB2022B1AD9124A1248214605F0E2FC04
:102F30006879831E022BB8D9B6E70320BFE79DF856
:102F400002109942EAD00132032A05F10605CAD1DE
:102F50000948214605F0CEFC0120A6E7074A52F8B1
:102F60002320E1E7B7C7010C03010303FCCD010CEB
:102F700021C6010CFEC7010C1FC8010CF0CD010CCD
:102F8000C1680122203921F00F011039FFF7ECBE92
:102F90002DE9F04FADF55F7D0E4615460446EB9FDB
:102FA00020B390F8C82005926FF000410022DFF8AE
:102FB000CC91CDE90812EA9AD9F800800392E99AF7
:102FC0000DF1400A0292E89A3146009220462A46C4
:102FD000CDF804A000F02EF950B1D9F80060FEF74A
:102FE000BBF830460DF55F7DBDE8F08F0590DBE75F
:102FF00027B1202251463846FDF702FB00230AAFD5
:1030000000932A464FF6FF7331463846FFF75CFAC5
:1030100082460028E1D1294620460F9EFFF779FB22
:10302000B042DAD346464FF0FF3401E04FF0010AD8
:1030300006AF0DF11C0B3A4659460DF11A030AA8CA
:10304000FFF78EFA0028C8DB40F08D80BDF81A30FB
:10305000232B64D024D8022B4CD0102BE8D1B7F806
:1030600000A0BAF1200FB8D153462846DBF8001073
:1030700018AAFDF715F90028AFD1FEF765F85246FA
:10308000074618A910A8FFF7B5FA82463846FEF79A
:103090007FF83B4B1B685345C8D09EE79846C7E76F
:1030A000502BC5D13B88042B97D12846DBF8001064
:1030B00009AAFDF7F5F800288FD1FEF745F808A911
:1030C00007460598FDF7D2FA83463846FEF760F8C2
:1030D0002B4BD3F80080D8457FF47FAFDDE9082182
:1030E0008A42A5D9D9F800309845D7D0254805F0AF
:1030F00001FC72E73B88B3F5CC7F3FF66EAF284604
:10310000DBF8001078AAFDF7CBF800287FF465AF54
:103110003A88059878A900F039F8044688E7002C29
:1031200081DB194B1B68A3427FF77DAF3B88B3F56A
:10313000C07F7FF452AF2846DBF8001018AAFDF7D5
:10314000AFF800287FF449AFFDF7FEFF00948346F7
:1031500020213B8818AA10A800F0F2F8064658462D
:10316000FEF716F85FE7BAF1010F7FF436AF044BB4
:103170001B6843457FF431AF31E700BF0C000430DA
:103180001000043053C8010C84CC010C2DE9F0412F
:103190004FF020080E461546C2B0044670220021AA
:1031A00026A8CDF80480FDF708FA702226A90AA8FF
:1031B000FDF726FA1B490AA800F044F92A463146D1
:1031C0000AA800F05AF90023424602A926930AA849
:1031D00026AB00F06EF901AF0AA800F019F92046FD
:1031E0003A4626A9FDF7A4FC044628B14FF0FF3467
:1031F000204642B0BDE8F081FDF7A6FF3A68804660
:1032000026A902A8FFF7F6F907464046FDF7C0FFDA
:10321000054B1B68BB42E9D1044B1E60044B1D608B
:10322000E6E700BF0900000210000430000004308F
:10323000B02004302DE9F04792467022B8B00DEB73
:1032400002000C46DDE9425700219946409EFDF7F9
:10325000B4F9702268460DEB0201FDF7D1F968461A
:103260001B4900F0EFF835B1002F04DD3A4629463E
:10327000684600F002F9002563892289D4F80C80A1
:1032800013449844454508D30024202268464199B8
:103290001CAB1C9400F00DF90CE0A8EB0507B7423D
:1032A00028BF37464A463B4629465046FCF7F8FFBA
:1032B000044630B1684600F0ABF8204638B0BDE8AF
:1032C000F0873A464946684600F0D7F83D44D9E7CA
:1032D0000900000270B514461D468AB058B390F834
:1032E000C83042B33DB3582673432C2606FB013148
:1032F00001444B8913B903200AB070BD012304A80F
:1033000000935023FFF7E0F80028F5D103460DF1B4
:103310000A0203A904A8FFF723F970B9BDF80A301F
:10332000042BE8D12A4620460399FCF7B9FF003860
:1033300018BF0120E0E70720DEE74FF0FF30DBE7B2
:103340002DE9F04F884600218BB091461D46149A16
:103350002A4BDFF8ACA053F8324003EBC2035B68A2
:103360001822074604A8D3F800B00391DAF80060E9
:10337000FDF723F94FF42052224B2146CDE90623D5
:1033800044F201035A46ADF8103004A803AB00F034
:10339000B3F8044620BBDDF80CB00146182204A89F
:1033A000FDF70BF9584604A900F0DAF818B9BDF892
:1033B00012400734E408A54212D1FDF7C5FE43468A
:1033C00004463A46CDE900950E49039800F028F9E5
:1033D00080B90D4B1E68FDF7BFFE2046FDF7D8FEF5
:1033E000039808B100F0C6F8FDF7B6FE30460BB002
:1033F000BDE8F08FDAF80060EDE700BF00000430B0
:103400000C0004300903000610000430002070474F
:1034100070B50546FDF798FE2C68064634B9FDF7F1
:103420009BFE3046FDF7B4FE204670BD012C06D150
:10343000281D00F0ADFA044600232B60EFE76FF083
:103440008804F9E7F8B505460C46FDF77DFE2F1D0B
:103450006C22002106463846FDF7AFF82146384673
:1034600000F0A8FA044608B901232B60FDF774FEAA
:103470003046FDF78DFE2046F8BDF8B505460F46EF
:103480001446FDF761FE064634B9FDF765FE304689
:10349000FDF77EFE2046F8BD2B68012B06D12246A3
:1034A0003946281D00F0B2FA0446EEE76FF08804B2
:1034B000EBE72DE9F04104460F4690461D46FDF727
:1034C00043FE00232B6023680646012B11D12B46B7
:1034D00042463946201D00F0ABFA05462046FFF76C
:1034E00097FFFDF739FE3046FDF752FE2846BDE84E
:1034F000F0816FF08805F1E770B544F201041E46D3
:10350000038823F44055A5421BD1CC8864BAA4B2E9
:1035100004F10054013CE400104DC5E900120146DD
:10352000182205F10800FDF76BF801232A6A6C8167
:10353000013242F000422A620020326085F82430D5
:1035400070BD03F4E043B3F5805F02D0B3F5005FD4
:1035500001D1D400E0E70024DEE700BFF031043001
:1035600008B5084618220249FDF74AF8002008BDB0
:10357000F8310430F0B5002887B005DB4FF4047251
:1035800000210D48FDF719F800266C460B4F314617
:103590001822684607F10805C7E90066FDF70DF82F
:1035A0000FCC0FC594E8030085E80300304687F888
:1035B000246007B0F0BD00BF18320430F031043091
:1035C0007047002818BF6FF083007047F0B544F2D1
:1035D000010EDDE90556DDE9077C048824F440543A
:1035E000744514D10D4C23F4FF7E2EF0010EA64538
:1035F00005D023F0FF0E04F58854A6450AD1CDE985
:10360000077CCDE90556BDE8F04000F01BBF6FF028
:103610008500F0BD6FF08600FBE700BF00020006EA
:1036200000287FB50C46154611DA0A48C668D0E96D
:103630000012360A0BD1099E00950396089E0830A9
:10364000CDE901362346FFF7C1FF04B070BD6FF02E
:103650008600FAE7F031043010B50A46044619B185
:10366000024B00211B68984710BD00BF20CE010C03
:1036700010B5044608B1FFF7EFFF2046BDE8104043
:1036800002F086BF01680E4A0346914215D1C16916
:10369000A2F11022A2F1EF1291420ED18268012A0A
:1036A0000BD8C26812B101698A4206D0586928B1A4
:1036B0009B691B1A5842584170470120704700BF50
:1036C00055AA00FF0E4B70B59E68B6B13046FFF7A5
:1036D000D9FF044618B9F3687BB935690DB920469E
:1036E00070BD2846FFF7CEFF28B9EB68B34204D17E
:1036F0002E462D69F2E70446F1E70124EFE700BF0B
:10370000283404302DE9F843404E3468D4B1B4680D
:10371000C4B1002877D0002975D001FB00F5B5FBB6
:10372000F0F088426FD1281D6DD8A9070DD025F083
:1037300003070437F46803E06368BB4207D2A46957
:10374000002CF9D12046BDE8F8832F46F2E7A368A4
:103750001BB12F4B01201B689847D4E905206168F5
:1037600004F12008C91B23291CD80123A360BAB186
:103770009061A36903B15A610023C4E90533336939
:10378000DA0706D5FFF79EFF18B10120204B1B6812
:1037900098472A46002140464446FCF70EFFD1E7F1
:1037A000F060E6E707F1200C04EB0C0320395960C8
:1037B0000021DFF860E0C3E902142169196144F8CF
:1037C0000CE0DFF854C0C3F81CC001B1CB60C3E902
:1037D0000520B2B193619A6902B15361236100235C
:1037E0004FF00109C4E905333369C4E90179DB0706
:1037F000CFD5FFF767FF0028CBD0054B48461B68A5
:10380000C6E7F360E7E700249CE700BF28340430F4
:103810001400043055AA00FF669911EE2DE9F0411D
:10382000054600287CD03F4F3B68002B78D0BA6813
:10383000002A75D0834203D87A681344984203D390
:10384000394B01201B689847A5F120042046FFF75B
:1038500019FF18B1344B01201B68984755F8183CE4
:10386000012B03D0304B01201B689847002355F8EB
:10387000146C45F8183CAEB1B26892B955F81C3CCE
:1038800003F1200273681344736055F8103C3361F0
:1038900003B1DE60204620220021FCF78EFE234685
:1038A00034461E462069002832D08368002B2FD171
:1038B000636842682033134463600369D4E90521D7
:1038C0002361DAB901BB426981696261A161EAB130
:1038D0009461A26902B1546103B1DC60202200212D
:1038E000FCF76BFE3B699B071AD5FFF7EBFEB8B1FF
:1038F000BDE8F0410C4B01201B6818479161A1699C
:103900000029E0D04A61DEE7F960F8E7FC60E0E713
:10391000002EE7D1FB68A36103B15C61FC60E1E7C5
:10392000BDE8F081283404301400043038B50D4669
:103930001422002104461248FCF73FFE11491248A8
:1039400002F02CFE232D1AD914F003031FBF043DEF
:10395000ED18C3F10403E4182A4600212046FCF7C1
:103960002CFE074B094AC3E900459C602260A2F186
:103970001022203DA2F1EF126560E261DC6038BDEB
:10398000283404301D38010C0537010C55AA00FFFE
:10399000036810B504462BB1054A934205D10430A3
:1039A00000F0DEFB0020206010BD6FF08800FBE718
:1039B00009000002F8B5076805460C4607BB124B24
:1039C000994213D1061D304600F0C6FB30463946F9
:1039D00000F0CCFB064628B92C603046BDE8F84024
:1039E000FFF7EFBD2846FFF7D3FFF6E701F0FE44EF
:1039F000B4F1007F14BF6FF086006FF08500F8BD52
:103A00006FF08800FBE700BF0900000210B5074B0C
:103A100004689C4206D1043000F0D6FBBDE810409B
:103A2000FFF7CFBD6FF0880010BD00BF0900000296
:103A30002DE9F0411F460478064644F0007404F175
:103A40007E44033C102C98BF104B884615468CBF13
:103A500000241C5D3A601AB121214046FCF7ADFDFF
:103A6000AC420DD832680A4B9A420CD14146301D07
:103A700000F0EAFBFFF7A5FD00B93C60BDE8F0816E
:103A80006FF08900FAE76FF08800F7E724CE010CA9
:103A9000090000022DE9F04F0D46D5B000F14403B6
:103AA00004934BAB059300F164030693DDE9043204
:103AB00053F8041F42F8041F06999942F8D10024D4
:103AC0000BAE09AF291904223846FCF799FD3B6873
:103AD00004341BBA402C46F8043FF3D197490DF14A
:103AE000280A5546DDE951EBDDE94C76DDE94E3239
:103AF0008C46DDF84C81DDF840910191A868DCF836
:103B000000104FEAF92484EAB91401448BEA0E004C
:103B100084EA796400EA090080EA0B002144014448
:103B200041444FEA773888EAB70888EAB7580A4428
:103B3000884447EA060107EA060019400143884421
:103B4000E868DCF804104FEA7834014489EA0E0092
:103B5000104080EA0E00594401444FEAF22080EA06
:103B6000B21080EA726084EAB804014484EAB8546E
:103B70000B440C4448EA070108EA070031400143BE
:103B80000C442869DCF808102035014482EA090059
:103B9000184080EA0900714401444FEAF32080EAAA
:103BA000B31080EA736001444FEA743080EAB400D5
:103BB00080EAB45001EB060E084448EA040108EA22
:103BC000040639403143084455F80C6CDCF80C10FD
:103BD0000CF1200C0E444E4482EA030909EA0E0956
:103BE0004FEAFE2189EA020981EABE1181EA7E617B
:103BF0004E440E444FEA703181EAB00181EAB0517F
:103C000006EB0709314444EA000604EA000706EA25
:103C100008063E43314455F8087C5CF8106C3E447D
:103C2000164483EA0E0202EA09025A4016444FEA99
:103C3000F92282EAB91282EA796216444FEA7132B5
:103C400082EAB10282EAB152B044324440EA01064B
:103C500000EA010726403E43324455F8047C5CF8F4
:103C60000C6C3E441E448EEA090303EA080383EA0F
:103C70000E031E444FEAF82383EAB81383EA7863FD
:103C80001E444FEA723383EAB20304EB060B83EA65
:103C9000B25341EA02043344044001EA02063443C9
:103CA00023442E685CF8084C344489EA080606EA86
:103CB0000B0686EA0906744434444FEAFB2686EA7A
:103CC000BB1686EA7B66344400EB040E4FEA733081
:103CD00080EAB30080EAB350204442EA03040C4077
:103CE00002EA0306344306196C685CF8040C2044AD
:103CF00088EA0B0404EA0E04484484EA08042044D9
:103D00004FEAFE2484EABE1484EA7E64204401EB78
:103D100000094FEA763181EAB60181EAB6510144E1
:103D200043EA0600104003EA060420430F181AA9CC
:103D3000A9427FF4E3AE3AA9079101E038CE010C25
:103D4000DAF84010DAF80C404FEAF14585EA71459F
:103D5000DAF8080085EA9125DAF82C100AF1200A31
:103D600001444FEAB44080EAF41080EAD4002944C8
:103D7000014403918BEA0E004FEAF92181EAB9115F
:103D800000EA090081EA796180EA0B0008440199A0
:103D900007EA0605096C08440399084440440244B4
:103DA0000292CAF8281047EA06024FEA773181EA00
:103DB000B7011A402A4381EAB7511144DAF82420A6
:103DC00001444FEAF24585EA72455AF8100C85EA3B
:103DD0009225DAF81020DDF808C014444FEAB0420A
:103DE00082EAF01282EAD0022C441444029A89EA50
:103DF0000E051540019A85EA0E05526CCAF82C4052
:103E00005A4422441544029A4FEAF22282EABC1232
:103E100082EA7C622A4403EB020B47EA01054FEA7F
:103E2000713307EA010C83EAB103354045EA0C051A
:103E300083EAB1532B441344039A5AF80CCC4FEA4B
:103E4000F24585EA724585EA9225DAF8142000EBFE
:103E500002084FEABC4282EAFC1282EADC02A84471
:103E60009044029A4FEA733589EA0200019A00EA07
:103E70000B00926C80EA09007244424410444FEAFD
:103E8000FB2282EABB1282EA7B62024441EA03001F
:103E900006EB020E85EAB30501EA0306384030431B
:103EA00085EAB355054415445AF8086CDAF8182029
:103EB0004FEAF44080EA744080EA94200CEB02045C
:103EC0004FEAB64282EAF61282EAD6020444144469
:103ED000029A03EA050C82EA0B0000EA0E00504049
:103EE000019ACAF83080D26CCAF834404A4422445D
:103EF00010444FEAFE2282EABE1282EA7E62024447
:103F000007EB02094FEA753043EA050780EAB5007E
:103F10000F4047EA0C0780EAB550384410445AF87D
:103F2000047CDAF81C204FEAF84C8CEA784C1644F2
:103F30004FEAB7428CEA982C82EAF71282EAD7025B
:103F400066441644019ADDF808C0126DCAF838605C
:103F5000324462448BEA0E0C0CEA090C8CEA0B0C1E
:103F600062444FEAF92C8CEAB91C8CEA796C9444CF
:103F70004FEA703282EAB00201EB0C0882EAB052DA
:103F800045EA00010292194005EA00021143029A33
:103F90000A444FEAF44181EA744181EA9421DAF853
:103FA00020406244DAF800C03C440C444FEABC4173
:103FB00081EAFC1181EADC010C4401998EEA0907CF
:103FC000496D07EA08072144594487EA0E070F4460
:103FD0004FEAF82181EAB81181EA7861394403EBAC
:103FE000010B4FEA723383EAB20383EAB25340EA29
:103FF000020702932F4000EA02031F43029BCAF804
:104000003C403B440B444FEAF64181EA764181EA69
:104010009621DAF82460DAF80470664431444FEAF5
:10402000B74686EAF71686EAD70631440291019927
:10403000DDF808C0896D89EA0806614406EA0B06C6
:10404000714486EA09060E444FEAFB2181EABB115E
:1040500081EA7B61314405EB010E42EA03064FEA37
:104060007335CAF840C0064002EA030C85EAB3057E
:1040700046EA0C0685EAB35535446E18DAF808109E
:10408000039D4FEAF44C3D444FEAB14787EAF117EC
:1040900087EAD1078CEA744C01998CEA942C654428
:1040A000C96D3D4488EA0B0707EA0E0729444944D5
:1040B00087EA08070F444FEAFE2181EABE1181EA30
:1040C0007E61394443EA060703EA0609174047EAD6
:1040D000090700EB010901984FEA763C20308CEA91
:1040E000B60C019007988CEAB65CCAF84450BC4400
:1040F000504501EB0C077FF423AE0AA8C0F810313D
:10410000C0E9001C029BC0F82481C0F80031C0F84F
:104110001421C0F8FC40C0F820B1C0F81CE1C0F880
:104120000C61C0F80451C0F81891C0F80871049AE5
:10413000059952F8043F049251F8042F1344049A4D
:1041400005911360069B9342F1D14FF49471FFF7F0
:1041500083FA55B0BDE8F08F68220021FCF72DBA34
:1041600010B16821FFF778BA70470000034608468F
:10417000C1B9C3E910110D4A0D49DFF838C0C3E9D0
:1041800012120D4A0D49C3E914C20D4AC3E91612B1
:104190000C4A1A6602F17452A2F52302A2F6924268
:1041A0005A6670476FF08600704700BF85AE67BBE8
:1041B00067E6096A72F36E3C3AF54FA57F520E51DD
:1041C0008C68059BABD9831F2DE9F04105460E464F
:1041D000144612B3036C03F03F079B18036422BF1D
:1041E000436C013343647FB1C7F1400842450FD3AC
:1041F00042463844FCF704FA29462846FFF74AFCB1
:1042000027444644A7F140043F2C09D82CB100278D
:1042100022463146E819FCF7F3F90020BDE8F081A9
:10422000374606EB0408394628464037FFF732FC8C
:10423000A8EB07033F2BF6D8A4F1400323F03F037C
:1042400040331E44E41ADFE773B50D468021036C4A
:10425000044603F03F035A1C382AC154104474D852
:104260000021C2F13802FCF7A8F9D4E91062730FFB
:1042700043EAC20304221BBA0DEB020104F1380029
:104280000193FCF7BDF90422F6000DEB020136BAEA
:1042900004F13C000196FCF7B3F921462046FFF7F4
:1042A000F9FB0422A36C0DEB02011BBA2846019313
:1042B000FCF7A6F90422E36C0DEB02011BBAA81867
:1042C0000193FCF79DF90422236D0DEB02011BBA4B
:1042D00005F108000193FCF793F90422636D0DEBDF
:1042E00002011BBA05F10C000193FCF789F90422C5
:1042F000A36D0DEB02011BBA05F110000193FCF751
:104300007FF90422E36D0DEB02011BBA05F11400E5
:104310000193FCF775F90422236E0DEB02011BBA21
:1043200005F118000193FCF76BF90422636E0DEBA5
:1043300002011BBA05F11C000193FCF761F920464C
:10434000FFF70EFF002002B070BDC2F14002002155
:10435000FCF733F921462046FFF79CFB3822002169
:10436000204680E738B503460C4620F4FF70194913
:1043700020F00100884215D0174823F0FF01814248
:1043800010D023F47F7525F00305A0F570608542F9
:1043900008D000F5A060814204D0002313706FF0B4
:1043A000850038BD13F0FF0018BF40F00070C0B2A8
:1043B0001070084A934207D00028F0D002F072F83B
:1043C00002F0DDF8A04201D10020EAE76FF086009C
:1043D000E7E700BF0002000600130006F8B5044638
:1043E0000E46012074211D46174602F0CBF82860C6
:1043F00020B304F4E04400F0AAF9B4F5E04F3A46E3
:104400003146286810D100F081FBFFF7DAF8044646
:1044100040B9286800F0B9F9C000B0F5805F06D94E
:104420006FF085042046F8BD00F0D8F9EDE7286864
:10443000043000F02FFE4307F4D0F1E76FF08C0456
:10444000F0E700002DE9F0411E46002386B00593F9
:10445000008805AB0D9FFFF7C1FF059D044678B9A5
:10446000394630460DF11302FFF77CFF044638B998
:10447000284600F08AF90F9B98420BD06FF0940405
:10448000284600F00AFB284602F082F8204606B0D3
:10449000BDE8F0811C4A26F4875323F01F039342A2
:1044A0002ED19DF8138001214246284600F059F98B
:1044B0000446D0B9154B26F0FF069E421DD0284673
:1044C00000F063F90238C01B03D4B842A8BF3846D5
:1044D00004460E9B3A46CDE90143414628460C9BD3
:1044E000CDF8008000F046FA044614F1960FC5D0CE
:1044F0002046FFF766F80446C2E74FF0FF34E8E7CE
:104500006FF08604BCE700BF00030006001300063E
:1045100008B501F0C7FFBDE8084002F030B82DE94A
:10452000F0478CB0054601A80E469046994601F02A
:10453000C1FF9DF8500001F0B5FF0746002854D098
:1045400001A801F0B7FF0022394601A801F0D3FF0E
:10455000044670B9384602F012F820222146074678
:1045600004A8FCF72AF8042221466846FCF725F83F
:1045700056B904A82021FFF76FF801A801F09EFFAB
:1045800020460CB0BDE8F087BE4201A8B24628BF65
:10459000BA4601F0CFFF30BB4A46414601A801F0C0
:1045A000D6FF00BB042269460DEB020001F0CFFFED
:1045B000C8B904A901A801F0D6FFA0B904AA05EB67
:1045C0000A018D4207D19DF80330A6EB0A0601339C
:1045D0008DF80330CCE715F8010B12F8013B43408E
:1045E00005F8013CEDE70446C3E76FF08604C7E732
:1045F0002DE9F0434FF0000987B007469DF83C00D5
:10460000884615461E46CDE9019901F04BFF044648
:1046100078B303A801F04EFF21464A4603A801F0F3
:104620006AFF0446F0B903A801F084FF0446C8B944
:10463000082201A903A801F08AFF044690B9424666
:10464000394603A801F083FF044658B9324629468B
:1046500003A801F07CFF044620B90E9903A801F0DD
:1046600082FF044603A801F029FF204607B0BDE8F9
:10467000F0836FF08604F8E738B5154601F087FA45
:10468000044638B90146284600F0CBFD002808BF93
:104690006FF08604204638BDF8B5054655F8047B12
:1046A000044628460E4600F0F9FC874216D12368DE
:1046B000B3F5C07F12D80021284600F0B2FD0028D3
:1046C0000CDD0021284600F0D5FC38B14EB90021A0
:1046D00004F10C0000F0A5FD00281FDC6FF086003F
:1046E0001EE004F11C050021284600F09AFD002878
:1046F000F4DD0021284600F0BDFC0028EED004F1D6
:1047000024050021284600F08CFD0028E6DD00216C
:10471000284600F0AFFC0028D9D1DFE70EB9002011
:10472000F8BD002104F12C0000F07BFD0028D5DD50
:10473000002104F1340000F074FD0028CEDD0021DA
:1047400004F13C0000F06DFD0028E8DCC6E710B580
:10475000742200210446FBF730FF0023C4E91B3319
:1047600010BD012938B50546144602D06FF09500FA
:1047700038BD22B901230020C5E91B34F8E71046F3
:1047800001F090FE0028F5D1F0E7006870470000C6
:1047900070B500210446FFF77FFF054610B10E4DAE
:1047A000284670BD261D304600F074FC7F28F6D9DF
:1047B0000C342946204600F05DFC0028EFD020464E
:1047C00000F068FC0128EAD93146204600F0E1FCFF
:1047D0000028E5DBE3E700BF00BEFFFF2DE9F34162
:1047E0008046061D304608F10C078D18009100F038
:1047F0006BFB384600F068FB30232946684601AA67
:1048000001F001FE044630B9DDE9003213449D4257
:104810000BD06FF08604304600F05BFB384600F0AA
:1048200058FB204602B0BDE8F081022329466846C5
:1048300001AA01F0E8FD04460028ECD1DDE90012F0
:10484000304600F031FC0028E3D1304600F026FC71
:10485000DDE900321344C8F8000000932946022322
:10486000684601AA01F0CFFD04460028D3D1DDE956
:104870000012384600F018FC0028CAD1DDE90032E9
:10488000404613440093FFF783FF04460028C0D13D
:10489000009BAB42C5D06FF06504BCE7F0B585B0B6
:1048A0000446FFF775FF20B901212046FFF7F4FE0B
:1048B00010B1134805B0F0BD04F10C0304F11C0560
:1048C00004F1240604F11407CDE9010000933246F7
:1048D0003B462946201D00F09BF90028E9D104F150
:1048E0003C03019304F1340300933A4631462846D1
:1048F00004F12C0300F054FA0028DBD0D9E700BF04
:1049000000BEFFFFF0B50C4685B0002105461646F7
:10491000FFF7C2FE58BB02A800F0D6FA21462A686B
:1049200002A800F0C1FB0446C0B92C1D214602A814
:1049300000F02FFC002817DA2A4602A94435234646
:1049400052F80C7B0846009501F017F9044628B987
:104950003A46314602A800F0BFFB044602A800F028
:10496000B8FA204605B0F0BD6FF08604F6E76FF0A8
:104970008604F6E72DE9F04F0D46EDB00CAE074684
:10498000904600214FF4C07230469DF8D8B1039391
:10499000FBF713FE15B9B8F1000F06D0039B23B93E
:1049A0006FF086006DB0BDE8F08F3C68A4F1100395
:1049B000B3F5B87FF4D8324638467899FFF7A2FFAE
:1049C0000028EFD104F1FF3916F80930BC2B02D0D2
:1049D0006FF09500E6E7002D57D15846FFF798FD98
:1049E00005460028DCD0381D00F054FB3278471E05
:1049F000C4F1010307EBC3031A41D1D1780718BFF3
:104A0000A14605F1020314BF34460DF131044B45B4
:104A1000C6D8A9EB0501013904EB010A2B46524621
:104A20002046CDF800B0FFF77AFD0028BAD1FF2369
:104A30003278C7EBC9073B41134033700AF1FF32AC
:104A400014F8013B611E8A4201D9002BF8D0012BDA
:104A5000BED1779AAAEB0403511C01D09342B7D17F
:104A600004AE224641460398CDF804B00096FFF705
:104A7000BFFD002896D12A4631465046FBF78DFDF2
:104A8000002818BF6FF094008CE72846FFF740FD20
:104A9000002885D08045A0D082E710B5044698B3A1
:104AA0005C3000F016FA04F1640000F012FA04F130
:104AB000440000F00EFA04F1140000F00AFA04F1C8
:104AC000240000F006FA04F11C0000F002FA04F1E0
:104AD0000C0000F0FEF9201D00F0FBF904F1540079
:104AE00000F0F7F904F14C0000F0F3F904F13C0098
:104AF00000F0EFF904F1340000F0EBF904F12C00C0
:104B0000BDE8104000F0E5B910BD0000F0B58D180B
:104B100085B0039106463023294602AA03A801F076
:104B200072FC044630B9DDE9022313449D4204D0EF
:104B30006FF08604204605B0F0BD294601AA03A8FF
:104B400001F0ACFC04460028F4D1019B002BEFD10E
:104B5000371D3A46294603A8FFF78EFD0446002874
:104B60004BD1384600F09AFA3246294642F80C0BEF
:104B700003A8FFF781FD044600283ED1294606F12F
:104B8000140203A8FFF778FD0446B0BB294606F1DE
:104B90001C0203A8FFF770FD044670BB294606F10E
:104BA000240203A8FFF768FD044630BB294606F13E
:104BB0002C0203A8FFF760FD0446F0B9294606F170
:104BC000340203A8FFF758FD0446B0B9294606F1A0
:104BD0003C0203A8FFF750FD044670B93368DB00C0
:104BE000B3F5805F0DD83046FFF758FE044658B93C
:104BF000039BAB429ED06FF065043046FFF74DFF3C
:104C000098E76FF08504F8E7004CF6E700BEFFFF79
:104C10002DE9F043884685B08146684615461E4614
:104C20000C9F00F051F902A800F04EF9B8F1000F06
:104C30002AD04DB3B9F1000F02D186BB002413E096
:104C40002A464146684600F0F7FB044660B9012158
:104C5000484600F0E6FA002805DD4946684600F0BF
:104C600098FA002877D04D4C684600F032F902A837
:104C700000F02FF924B114F5844F01D0A4F5844439
:104C8000204605B0BDE8F083B9F1000F01D0002E39
:104C900064D1B8F1000FD1D0002DCFD0CDE7002FD7
:104CA000CCD00121404600F0BCFA0028DBDD012118
:104CB000284600F0B6FA0028D5DD3A463146684667
:104CC00000F0BAFB04460028CED1012269466846AE
:104CD00000F09AFB04460028C6D10122414602A8F2
:104CE00000F092FB04460028BED16946684602AA3D
:104CF00000F036FE04460028B6D10146684600F0B2
:104D000090FA0028AFD13A463146684600F094FB4D
:104D100004460028A8D101226946684600F074FBC9
:104D200004460028A0D10122294602A800F06CFB0D
:104D30000446002898D16946684602AA00F010FE91
:104D40000446002890D10146684600F06AFA00281F
:104D50003FF474AF87E7002E3FF470AF002F98D078
:104D60000121304600F05DFA00287FF77CAF012179
:104D7000384600F056FA00287FF775AF49463046AE
:104D800000F007FA0028BFF66EAF4946384600F03B
:104D900000FA0028FFF67DAF65E700BF00BEFFFF09
:104DA0002DE9F043994685B00446DDE90C86684656
:104DB0000D46174600F088F802A800F085F8B9F112
:104DC000000F06D1B8F1000F2DD1002E46D10024DE
:104DD00002E05CB96FF08604684600F07AF802A839
:104DE00000F077F8204605B0BDE8F08301222146A7
:104DF000684600F009FB00284DD13A46494602A812
:104E000000F0FEFA002846D102A96A46084600F0E2
:104E1000A7FD00283FD1014602A800F002FA0028B1
:104E2000D0D0214CD8E7002DD4D0012229466846A5
:104E300000F0EAFA78BB3A46414602A800F0E0FAF0
:104E400048BB02A96A46084600F08AFD18BB014625
:104E500002A800F0E6F90028B7D0E2E7002CB9D0AC
:104E6000002DB7D02A463146684600F0E5FA90B9E1
:104E700001226946684600F0C7FA60B922466946D1
:104E8000684600F06DFD30B90146684600F0C9F98A
:104E900000289CD0C5E710F5844FC2D010F1870FD1
:104EA00098D0A0F5844497E700BEFFFF054B013181
:104EB0001B680132434022EA030208400243501EAD
:104EC00000B27047B420043000220123C0E900235F
:104ED000704710B5044648B1006818B1E1888900F0
:104EE000FEF7C6FB00220123C4E9002310BD42F2F5
:104EF0001073994270B504460D4602D96FF08C00CC
:104F000070BDC3888B4201D30020F9E704212846F5
:104F100001F038FB06460028F0D0216841B1E28854
:104F20009200FBF76DFBE18820688900FEF7A0FB8B
:104F3000E5802660E8E738B504460D4619B9FFF765
:104F4000C8FF002038BDC2888A4207D1002100680E
:104F50009200FBF732FB0123A380F2E7FFF7B9FFD2
:104F600029462046BDE83840FFF7C1BF42F2107322
:104F7000994270B50A46054602D96FF08C0070BDA3
:104F8000C3888B4207D8BDE87040FFF7B0BF2968DF
:104F900051F8231011B9013B002BF8D15C1C94424D
:104FA00038BF14460421204601F0ECFA06460028DA
:104FB000E3D0296839B1A200FBF722FBE988286811
:104FC0008900FEF755FB0020EC802E60D7E7884271
:104FD00070B505460E4609D0C98849B9C2882AB1BC
:104FE0000123920083800068FBF7E7FA002070BD80
:104FF0004C1E74B9EA88B6F904300134A242AB8081
:105000000ED221462846FFF772FF88B16FF08C0060
:10501000EDE7336853F82430002BEBD1013CE8E78F
:105020002868121B0021920000EB8400FBF7C5FAF0
:1050300031682868A200FBF7E3FAD7E770B50C46A1
:1050400001210546FFF753FF064688B9EA88014665
:1050500092002868FBF7B1FA84EAE472A2EBE472EA
:10506000E40FC4EBC4342B68640001341A60AC80D4
:10507000304670BDC388B1EB431F3FBF03684A0988
:1050800053F8220001F01F013ABFC84000F00100B0
:1050900000207047C188006800F0B2BD08B5FFF776
:1050A000F9FF0730C00808BD70B50E4612F00301C5
:1050B00018BF012101EB920105461446FFF73BFFA3
:1050C00038B923463246E9882868BDE8704000F0C8
:1050D000D1BD6FF08C0070BD13460A46C1880068D0
:1050E00000F0EDBD38B504460D46FFF7D3FFE38869
:1050F0002844B0EB431F06D820682A46E18800F018
:1051000048FE002038BD10F01F0118BF012101EB3F
:1051100050112046FFF7EBFE0028EDD06FF08C0019
:10512000F0E70A46C18808B511B1006800F0F9FD42
:10513000002008BD10B5C38823B9CA885AB9ABB1DD
:10514000012017E0026802EB830252F8042C002AC7
:10515000F3D1013BF0E70C6804EB820454F8044CF3
:105160000CB9013AEAE79A42EAD30FD8013B5A1C3C
:1051700001D1002010BD026852F823400A6852F89D
:1051800023209442DCD803F1FF33F0D24FF0FF30FC
:10519000F0E730B5C38823B9CA885AB9002B3DD18E
:1051A00036E0026802EB830252F8042C002AF3D1A5
:1051B000013BF0E70C6804EB820555F8045C4DBB3D
:1051C000013AEAE7B1F9045003D2B1F904004042D0
:1051D00026E0B0F90420002A03DD002D0CDA0120BE
:1051E0001EE0002D08DD3AB14FF0FF3018E003F16A
:1051F000FF330BD2504213E0013B016851F82350BA
:1052000054F823108D42F2D9104609E0591CF4D10C
:10521000002005E0002BD8D09342D3D9B0F9040088
:1052200030BD1FB581EAE173A3EBE1730193012364
:10523000C90FC1EBC13149000131ADF80C10ADF817
:105240000E3002A901AB0293FFF7A3FF05B05DF892
:1052500004FB90422DE9F04106460F46144602D069
:10526000884206D127460123FC88B3804CB9002030
:1052700005E0FFF7ACFE0028F4D06FF08C00BDE82D
:10528000F0813B684FEA840803EB840353F8043C45
:105290000BB9013CEAE721463046FFF728FE00281B
:1052A000EBD1356823463A682946284600F0A7FD29
:1052B000074605EB0803002FD9D0F288651CA242EF
:1052C00008D829463046FFF712FE0028D5D13368AA
:1052D00003EB84031A682C46D2192CBF0127002740
:1052E000003F18BF012743F8042BE4E72DE9F04104
:1052F00005460E469046D4886CBBF1882846FFF7D9
:10530000F6FD0746002842D1F288A2420BD9AE42F0
:1053100009D031682868121B920001EB840100EB70
:105320008400FBF76DF9EA88F088824207D92B6880
:10533000121A0021920003EB8000FBF73EF9D8F827
:10534000002023463168286800F070FD024698B9B5
:105350000123AB800DE0D8F8003003EB840353F851
:10536000043C0BB9013CC7E7F188A142C6D26FF0FB
:1053700009073846BDE8F0812968EB8801EB840114
:1053800008461B1B00F0D6FF0028E1D0EFE76FF0C6
:105390008C07EEE72DE9F843B2F904C0B1F90440F7
:1053A000054604FB0CFC67467B430E4691461DD523
:1053B00011463046FFF7BEFEB0F1FF3F80460CD0ED
:1053C0004A4631462846FFF791FF68B9B8F1000F09
:1053D00008BF01240020AC8006E032462846FFF7D3
:1053E00085FF08B96442AC80BDE8F883FFF731FF60
:1053F0000028EFD06FF08C00F6E70123FFF7CABF5B
:105400004FF0FF33FFF7C6BF1FB582EAE273A3EB8D
:10541000E27301930123D20FC2EBC2325200013278
:10542000ADF80C20ADF80E3002AA01AB0293FFF7E5
:10543000E7FF05B05DF804FB2DE9F04701231446B2
:10544000002286B0884206460D46CDE90223CDE90A
:10545000042310D102A8FFF7BAFD58B16FF08C09F0
:1054600004A8FFF736FD02A8FFF733FD484606B053
:10547000BDE8F08702ADA64206D1314604A8FFF789
:10548000A6FD0028EAD104ACEF884FBBB7FA87FA33
:10549000B4F806804FEA5A1AB8F1000F29D108EB88
:1054A00007013046FFF723FDB8F1000F08BF4AF0AF
:1054B000010A01460028D1D13046FFF7BFFD8146E1
:1054C0000028CBD1CDF800803A462368296830689F
:1054D00000F098FDBAF1000F15D00123B380BFE7AB
:1054E0002B6803EB870353F8043C002BCED1013F1C
:1054F000CBE7236803EB880353F8043C002BCED1A1
:1055000008F1FF38C8E7AB88A28853439BB2E5E7B0
:105510002DE9F34104460F461546CE8836B13B6867
:1055200003EB860353F8043C3BB145B90021204608
:1055300002B0BDE8F041FFF781BD013EEEE7204635
:10554000711CFFF7D4FC28B16FF08C08404602B004
:10555000BDE8F08139462046FFF739FD8046002836
:10556000F2D1013D009533463A68E188206800F0A9
:105570008DFCEBE72DE9F04F99B0CDE90210002149
:10558000184601920593FFF74CFE002800F0E581D4
:105590004FF001098D4B05991493019815ABADF8A7
:1055A0003090ADF83890CDF84090CDF848901393F6
:1055B000FFF7C0FD01301ED1039B33B9029B9BB99D
:1055C0000023184619B0BDE8F08F00210398FFF7BB
:1055D00035FD0028F2D00024A046A24627462646E4
:1055E00000946FF08C03D4E0DDE90110FFF7EFFCCD
:1055F0000028F0D1E4E7002501990BA80B95ADF840
:105600003250FFF7E4FC0B9E0446BDF832700028D0
:1056100040F09C810D90ADF83A0005990DA8FFF778
:10562000D6FCDDF834A00546BDF83A80002840F0ED
:105630009281019B0F90D9880FA80231ADF8389064
:10564000ADF83090FFF753FC044618B10F9B2C4681
:105650000093C6E701460FA8FFF7F0FC0F9B0093ED
:105660000028BED1019B1190D98811A80231FFF703
:105670003EFC119C83460028B3D10DA8FFF70AFD1C
:1056800000F01F001F286FD0C0F11F0319460BA8A0
:105690000493FFF727FD0B9EBDF832700028A0D1C0
:1056A00004990DA8FFF71EFDDDF834A0BDF83A807F
:1056B000002896D1C1463D46A7EB080B4FEA4B1395
:1056C00019460DA8CDF834A0ADF83A800793FFF73E
:1056D00009FDDDF834A0BDF83A80002881D1009B97
:1056E00003EB8B0B0DA90BA80B96ADF83270CDF820
:1056F00034A0ADF83A80FFF74CFD002839DA09F103
:10570000FF3307990DA80693FFF70BFD09F1FF334F
:105710000AEB8303079309F18043023B0AEB8303FF
:1057200005F1FF3B05F180450993013D009BA5EB89
:10573000090503EB8505069B9B4549D8039B6BB187
:1057400018460FA9FFF743FC00287FF44AAF019BDE
:10575000059A9B8892885343039A9380029B002B5F
:1057600040F0D780002314E0C1463D46CDF810B08C
:10577000A2E7DBF800300BA90133CBF80030084674
:105780000DAAFFF73DFE0B9E0346BDF832700028C0
:10579000A8D00BA801930B96ADF83270FFF799FBD8
:1057A0000DA8CDF834A0ADF83A80FFF792FB009B2E
:1057B0000FA80F93FFF78DFB11A81194FFF789FB3A
:1057C0000C2115A8FDF748FF019BFAE60100030034
:1057D000079B56F82B101A684FEA8B09A9F10400B1
:1057E0003318914208934AD20023305806F0D6F974
:1057F000002914BF4FF0FF330346BBF1010F2B60AC
:105800000EBF0023B14459F8083C1593089B1B6850
:10581000169306EB8B031B6817932B6801332B60E1
:105820002B680021013B2B6011A81194FFF706FCA7
:10583000119C00287FF4D5AE069B1BB3099B1B6807
:105840002360079B11A91B68084663602A68FFF75D
:105850005FFE119C00287FF4C4AE13A911A8FFF7C6
:1058600098FC0028DCDC2A680DA911A8CDF834A02A
:10587000ADF83A80FFF74CFE30B1119CB1E64FF025
:10588000FF33BAE7069BDBE76FF00703009A4FEAA6
:10589000C50902FB039911A84946FFF723FC119C97
:1058A00000287FF49EAE0BA9084611AA0B96ADF80E
:1058B0003270FFF7A5FD0B9E0346BDF8327000283D
:1058C0007FF467AF01460BA8FFF7ABFC00281CDA9A
:1058D0000DA911A8FFF77BFB0028CED1494611A8DE
:1058E000FFF700FC119C00287FF47BAE0BA9084653
:1058F00011AAFFF782FD0B9E0346BDF83270002807
:105900007FF447AF2B68013B2B600BF1FF3B043D5D
:1059100011E704990BA80B96ADF83270FFF701FC64
:10592000019B0BA99B880298ADF83030FFF74FFB25
:10593000014600287FF455AE0298FFF772FC00285C
:105940007FF410AF0123029A93800BE72C46A84600
:10595000AA46009545E6009443E66FF00B0330E657
:1059600070B504460D46104600211646FFF759FC57
:10597000002824DB2A46334621460020FFF7FAFDA3
:10598000054638B1284670BD324621462046FFF70D
:1059900034FD90B900212046FFF743FC0028F3DBDB
:1059A00031462046FFF7F5FB0028EBDB3246214667
:1059B0002046FFF725FD0028F2D00546E2E76FF00C
:1059C0000905DFE72DE9F04F8BB00646DDE91457F6
:1059D0008B462846002191460793FFF722FC0028BA
:1059E00005DC6FF0860420460BB0BDE8F08F2B6815
:1059F0001B68D907F5D500214846FFF712FC00289F
:105A0000EFDB4846FFF746FBB0F5406FE9D8284684
:105A1000FFF740FBB0F5406FE3D8B9F8061031B995
:105A2000012130460BB0BDE8F04FFFF707BBE88817
:105A300000F054FC0421069000F0A4FD80460028EC
:105A400000F0988000220123CDE9082317B13B68BC
:105A5000002B68D10DF1200A2946504600F024FCA5
:105A60000446002866D11FB19AE8030087E80300C6
:105A700059463046FFF7ABFA002859D10123294691
:105A80003046B380FFF785FB002867DA3046E988A7
:105A9000FFF72DFA044600284AD1286800F0D3FA0F
:105AA000089BCDF80880CDE900033168EB882A68AF
:105AB0008246084600F05EFCEB883168D9F80000A9
:105AC000B9F806C00593DDE9073EB3F12A3F2A681D
:105AD000059BCDE9000CCDE902E8084647D100F06E
:105AE00018FCCDE900A83168EB8808462A6800F068
:105AF0004DFCBBF904A0BAF1FF3F1BD1D9F800302F
:105B00001B68DB0716D5F188306800F027FC0122FE
:105B10005146FFF7CBF93246B08029463046FFF7B1
:105B20006CFC044606E03846E988FFF7E0F978B1F6
:105B30006FF08C04069B40469900FDF799FD1FB15C
:105B40003B68002B7FF44FAF08A8FFF7C2F94AE784
:105B50000AAB97E8030003E9030089E72A463146C8
:105B60003046FFF7FDFE044600288FD0E2E700F044
:105B7000C0FBB6E76FF08C0435E713B5049CCDE9A4
:105B800000344FF02A33FFF71DFF02B010BD37B5C8
:105B90000223154601AA044600F035FC40B9019ADB
:105BA00028462168FFF780FA2368019A134423608E
:105BB00003B030BD044B1B68584043085B42404271
:105BC0001843C017704700BFB420043010B50B4C09
:105BD000226823684240594081EA0200C00FFFF763
:105BE000E9FF2368521A434022EA030208401043A7
:105BF000C00FBDE81040FFF7DDBF00BFB420043088
:105C00000139002901DA0020704750F82130002BBB
:105C1000F6D0B3FA83F00131C0EB4110704739B1CF
:105C200001F18041013900EB81018142034600D23C
:105C300070471B680A681BBA12BA40F8042B41F877
:105C40000439F2E78842F0B504D00025084F043843
:105C5000AA4200D1F0BD3E6850F8044F5E4024EAED
:105C6000060451F8256001351E4034430460EFE717
:105C7000B42004302DE9F0411C4613F0030318BF93
:105C8000012303EB94038B4206460D46904613D83E
:105C900079B18F003A460021FAF78FFC2CB1381BFE
:105CA000224641463044FAF7ABFC29463046FFF71E
:105CB000B6FF0020BDE8F0816FF08900FAE7B3EB92
:105CC000810F70B504464FEA8105104619D95A1B59
:105CD00086180021FAF771FC30462B460021C218C5
:105CE0008B4210D1002070BD22F00301615802F0F8
:105CF0000306F600F140C9B281B90132AA42F3D3DA
:105D0000ECE71A46FAE721F00300205801F00305FA
:105D1000ED00E84002F8010D0131E1E76FF0890084
:105D2000E1E753098B42F0B402F01F0401D805D11A
:105D30003CB3F0BC8A000021FAF73FBC1F2A22D8EE
:105D400034B1002200EB8101C4F1200681420FD161
:105D5000F0BC704752F8047B45F8047FB242F9D199
:105D60000022CB1A8B42EBD240F823200133F9E713
:105D700051F8045D25FA04F313430B6005FA06F2AB
:105D8000E4E71F2AE4D900EB8302051F00EB81063C
:105D9000E4E71F2AF0B54FEA521402F01F0512D9AA
:105DA0006FF003060B4606FB04069C4203F1FF322C
:105DB00012D3631A8C4288BF002300220B4400EBED
:105DC000830383420ED135B1002200EB8400C5F17C
:105DD00020078C4209D3F0BD56F8223040F822301B
:105DE0001346E2E743F8042DEBE70668013406FAB0
:105DF00005F3134340F8043B26FA07F2E9E7F0B550
:105E00000024844620469C4200D1F0BD51F8245025
:105E100052F824702E182CBF01250025BF194CF80C
:105E2000247045F100000134EDE700002DE9F74F43
:105E300000258046894692462C46DFF84CB09D42AC
:105E400003D1204603B0BDE8F08F59F82560214604
:105E500030460193FFF7BAFE361B5AF82510074665
:105E60003046DBF800200091FFF7B0FE009900F00B
:105E7000010407F00107761ADBF80020019B48F8BF
:105E800025603C440135DAE7B42004308B422DE92B
:105E9000F84328BF0B46DE08A1EB030803F007090F
:105EA000844615460346B6460021089C0EF1FF3E87
:105EB000BEF1FF3F03F1200305F1200514D102EBF1
:105EC00046104FEA89050CEB461600EB8907ACEB50
:105ED0000202B84279D14A4C2E44B8F1000F40F08A
:105EE00083800846BDE8F88355F8207CA7FB047042
:105EF000CF1953F8201C40F10000CF1943F8207C43
:105F000055F81C1C40F10000A1FB0417401853F881
:105F10001C1C47F10007091843F81C1C55F8181CF5
:105F200047F10007A1FB04107F1853F8181C40F13B
:105F30000000C91943F8181C55F8141C40F1000062
:105F4000A1FB0417401853F8141C47F10007091867
:105F500043F8141C55F8101C47F10007A1FB04106E
:105F60007F1853F8101C40F10000C91943F8101CA9
:105F700055F80C1C40F10000A1FB0417401853F821
:105F80000C1C47F10007091843F80C1C55F8081CB5
:105F900047F10007A1FB04107F1853F8081C40F1DB
:105FA0000000C91943F8081C55F8041C40F1000012
:105FB000A1FB0417401847F1000153F8047C3F1877
:105FC00041F1000143F8047C70E784465CF8043B2F
:105FD000A3FB043ECB1881584EF1000ECB18835022
:105FE0004EF10001604674E7306808F1FF3808445C
:105FF00046F8040BFFF7EAFD236800F001016CE7A7
:10600000B42004302DE9F347DDF8289015464A44C2
:106010000F4692000021064698460024FAF7CDFA72
:1060200005F1010A4C4502D102B0BDE8F08758F8ED
:10603000243006EB840000933A462B465146FFF786
:1060400025FF0134EEE70068831C5B0003F00803C2
:10605000034403FB00F2C2F10202534303FB00F2CC
:10606000C2F10202534358430238584370472DE9A6
:10607000F04F87B0139D00242E460493109B914649
:106080000293DDE911834FEAC80283468A46284617
:10609000002104320593FAF790FA08F10203039302
:1060A000444516D105EB840523462946029A5846F5
:1060B00055F82470FFF7BAFE7840FFF77BFD2A46BB
:1060C00000235946A600109607B0BDE8F04FFAF736
:1060D00031BD5AF82430D9F800203768304602FB29
:1060E0000377059A0399574300934A46049BFFF7A9
:1060F000CDFEDDE90221304643460097FFF7C6FE9C
:1061000004360134CCE700002DE9F04F8DB01D4678
:10611000189B8346B3F12A3F8A46179F1A9E059221
:1061200040F08D8039461698FFF76AFD012838BF88
:106130000120470900F01F047B01502B34BF0123CD
:106140000323012B0A930CBF022308230B930A9B02
:10615000059805FA03F306EB8303069303EB850327
:106160000793FFF770FF4FEA850842460021089029
:106170003046FAF722FA01233360079B3146039336
:10618000089B3046CDE90153059B199A009306EB15
:1061900008092B46FFF76BFF514642464846FAF77F
:1061A0002FFA0223494609930B9B099A934248D13F
:1061B000424631465846FAF723FA4FF00009CA46DC
:1061C000079B5A460393089B5946CDE90153059B0B
:1061D000584600932B46FFF74AFF002C47D11F2457
:1061E000013F169B0AF1010A53F82730E34003F000
:1061F000010343EA49090A9B534503D0002CDFD130
:10620000002FDDD1189BB3F12A3F32D1424609FB62
:1062100008610698FAF7F4F9079B59460393089B1F
:106220005846CDE90153059B069A00932B46FFF78C
:106230001EFF002CC1D1BFB90DB0BDE8F08F002406
:106240007AE7079B01EB080A0393089B4A46CDE9CE
:106250000153059B504600932B46FFF708FF099B0F
:106260005146013309939FE7A146A246A8E7013CA6
:10627000B7E731464FF0000A0A4B2A4618681B68F8
:10628000584080EA090080EA0A00FFF793FCC34304
:106290000698FFF7D7FC099B0AF1010A53454144D0
:1062A000EAD1B9E7B420043038B50D4601210446DF
:1062B000FEF7C4FE88B9E98820468901FEF712FF7F
:1062C00058B92A4621462046FFF74AFB28B92046FE
:1062D000E988BDE83840FEF749BE38BD490150297C
:1062E00034BF01220322012393400333584301307A
:1062F000704710B586B00B9C04940A9C039400244C
:106300000294099C0194089C0094FFF7FDFE06B0DE
:1063100010BD10B586B00B9C04940A9C03944FF0FA
:106320002A340294099C0194089C0094FFF7ECFE27
:1063300006B010BD70B50646002410469C4200D140
:1063400070BD51F82420151A34BF01220022101EFE
:1063500046F8245018BF01200134EFE7034600EB54
:10636000810100208B4201D1FFF724BC53F8042B9C
:106370001043F7E71FB5089C00920394069C079A08
:10638000CDE90134FFF773FE04B010BD30B51C46F3
:10639000012387B00B9D009203950A9D05AACDE9C4
:1063A00001450593FFF763FE07B030BD036870B584
:1063B000CD1A002D02DC6FF05F0070BD93F9006014
:1063C0001C78002E0ADB5C1C04601B7813600368D9
:1063D000C91A13688B42EED80020EEE704F07F0460
:1063E000661E032E0CD8A542E5DD00250133013CD5
:1063F00015600360EBD313F8016B46EA0525F6E759
:106400006FF06300D9E770B404680E1B002E07DD3F
:1064100026789E4208D10134046070BCFFF7C6BFE5
:106420006FF05F0070BC70476FF06100FAE773B502
:106430001D46134601AA0446FFF7E5FF18B9019A65
:106440001AB96FF0630002B070BD236893F9003091
:10645000002BF6DB014623681E7846B1E1B9042A19
:10646000EFD80BD193F90030002B07DAE9E70133BD
:10647000013A4FF001012360EDD1019200232B601E
:10648000019B013BDFD322682E6812F8011B41EA11
:10649000062129602260F4E70192E0E71346022218
:1064A000FFF7C5BF0928024818BF0020704700BF8A
:1064B00038CF010C0C220021FAF77FB810B5044642
:1064C000C0B10368B3B1406838B11B78092B01D162
:1064D000FDF746FE606800F05BF8A06820B1236815
:1064E00099784900FDF7C4F82046BDE810400C211A
:1064F000FDF7B2B810BD38B51546044618B96FF0AF
:106500008605284638BD0029F9D00023C0E90013CC
:106510008360002AF3D10B78092BF0D16821012088
:1065200000F030F8606010B1FDF716FEE9E76FF09B
:106530008C05E6E740B1036833B11B78092B03D122
:1065400000214068FDF712BE6FF08600704738B139
:1065500003682BB11B78092B02D14068FDF734BECC
:106560006FF08600704738B103682BB11B78092B98
:1065700002D14068FDF768BE6FF08600704700B139
:1065800040787047014B1B68184700BF1C0004305F
:10659000014B1B68184700BF18000430024B1860FD
:1065A000024B0020196070471C00043018000430B2
:1065B000464A136B23F4807323F0010343F4807382
:1065C0001363136943F03003136153691807FCD553
:1065D0003F4B1A6922F4FE0242F480021A611A68E3
:1065E00022F018021A601A6842F001021A601A6852
:1065F0009107FCD537490A6822F00F0242F00502E4
:106600000A609A6A22F0030242F001029A629A6AD0
:1066100042F480329A629A6A42F400329A629A6A2A
:1066200042F480229A629A6A22F010029A629A6A6E
:1066300022F00C0242F008029A629A6A22F02002CA
:106640009A629A6A22F47C5242F400629A625A6B0D
:106650006FF3080242F03B025A635A6B22F47E4207
:1066600042F400725A635A6B22F4FE0242F4803202
:106670005A635A6B22F0FE4242F080725A631A68E3
:1066800042F080721A60124B1A689201FCD51A6AA5
:1066900022F00F021A621A6A22F070021A621A6A53
:1066A00022F4E0621A621A6A22F4E0421A62DA699B
:1066B00042F00302DA61064BDA6902F01802182A86
:1066C000FAD11A6842F480521A60704700080254E6
:1066D000000C02540020025008B501F08FFB18B1E5
:1066E000BDE8084006F07CBD08BD00001FB51D4B8D
:1066F0001B6801931C4B5B6802931C4B5B68039304
:10670000019B029B039B00F031FC01F04DFCFFF765
:10671000E3FF01F0CDFB20B1154802F0EBF806F0E5
:106720005FFDFAF76DF920B1124802F0E3F806F0C8
:1067300057FD002400F026F800F0FEF80E4B1C6018
:1067400000F020F800F0F8F80C4B20469B689847C2
:1067500020B10B4802F0CEF806F042FD002004B054
:1067600010BD00BF0080020C00E0020C00E0000C35
:10677000C0C8010CE2C8010C4034043094CF010CB5
:106780000FC9010CF7B5624C236883B9614BD3F88C
:10679000882042F08072C3F888204FF40022D3F89A
:1067A000883003F080730193019B5B4B9A612068F2
:1067B00000286DD1594B5A49D3F8D02022F001025C
:1067C000C3F8D0200A680130C3F8D8204A681031D5
:1067D00022F01F02C3F8DC2011F8045C51F8082CE9
:1067E000003D18BF012522F01F0242EA450242F097
:1067F00001020428C3F8E020E4D1BFF34F8FBFF3B8
:106800006F8FD3F8D02042F00102C3F8D020236864
:10681000D3B94022434844497F25C0E90012F922F8
:10682000C0E90433C0E90252C0E90633036201F053
:106830006BFA08B106F0D4FCFF213A4801F0BAFA2D
:106840003A49384801F0CCFA2368002B4FD1012097
:1068500000F05CFF2268002A50D12E4B0520D3F8AF
:10686000881041F40031C3F88810D3F888301146FD
:1068700003F400330093009B01F0F8F8052001F0C9
:1068800025F92B4A536C43F00203536403B0F0BD67
:106890000027234D214E2B68C6F8D830D6F8D800F3
:1068A000D6F8DC208342D6F8E01011D16B6823F0D3
:1068B0001F0393420CD12A7BAB68003A18BF012218
:1068C00023F01F0343EA420343F001038B4201D04C
:1068D00006F086FC0137042F05F11005DBD10F4BC4
:1068E000D3F8D030DE0792D406F07AFC8FE700F0C0
:1068F00017FF0128AED006F073FCABE70C4B5B6CC6
:106900009B07C3D403B0BDE8F04006F069BC00BFEC
:1069100040340430000C02540024035000ED00E029
:1069200054CF010CCC340430007800540000FF5DDB
:10693000006002507047000073B501230226744CBA
:10694000744D20466361266200F074FE28466E6135
:1069500000F070FE002323602B60236903F07F4367
:10696000B3F1344F04D06C4801F0C4FF06F038FC9A
:10697000E368002B04DA694801F0BCFF06F030FC44
:10698000E36803F07F53B3F1345F04D0644801F04F
:10699000B1FF06F025FC616A624B994207D062485C
:1069A00001F0A8FF614801F0A5FF06F019FCD4E949
:1069B0000F320BB9432A11D000215D4800924322C7
:1069C00001F098FF5B4801F095FF43234FF0000C66
:1069D000C4E90FC3236843F400732360D5E90F3281
:1069E0009A420CD300927F210022534801F082FF8B
:1069F0007F260023C5E90F634FF400732B60D4E9B1
:106A00000632012B01D11C2A0ED01C214B4801F06B
:106A100071FF1C230120C4E90603494801F06AFF05
:106A2000236843F001032360D4E90C320BB9132A25
:106A300010D0002143480092132201F05BFF42482E
:106A400001F058FF13230021C4E90C13236843F01D
:106A50004003236023691A0704D53C4801F04AFF2C
:106A600006F0BEFB23695B0604D5394801F042FFFE
:106A700006F0B6FB23682A68134323D000F020FBFE
:106A800000F040FB236843B1214800F043FC20B1F3
:106A9000304801F02FFF06F0A3FB2B6843B11D48DF
:106AA00000F038FC20B12B4801F024FF06F098FBE1
:106AB00000F0E4FB20B1284801F01CFF06F090FB39
:106AC00001F012F8A16AC32907D0244801F012FF8F
:106AD000234801F00FFF06F083FB6368B3F56D4FA9
:106AE00013D0B3F5B85F10D0B3F5385F0DD0B3F560
:106AF000464F0AD0B3F5E44F07D0B3F5B84F04D0F2
:106B000002B0BDE8704006F06BBB02B070BD00BFC4
:106B100088340430443404303AC9010C56C9010C9D
:106B200085C9010C0000010CB3C9010CC3C9010CDB
:106B3000EBC9010C18CA010C53CA010C80CA010C24
:106B4000B4CA010CE7CA010C17CB010C49CB010CEC
:106B500075CB010C96CB010CBCCB010CDECB010C30
:106B6000EECB010C042A09DB0B68036000F1040082
:106B700001F10401A2F10402042AF5DA002A09D085
:106B80000B78037000F1010001F10101A2F1010293
:106B9000012AF5DA70470000044B82B0186883B20E
:106BA0006FF30F00184302B0704700BFD8CF010C3D
:106BB0000C20704700207047012805D902280CBF1F
:106BC00000206FF0040070476FF0030070476FF013
:106BD00003007047014B1868704700BFFC34043055
:106BE00000487047C0CF010C08B54FF47A7000F030
:106BF0009BFA002008BD00000C4B70B55A6992B199
:106C00001C69002301390144151DA34201D1002054
:106C100070BD52F83360864203D855F83360B142F4
:106C200001D90133F1E70120F2E700BF4000043051
:106C30002DE9F0411446204B96001A78074622F0C1
:106C400002021A70421E02EB8402B2F5001F0D46CA
:106C500011D31A4A94693CB16FF004001A7842F0DB
:106C600002021A70BDE8F0813246FF212846F9F78A
:106C7000A4FC2046F6E70023DFF844803146C8F83C
:106C80000030FFF7B9FF324690B107F14061284666
:106C9000FFF768FFD8F8003023B1324600212846BC
:106CA000F9F78BFC002324F04040C8F80030D9E706
:106CB00007F10061EBE700BFFC3404304000043012
:106CC0000035043038B50E4D6B68DC0709D40C4B29
:106CD0005A68900711D45A68520744BF0422DA60F8
:106CE00038BDF9F779FF04466B689907EFD4F9F7D7
:106CF00073FF001B0128F7D9E9E70222DA60EAE70F
:106D0000000403500B4A10B5D36823F00203D3608C
:106D100001F07EF8F9F760FF044601F095F840B104
:106D2000F9F75AFF001B0128F7D901F08DF8002868
:106D3000F3D010BD000403502DE9F04F454F87B04C
:106D40003B784FEA8208019123F002034146064650
:106D500015463B70FFF750FFF0B14FF0020B4FF0BC
:106D6000406A721E4244B2F5001F0CD248EA060483
:106D700014F00F0407D1384BD3E90201234601F187
:106D8000040E83420DD16FF004003B7843F0020300
:106D90003B7007B0BDE8F08F4FF0006ADFF8BCB081
:106DA000DFE751F833C0664503D35EF833C0624570
:106DB00044D90133E5E700F06FF93B7843F0010374
:106DC0003B70019B1022191902A8F9F719FC029BCC
:106DD000049A05991A40039B0B40B3F1FF3F08BF8B
:106DE000B2F1FF3F24D00AEB0601584602AA214423
:106DF00000F0E6F981461034A04502D0B9F1000F49
:106E0000DFD03B78414623F0010330193B70FFF798
:106E1000F3FE80B100F06AF9FFF754FF00F0EEFFD7
:106E2000B9F1000F25F0404018BF4FF0FF30B0E738
:106E30004FF00009DFE700F04DF9EDE7FFF762FFE3
:106E400041463046FFF7D8FE0028B4D100F010F9D3
:106E5000B3E700BFFC34043040000430020000807F
:106E600070B5B0F5001F044686B008D2C0F30C031D
:106E70002BB92F4AD2E90012101D8B4208D16FF0B6
:106E800004002C4A137843F00203137006B070BD5F
:106E900052F83350AC4203D350F83350AC4207D9C8
:106EA0000133EAE700F0E4F824E000F013F936E0FB
:106EB00004212046FFF7A0FE00281F4B18BF042323
:106EC000B4F5801F029334BF0123022303930123EF
:106ED000184E0593630B0493FFF714FF33780421D6
:106EE00023F0020320463370FFF786FE0028D9D036
:106EF00000F0D2F8337801A943F0010302A83370FF
:106F000000F03CFC3378054623F0010304212046C1
:106F10003370FFF771FE0028C7D000F0E7F8FFF7E5
:106F2000D1FE00F06BFF281E18BF01204042ADE7E4
:106F300040000430FC34043004000080084BD3F8D7
:106F40000421002A0ADAD3F8042142F00042C3F8EF
:106F50000421044A1368013313607047FEE700BF41
:106F600000200250003504307047000010B50320A7
:106F700000F06AFD00F066FC094B0A4A1B6A03F048
:106F80000F03D35CD840084B18600F20F9F716FEAA
:106F9000044618B9FFF7E8FF204610BD0124FBE7BF
:106FA000000C025443CF010C200004300C4B10B5F0
:106FB0000C4A9C680C4B13EA240338BF13461A682A
:106FC00042F002021A60EFF3108272B60023CC582E
:106FD000C4500433102BFAD182F3108810BD00BFC7
:106FE000240004302C2002502820024030B50F4DE0
:106FF000AB68002BAABF0E4B0E4B0F4A1C68B8BFE4
:107000000E4A44F002041C60AB68146803F00403E9
:1070100023431360EFF3108272B60023CC58C450A0
:107020000433102BFAD182F3108830BD24000430D1
:107030002C200250282002404420025040200240D0
:10704000084B10B5084A9C68084B13EA240338BF64
:1070500013461A6842F002021A600B889BB2038042
:1070600010BD00BF240004302C2002502820024014
:10707000074B9A6AD20741BF064A5A6002F188322A
:107080005A6046BF986A00F001000120704700BFB7
:107090000020025023016745074BDA6AD20741BF3F
:1070A000064A9A6002F188329A6046BFD86A00F0B8
:1070B00001000120704700BF0020025023016745F6
:1070C00008B5FFF7D5FF18B9BDE80840FFF7E4BFE2
:1070D00008BD0000044B9A6A42F001029A62986A65
:1070E000C04300F00100704700200250044BDA6AF0
:1070F00042F00102DA62D86AC04300F00100704732
:1071000000200250064BD86910F0010007D0054A54
:10711000DA6002F14432DA60D86900F001007047A9
:10712000002002503B2A1908F8B50546F9F754FD2E
:107130001D4E1E4CB2681E4B074614EA220438BF8F
:107140001C46236813F00B0F1AD1B168194B1A4A69
:107150001A4812EA210238BF1A462168036A01F46C
:107160007E0103F400030B4315D07168194371606D
:1071700013601A0202D54FF40003036301200EE0EE
:10718000691CDED0F9F728FDC01BA84201D8002DEC
:10719000D7D1032003E02368DB0301D40020F8BD2E
:1071A0004FF480331360F9E72400043020200240BC
:1071B000242002503420025030200240002002508F
:1071C0002DE9F041264D04462B780E46012B17463B
:1071D00044D001232B7000234FF47A706B60FFF7CB
:1071E000A3FF50BB1F4B204AAC6012EA240838BFF3
:1071F000984624F00043022B23D139463046FFF74E
:10720000D5FE4FF47A70FFF78FFFD8F8003024F0E6
:10721000304222F0040223EA0203C8F80030134B84
:107220009C420AD1A968124A124B13EA210338BFC3
:1072300013461A6822F004021A6000232B70BDE87E
:10724000F0810D4B24F004029A423946304602D1B7
:10725000FFF7CCFED5E7FFF7F3FED2E70220EEE71B
:10726000240004302C200250282002400600001088
:10727000442002504020024002000010044A4FF413
:107280007A70D36943F00203D361FFF74DBF00BFAB
:1072900000200250124B134A9968134B13EA210342
:1072A00038BF134600F00302032A06D11A6842F4DD
:1072B000004242F020021A607047C10707D51A68E1
:1072C00022F0004222F0280242F028021A608207CF
:1072D000F2D51A6842F0004242F02802EBE700BF04
:1072E000240004302C20025028200240064B074A7C
:1072F0009968074B13EA210338BF13461A6842F016
:1073000008021A60704700BF240004304420025075
:10731000402002402DE9F041DFF8A882044698F8A9
:107320000030012B00F081810123002088F800301B
:107330004FF08023C8E901034FF47A70FFF7F4FEA1
:10734000002840F039812768F90719D5A5696369D4
:10735000012D03F00101E26903F0020340F03681E0
:1073600031B1994DD5F8EC1021EA0201C5F8EC10C5
:1073700033B19549D1F8EC3123EA0203C1F8EC317D
:10738000BA0706D5904A6168536D23F47F430B43D7
:1073900053657B0740F1AE80D4E9021511F001037B
:1073A0000EBF1A46032205F003038E0742BF05F005
:1073B0000406334342F004024E0742BF05F00806BC
:1073C000334342F008020E0742BF05F01006334374
:1073D00042F01002CE0642BF05F04006334342F0B1
:1073E00040028E0642BF05F08006334342F0800221
:1073F0004E0642BF05F48036334342F480320E0617
:1074000042BF05F40036334342F40032CE0542BF9A
:1074100005F48016334342F480128E0542BF05F412
:107420000016334342F400124E0542BF05F07F566A
:10743000334342F07F520E0542BF05F000452B4317
:1074400042F0004211F4805518BF0426D4F810C051
:107450000CBF2E460CF0040511F4005F1EBF0CF0AB
:10746000080E45EA0E0546F0080611F4804F1EBFCF
:107470000CF0100E45EA0E0546F0100611F4004F10
:107480001EBF0CF0200E45EA0E0546F0200611F452
:10749000803F1EBF0CF0400E45EA0E0546F0400648
:1074A00011F4802F1EBF0CF4004E45EA0E0546F481
:1074B000004611F4002F1CBF0CF07F4C45EA0C0570
:1074C000C1F30B0C18BF46F07F46BCF1000F08D08B
:1074D000DFF8F4E0DEF854C02CEA02021343CEF8E1
:1074E000543011F47F2F05D0374A536F23EA060337
:1074F0002B435367B90510D5D4E90F316569EA0705
:1075000042BF314E43EA0142C6F8E420AE0742BF13
:107510002D4A43EA0143C2F8E4313D070AD5D4E9D4
:107520000831012B61D1284AD2F88430DBB20B43F9
:10753000C2F88430F9060BD5236AA16A012B5ED10B
:10754000214AD2F8843023F0FF030B43C2F8843081
:10755000BA0606D51C4AE16AD2F894300B43C2F849
:1075600094307B0610D5D4E90C316569EE0742BF33
:10757000154E43EA0142C6F8FC20AA0742BF124A50
:1075800043EA0143C2F8FC313B0615D56269A36B9F
:1075900002F0010102F00202002B3BD029B10A4C9B
:1075A000591E41F40041C4F8F4102AB1064A013BC7
:1075B00043F40043C2F8F431002388F80030BDE8FA
:1075C000F08100BF240004300020025029B1184D82
:1075D000D5F8EC101143C5F8EC10002B3FF4D0AEF9
:1075E0001349D1F8EC311343C8E6022BA2D1104A5B
:1075F000D2F88C30DBB20B43C2F88C309AE7022B06
:10760000A6D10B4AD2F88C3023F0FF030B43C2F80B
:107610008C309DE711B10649C1F8F430002ACBD077
:107620000022034BC3F8F421C6E70220C7E700BFDE
:107630000020025006230360334B1A6D02F47F4290
:1076400042601A6D22F47F42C2601A6F0261426981
:10765000511E012932D8012A0CBFD3F8E830D3F8E3
:10766000E831DB43C361003B18BF01238361264B34
:10767000012A0CBFD3F8E030D3F8E031012A03F03F
:107680007F01C3F3064303641F4BC1630CBFD3F8F0
:10769000F830D3F8F831012A03F07F01C3F3064331
:1076A000436340F2C7230360174B01630CBFD3F859
:1076B000F030D3F8F03103F003038363026A531E02
:1076C000012B17D80368012A43F0180303600E4BFF
:1076D0000BBFD3F88020D3F8882022F0FF0222F0DD
:1076E000FF020BBF42624262D3F88030D3F8883089
:1076F000DBB28362036843F020030360024BD3F8DC
:107700009030C362704700BF00200250034AD36B21
:1077100023F003030343D363704700BF00200250EC
:10772000024BD86B00F00300704700BF00200250EE
:107730000F4B104A10B59C680F4B800113EA2403CD
:1077400038BF1346C9071A680AD522F0004222F44E
:10775000FE521A601A68024342F024021A6010BDF9
:1077600022F4FE521A601A68024342F00042F3E724
:10777000240004302C200250282002402DE9F84338
:10778000294E054633788946012B4AD001233370B0
:1077900000234FF47A707360FFF7C6FC0446F0B91B
:1077A0002B682249224AB36011EA230838BF904669
:1077B00048F2080223F00041914215D16868FFF7B2
:1077C00069FD4FF47A70FFF7AFFC04462A68D8F8D9
:1077D000003022F0004223EA0203C8F80030002300
:1077E00033702046BDE8F883082B02D1FFF77EFDF9
:1077F000E7E74FF0FF33C9F80030AF68D5E902235F
:107800001344BB42E2D938466968FFF791FF4FF451
:107810007A70FFF789FC10B1C9F80070D5E701371D
:10782000ECE70224DDE700BF2400043028200240FA
:107830002C200250024A536A43F0010353627047FE
:10784000000802542DE9F041524CE36903F018039B
:10785000082B00F09980E36913F0180F0AD1236810
:107860004D4813F0200F03D02368C3F3C103D84061
:10787000BDE8F081E36903F01803102B00F0868067
:10788000E36903F01803182B40F08280A76AA36A0B
:10789000A66A13F47C5FD4F83880C3F30520E7D0E0
:1078A00003F0B4FFC6F300160546C8F3CC007043DE
:1078B00003F0ACFF4FF0645104F000F807F003034D
:1078C000012B064611D0032B4ED0606BC0F308008D
:1078D00003F09CFF314603F0E9FE4FF07E5103F0C8
:1078E000E5FE294604462D483BE023689B0629D542
:1078F00023682948C3F3C103D84003F087FF294612
:1079000004F090F8676B0446C7F3080003F07EFFAD
:10791000314603F0CBFE4FF07E5103F0C7FE014627
:10792000204603F0CBFF1B4B0446586BC0F34620A8
:10793000013003F06BFF0146204604F073F804F0B9
:107940000DF995E7606BC0F3080003F05FFF314667
:1079500003F0ACFE4FF07E5103F0A8FE294604462A
:107960000F4804F05FF8DAE7606BC0F3080003F03B
:107970004DFF314603F09AFE4FF07E5103F096FE24
:10798000294604460748ECE7074871E707486FE7D0
:1079900001486DE7000C02540090D0030024744AA3
:1079A0000024744C20BCBE4B00093D0040787D0192
:1079B00008B5FFF747FF064B064A1B6A03F00F03A3
:1079C000D35C03F01F03D840034B186008BD00BF11
:1079D000000C025443CF010C2000043008B5FFF71F
:1079E000E7FF054B054A1B6AC3F30213D35C03F0A0
:1079F0001F03D84008BD00BF000C02543BCF010C50
:107A000008B5FFF7D5FF054B054A1B6AC3F30223F0
:107A1000D35C03F01F03D84008BD00BF000C025424
:107A20003BCF010C08B5FFF7C3FF054B054A1B6AA6
:107A3000C3F30233D35C03F01F03D84008BD00BF7B
:107A4000000C02543BCF010C07490302CA6803F43F
:107A5000E06322F4E0621204120C134343F0BF63AC
:107A600043F40033CB60704700ED00E0154B30B5B8
:107A7000DC68C4F30224C4F10703251D042B28BFCE
:107A80000423062D4FF0FF3594BF0024033C05FA74
:107A900003F321EA0303A54022EA0502A3400028DC
:107AA00043EA0203ACBF00F16040074A4FEA031308
:107AB000DBB2ABBF00F5614000F00F0080F800338F
:107AC000135430BD00ED00E014ED00E0002807DBAA
:107AD00001234109034A00F01F00834042F821308E
:107AE000704700BF00E100E0BFF34F8F0549064B30
:107AF000CA6802F4E0621343CB60BFF34F8F00BF4C
:107B0000FDE700BF00ED00E00400FA052DE9F04FAD
:107B100000234FF00F094A4A4A4D02EA90280A68AA
:107B200032FA03F401D1BDE8F08F012404FA03FA1C
:107B30001AEA020270D04C6824F01007022F16D106
:107B40004FEAD30C00EB8C0C03F0070EDCF820603E
:107B50004FEA8E0E09FA0EFB26EA0B0B0E6906F0B1
:107B60000F0606FA0EF646EA0B06CCF8206003264E
:107B7000D0F800B04FEA430E06FA0EFC2BEA0C0BCD
:107B80006FEA0C0604F0030C0CFA0EFC013F4CEA01
:107B90000B0C012FC0F800C040D9032C3CD0C768A3
:107BA00037408E6806FA0EF63E43C660E60033D5CF
:107BB00023F0030707F1A84707F5083703F003068A
:107BC000D7F860C0F60009FA06FE2CEA0E0C08FA97
:107BD00006F646EA0C063E66D743D5F8806014F4F4
:107BE000803F0CBF3E401643C5F88060D5F88460E6
:107BF00014F4003F0CBF3E401643C5F884602E6865
:107C000014F4801F0CBF3E4016432E606E68A40221
:107C100054BF3E4016436E60013380E7876806EA32
:107C2000070CCF6807FA0EF747EA0C07876047682A
:107C300027EA0A0C27099F4047EA0C074760AEE78E
:107C40007F7F2B000020025438B50A4CE36823F0F4
:107C50002003E360F8F7C0FF0546E3689B0601D503
:107C6000002038BDF8F7B8FF401BB0F57A7FF4D993
:107C70000320F6E700780054F8B5114D0646EC688D
:107C800014F040041AD1EB6843F08003EB60F8F77E
:107C9000A3FF23460746EC6814F0400401D1032BF0
:107CA00001D11846F8BDF8F797FFC01BB0F57A7FF1
:107CB000234684BF032386F82D30ECE70023F0E74A
:107CC0000078005438B50F4C0546E36823F0800374
:107CD000E360A3699B0606D4FFF7B6FF10B103204B
:107CE00085F82D0038BDA36923F02003A361FFF7B9
:107CF000ABFF10B1032085F82D00A36943F02003EA
:107D0000A361EFE70078005438B5044600284CD052
:107D100090F82D3003F0FF021BB980F82C20F9F702
:107D200027F80223224D84F82D30EB68DB0637D488
:107D3000CA236B62532320466B62FFF79DFF18B185
:107D4000FF2303206B6238BDAB69204623F08E63AE
:107D500023F04003AB6121696368AA690B431343B5
:107D6000A2691343AB61D4E9022343EA02432B61C6
:107D7000EA68D4E9093122F4F8520B431343EB606B
:107D8000FFF7A0FF0028DBD1D4E90713AA690B4352
:107D900022F06042134362691343AB61FF236B62BD
:107DA0000123002084F82D30CDE70120CBE700BF70
:107DB00000780054094B1A6822EA01021A60D9635C
:107DC0000A04586842EA01620A4320EA02025A6041
:107DD000DA6A002022EA0102DA627047007C00546D
:107DE000054B00201A6822EA01021A60DA6A22EAC8
:107DF0000102DA62D9637047007C0054034A002014
:107E0000136843F001031360704700BF0004035080
:107E100038B502230B4CE360236823F00103236091
:107E2000F8F7DAFE0546206810F0010000D138BDF1
:107E3000F8F7D2FE401B0128F5D92368DB07F2D5FD
:107E40000320F4E700040350024B186800F001001F
:107E5000704700BF0004035038B50C4C6368D90765
:107E600004D400200222094BDA6038BDF8F7B4FED2
:107E7000054663689B07F4D4F8F7AEFE401B012863
:107E8000F7D963689A07F4D40320EBE700040350A2
:107E9000064B5A68D20707D40222DA601A6842F009
:107EA00002021A60FFF7D8BF012070470004035098
:107EB00037B51A49D1E84F3F0133DBB2C1E8423F41
:107EC000002AF7D1012B23D8154B164DD3F8E81013
:107ED000284621F03001C3F8E810D3F88C1041F4A3
:107EE0008021C3F88C10D3F88C302A7203F48023DD
:107EF0000193019B0C4B6A722B6001F08AFC0446D3
:107F000048B96946284601F05AFD204603B030BD05
:107F10004FF0FF30FAE76FF00100F7E70435043067
:107F2000000C02540835043000080C5208B507480C
:107F300001F0C7FC064AD2F88C3023F48023C2F843
:107F40008C300022034B1A7008BD00BF0835043086
:107F5000000C0254043504300020704708B5F9F7CE
:107F600003F900207047002070470120704701206E
:107F7000704700000A4B37B51B786BB1094C636939
:107F8000984748B9E56AA847C307FCD4236A019318
:107F900003B0BDE830401847002003B030BD00BF3B
:107FA0001C3504308CD0010C10B50B4C0020A3689C
:107FB000984780B902202369984760B94FF4E131AE
:107FC0000120A46AA04730B901211520A04710B9AB
:107FD0000122024B1A7010BD8CD0010C1C350430EC
:107FE00010B5064C00202369984708B1043004D12D
:107FF000E368984708B9024B187010BD8CD0010C8B
:108000001C35043037B50422BD3084000D462046AF
:108010000DEB020100F052F958B9019B5A1C0AD02D
:10802000AB420BD8042220460DEB0201019500F073
:1080300085F903B030BD45F2A350FAE74AF2C530E6
:10804000F7E770B5A2B00D4601A9064600F0F2FAB6
:10805000044610BB019B802B28BF8023B5EBC30FC8
:10806000019321D80146802202A8F8F7A6FAFF2141
:10807000EA0802ABA24213D104F188030DEB03041A
:10808000012305F00705AB40013B3046019902AAE8
:1080900004F8803C00F0A6FB0446204622B070BDE8
:1080A00003F8011B0134E5E745F2A354F5E7F0B509
:1080B000A3B00D466946064600F0BCFA0446C8B9AE
:1080C00000993046802928BF802102AA009100F043
:1080D000E5FA044670B901460246009F019002ABE2
:1080E000B8420AD102B10191042228460DEB0201E7
:1080F000F8F786FA204623B0F0BD002213F801CB32
:108100004CFA02F6013206F00106082A3144F7D192
:1081100001220130E4E706281BD8DFE800F004095B
:108120000D111416180004224FF43D7000F0C6B86B
:1081300004224FF43E70F9E704224FF43F70F5E754
:108140001020FFF7B4BF1120FBE71220F9E713203E
:10815000F7E74CF25A30704700F0C4B9042902D155
:108160001146FFF7D8BF43F65C20704737B5054688
:108170000C46062824D8DFE800F0041517191D1F47
:1081800021000020FFF73EFF50B9284601A9FFF764
:10819000C2FF28B943F65C23019AA24218BF1846D1
:1081A00003B030BD0120EDE70220EBE71020FFF720
:1081B00048FFE9E71120FAE71220F8E71320F6E775
:1081C0004CF25A30ECE7012837B5154610D800F1CB
:1081D0000C040A462046296800F060FA30B92046AF
:1081E00001A900F027FA08B9019B2B6003B030BD4C
:1081F0004AF2C530FAE7000070B50446074E45184C
:10820000A54201D8002070BD2046F369984710B9F7
:1082100004F50054F4E743F65C20F4E794CF010C36
:108220002DE9F84FDFF85CA00746DAF804308846FD
:10823000154698470024144BC0F3410013F82090D2
:1082400004F18003AB4294BF80262E1BB6FBF9FBE2
:10825000DAF814305A460D493819984700280EDBD1
:108260005A46DAF81830094908EB04009847002804
:1082700005DB3444A542E3D80020BDE8F88F43F67F
:108280005C20FAE794CF010CDCCF010C1D350430E3
:1082900008B54FF400514FF42830FFF7ADFF48B94F
:1082A000BDE808404FF400524FF428314FF420301D
:1082B000FFF7B6BF43F65C2008BD00002DE9F34789
:1082C000DFF870900546D9F8043088461446984780
:1082D000194BC0F3410013F820A0B5FBFAF70AFBD5
:1082E000175727BBA4B9384602B0BDE8F0870AFB90
:1082F00006F6A41BF7D0012201A9A819C847002837
:1083000012DB224601A908EB0600F8F779F9EAE743
:10831000B4FBFAF605F52035324641462846D9F831
:108320001490C8470028E2DA43F65C27DBE74AF2FC
:10833000C537D8E794CF010CDCCF010C2DE9F04F05
:1083400086187542C5F30C05354485B0B5F5005F58
:108350000446019104D943F65C2005B0BDE8F08FD6
:10836000DFF86C81D8F8043098470422594BC0F3E9
:10837000410053F82070D8F8143057480093FBB2EE
:10838000B2FBF3F203A9009B9847039A531C0232F5
:1083900008BF01230393002D34D024F4FF5B2BF09E
:1083A0001F0BA5EB0B010BF52030FFF725FF002875
:1083B000D1D1B5F5407FAA4628BF4FF4407ADA45BF
:1083C00029D8B5F5407F5ED3FBB21027B7FBF3F792
:1083D000424D3A4629464048009B9847B6F5407FB3
:1083E0005CD8042203A93D48F8F70AF9384B3A460D
:1083F0003A493B489B69984708B18742ABD1FFF7A0
:1084000047FFAAE74FF400514FF42030FFF7F4FE86
:108410000028C2D09FE70BF180039A452CBF4FF094
:108420008009AAEB0B095FFA87F8B9FBF8F82B492A
:108430004246009B0BF5283098475E4516D909EB5C
:108440000B039C4212D2A3455A4638BF2246111B49
:10845000A2EB0B009E4294BFC2EB0602C2EB0302EA
:10846000019B19441D4B1844F8F7CAF8184B4246B3
:108470009B691A490BF52030984710B180457FF46D
:108480006AAFCB449BE74FF440724FF420314FF476
:108490002830FFF7C5FE002896D05CE7B4F5447F8E
:1084A0009FD2B4F5407F224638BF4FF44072019B03
:1084B000111BA2F540700B44B6F5447F94BFC2EB8C
:1084C0000602C2F5447219462844F8F799F888E77D
:1084D00094CF010CDCCF010C00A302001D35043049
:1084E000008302002DE9F0414D4F86B00020BB68AB
:1084F000984700286BD104226946FFF7DFFE044647
:1085000000283FD104224FF440700DEB0201FFF729
:10851000D5FE0446002835D1424E009BB34203D11C
:10852000019B013B03335ED97B6898473E4BC0F308
:10853000410053F8205004224FF4005004A9FFF7E3
:10854000BDFE0446F0B904224FF40C5005A9FFF714
:10855000B5FE0446B0B9049B4FF40051B3424FF44A
:10856000203013D1059B013B03330FD8FFF744FEA6
:1085700068BB4FF400524FF420314FF42830FFF71E
:108580004FFE20BB204606B0BDE8F081FFF734FE69
:108590000146E0B94FF08008EDB280222348F8F799
:1085A0000CF8B8FBF5F84FF42035BF692846424671
:1085B0001E498035B847B5F5283FF7D1FFF768FE6B
:1085C00028B9042202A90296FFF7B8FE10B143F6BB
:1085D0005C24D7E70123042203A94FF440700393DE
:1085E000FFF7ACFECDE704224FF40C5005A9FFF7CE
:1085F00065FE04460028C5D1059B5A1E033206D8E5
:10860000019A934203D30233BCD1012ABAD1FFF7B6
:108610003FFE43F65C23002818BF1C46B2E700BFAC
:1086200094CF010C1281DEC0DCCF010C1D3504306B
:10863000FFF758BF1E280BD8012303FA00F00A4B9E
:10864000034043B9094B18420BD110F0980F06D1E3
:108650004CF25A307047202300200B6070470423EF
:10866000FAE74023F8E700BF65FF004000000F2055
:1086700037B50C4601A91D46FFF7DCFF50B9019B39
:1086800029469A4228BF1A46204603B0BDE830402A
:10869000FFF714BE4CF25A3003B030BD13461E280B
:1086A00070D8DFE800F0106F15191D2125292D3134
:1086B00035393D42474C51565B606F6F6F6F6F6F3E
:1086C0006F6F6F656A000A4600200421FFF7D0BF74
:1086D0000A4602202421F9E70A4603204421F5E74F
:1086E0000A4604204821F1E70A4605204C21EDE71F
:1086F0000A4606206C21E9E70A4607208C21E5E7B7
:108700000A4608209021E1E70A460920B021DDE76A
:108710000A460A20D021D9E70A460B20F021D5E7E6
:108720000A460C204FF48871D0E70A460D204FF41A
:108730009871CBE70A460E204FF41471C6E70A463B
:108740000F204FF41C71C1E70A4610204FF4A871A6
:10875000BCE70A4611204FF4C871B7E70A46122059
:108760004FF4E871B2E70A4613204FF40471ADE705
:108770000A461D204FF42571A8E70A461E204FF433
:108780003571A3E74CF25A307047F0B593B00E46FE
:1087900001A915461C46FFF74DFF00BB019B934204
:1087A00003D24AF2C53013B0F0BD402BF9D83046A1
:1087B00002A9FFF783FD0028F5D1224602AB281954
:1087C000824205D12A4621463046FFF7B7FDEAE747
:1087D00013F8011B12F8017BB943F1D0E1E74CF229
:1087E0005A30E0E713461E2870D8DFE800F0106F1B
:1087F00015191D2125292D3135393D42474C51563A
:108800005B606F6F6F6F6F6F6F6F6F656A000A46A7
:1088100000200421FFF7B9BF0A4602202421F9E70E
:108820000A4603204421F5E70A4604204821F1E7DF
:108830000A4605204C21EDE70A4606206C21E9E7AF
:108840000A4607208C21E5E70A4608209021E1E747
:108850000A460920B021DDE70A460A20D021D9E7DF
:108860000A460B20F021D5E70A460C204FF4887108
:10887000D0E70A460D204FF49871CBE70A460E2048
:108880004FF41471C6E70A460F204FF41C71C1E77C
:108890000A4610204FF4A871BCE70A4611204FF495
:1088A000C871B7E70A4612204FF4E871B2E70A46EA
:1088B00013204FF40471ADE70A461D204FF42571D3
:1088C000A8E70A461E204FF43571A3E74CF25A3050
:1088D0007047002070470020704700000048704734
:1088E00000FC04304FF48060704708461146FFF7E3
:1088F00041BB00000FB41FB5012106AB53F8042B98
:10890000054800910021039300F0B0F805B05DF830
:1089100004EB04B0704700BFEB88010C07B50346B9
:108920008DF80720084601220DF10701984703B092
:108930005DF804FB2DE9F84F1D46074688461646AC
:10894000BDF828409DF82CA09DF830909DF834305B
:108950007AB333B113461D4613F8012B002AFAD11E
:10896000AD1BAC428ABF641B0024A4B2BAF1000F55
:1089700014D02A4631464046B847BAF1000F18D005
:10898000002513E04A4641463846FFF7C7FF0BF182
:10899000010B1FFA8BF39C42F4D8EAE7D346F8E7C1
:1089A0004A4641463846FFF7B9FF0135ABB29C4213
:1089B000F6D8BDE8F88F2DE9F04F002489B09DF876
:1089C00048C006469DF85800A4450F469DF854102F
:1089D0000CBF4FF0200A4FF0300AA0429846CDE974
:1089E00005440CBF612041209DF85030CDF81B405C
:1089F00019B1A242ACBF214652420DF11E04A1465C
:108A00000A38B2FBF3FB03FB1B2B5FFA8BF5BBF1C0
:108A1000090F94BF30352D18A646EDB2934204F1EC
:108A2000FF346570B2FBF3F518D931B1BCF1000F1A
:108A300016D12D232370AEF102040023CDE902A349
:108A40009DF84C303946CDE900833046A9EB04034C
:108A5000621CFFF76FFF09B0BDE8F08F2A46D0E730
:108A60002D2239463046FFF759FFE6E72DE9F04F52
:108A700089B01C469DF8483006460F469246F3B131
:108A800012783C2A19D00A3AD2B2282A98BF624BEF
:108A90004FF0010098BF53F822204FF0000388BF29
:108AA0000022CDE90230CDE900333046FFF742FF26
:108AB000202239463046FFF731FF0AF1010A4FF014
:108AC0000009CB46C846002511E0BDB9252B00F0B2
:108AD0009B800A2B06D10D22394630460793FFF7BB
:108AE0001DFF079B1A4639463046FFF717FF1AF855
:108AF000013B002BE9D109B0BDE8F08F7A2B08D8F3
:108B0000682B0ED8302B74D036D8252B76D02D2B51
:108B10007FD000230122CDE90033CDE902323F4A64
:108B200062E0693B112BF4D801A252F823F000BF98
:108B30009B8B010C138B010C138B010CEF8A010C26
:108B4000138B010C138B010C138B010C138B010C79
:108B5000138B010C138B010CD78B010C138B010CA5
:108B6000A58B010C138B010C138B010CC58B010C15
:108B7000138B010CEF8A010C582B28D00BD8A3F1D2
:108B80003102082AC5D808EB8808303B03EB4803BC
:108B90001FFA83F8ABE7642BBBD101230025CDE995
:108BA000033502E00025CDE903550A23CDE9019301
:108BB000CDF800B043463946304654F8042BFFF751
:108BC000FAFE94E70025049510230395EEE70123B0
:108BD00000250493F8E720230121CDE90231002389
:108BE000CDE9008954F8042B39463046FFF7A2FE40
:108BF00069E7B8F1000FC6D1AB4678E71A463946A7
:108C00003046FFF78BFE5EE7A946AB46A846012536
:108C10006DE7A9466BE700BFE8CF010C13CC010C50
:108C2000044B82B0186883B26FF30F00184302B090
:108C3000704700BFC4D0010C01207047002070476E
:108C4000002070476FF0030070470020704700203D
:108C50007047002070476FF0030070470020704796
:108C600010B50C46014630B12CB10448A2B200F058
:108C7000A1FD204610BD6FF00400FBE7A0350430D5
:108C80000A4608B5014640B13AB14FF47A73044838
:108C900092B200F046FC002008BD6FF00400FBE734
:108CA000A035043010B52B4B88B0D3F88C200724A6
:108CB00042F00102C3F88C20D3F88C2003A902F003
:108CC00001020092009AD3F88C20234842F001025E
:108CD000C3F88C20D3F88C2002F001020192019A93
:108CE000D3F8A42042F48042C3F8A420D3F8A430DF
:108CF0004FF4007203F480430293029B0223CDE9F8
:108D000003230693012307940593FEF7FFFE4FF418
:108D1000806303A9104803930794FEF7F7FE0F49F9
:108D20000F4B0C220B6000234FF4E130C1E9052307
:108D30004FF40042C1E901030846C1E90333C1E928
:108D400007234B6200F07CFC003818BF0120404232
:108D500008B010BD000C025400000252A0350430CF
:108D600000380150002070477047704770477047C7
:108D7000D0F88C2008B5222A036845D15B6AB0F888
:108D80006010826D0B401370836D01338365B0F802
:108D90005E30013B9BB2A0F85E30B0F85E309BB213
:108DA00073BB026852E8003F23F4907342E800313D
:108DB00003680029F5D103F1080252E8001F944628
:108DC00021F001014CE80012002AF4D12021C0F862
:108DD0008C100267C16E4267012912D1C26653E846
:108DE000002F22F0100243E800210029F7D1DA69B0
:108DF000B0F85C10D20644BF10221A62FFF7B7FF2A
:108E000008BDFFF7B2FFFBE79A6942F008029A61DA
:108E1000F6E7D0F88C2008B5222A036842D1596AB7
:108E2000B0F860201140826D22F8021B8265B0F814
:108E30005E20013A92B2A0F85E20B0F85E2092B2B5
:108E400062BB53E8002F22F4907243E8002100290E
:108E5000F7D103F1080252E8001F944621F0010106
:108E60004CE80012002AF4D12021C0F88C100267CF
:108E7000C16E4267012912D1C26653E8002F22F069
:108E8000100243E800210029F7D1DA69B0F85C103C
:108E9000D20644BF10221A62FFF769FF08BDFFF730
:108EA00064FFFBE79A6942F008029A61F6E7000066
:108EB00003682DE9F047DD69D3F800909F68D0F88A
:108EC0008C200446222A40F0A980B0F868303BB9D3
:108ED000B4F85E309BB2002B40F08380BDE8F08791
:108EE0004FF0000AB0F860804F4E07F00107AB0664
:108EF000EED52368A26D5B6A03EA08031370A36DC5
:108F00000133A365B4F85E30013B9BB2A4F85E3038
:108F10002368DD6969072AD0EA070AD519F4807F3A
:108F200007D001221A62D4F8902042F00102C4F85E
:108F30009020A80708D53FB102221A62D4F89020E9
:108F400042F00402C4F89020690708D53FB104221A
:108F50001A62D4F8903043F00203C4F89030D4F889
:108F6000903023B12046FFF701FFC4F890A0B4F879
:108F70005E309BB2002BBAD1226852E8003F23F446
:108F8000807342E8003123680029F5D103F108021B
:108F900052E8001F1046314040E80012002AF5D187
:108FA0002021C4F88C102267E16E6267012914D178
:108FB000E26653E8002F22F0100243E80021002966
:108FC000F7D1DA692046D20648BF1022B4F85C1007
:108FD00048BF1A62FFF7CBFE89E72046FFF7C5FEC0
:108FE00085E7B4F868209A427FF678AF226802F1EC
:108FF000080353E8003F23F08053083242E8003171
:1090000022680029F2D1094B636752E8003F43F020
:10901000200342E800310029F7D15FE79A6942F066
:1090200008029A615AE700BFFEFFFFEF718D010C45
:1090300003682DE9F047DD69D3F800909F68D0F808
:109040008C200446222A40F0A780B0F868303BB953
:10905000B4F85E309BB2002B40F08180BDE8F08711
:109060004FF0000AB0F860804E4E07F00107AB06E3
:10907000EED52368A26D596A08EA010122F8021BA5
:10908000A265B4F85E20013A92B2A4F85E20DD69D0
:1090900069072AD0EA070AD519F4807F07D0012290
:1090A0001A62D4F8902042F00102C4F89020A80778
:1090B00008D53FB102221A62D4F8902042F004028F
:1090C000C4F89020690708D53FB104221A62D4F889
:1090D000903043F00203C4F89030D4F8903023B1BC
:1090E0002046FFF743FEC4F890A0B4F85E309BB270
:1090F000002BBCD1226852E8003F23F4807342E881
:10910000003123680029F5D103F1080252E8001F5D
:109110001046314040E80012002AF5D12021C4F861
:109120008C102267E16E6267012914D1E26653E870
:10913000002F22F0100243E800210029F7D1DA695C
:109140002046D20648BF1022B4F85C1048BF1A620D
:10915000FFF70DFE8BE72046FFF707FE87E7B4F821
:1091600068209A427FF67AAF226802F1080353E83A
:10917000003F23F08053083242E800312268002982
:10918000F2D1094B636752E8003F43F0200342E805
:1091900000310029F7D161E79A6942F008029A612B
:1091A0005CE700BFFEFFFFEF138E010CF8B504462D
:1091B0000368C169826800691D68024360690243EF
:1091C00075480A43284002431A605A68E06822F44E
:1091D000405202435A60714AA069934205D002F19D
:1091E000805293421CBF226A10439A6822F06E425A
:1091F00022F4306202439A60DA6A606A22F00F0257
:109200000243DA62664A93426ED0A2F574429342F8
:1092100000F08F8002F58062934200F08C8002F5AE
:109220008062934200F08980B3F1502F00F0878074
:1092300002F5C052934200F0848002F5A05293429E
:1092400000F0818002F5806293427ED002F5806258
:1092500093427CD0A2F5C05293427BD002F580624B
:1092600093427AD002F5C052934279D04D4A93424C
:109270001CD002F1704293424FF0000035D1002122
:1092800000F0B2FD70B3616A474A656832F8112098
:1092900005EB4501B0FBF2F399420AD901204FF0EA
:1092A0000113A3660023C4E91D33F8BD4FF48050B9
:1092B000E5E7B3EB053FF1D80023194602F06EFC59
:1092C0000023064619464FF4807768082A46E6FBD5
:1092D000070102F063FC354BA0F540729A42DDD8DD
:1092E0002368D8600020DAE70120B1F5004F4FF085
:1092F000000138D100F078FD0028F3D0616A2A4BD4
:10930000626833F81130B0FBF3F0530803EB40030D
:10931000B3FBF2F34FF6EF72A3F110019142BDD807
:1093200023F00F02216892B2C3F342031343CB60D0
:10933000D8E70220D9E70420D7E70820D5E7102096
:10934000D3E72020D1E74020CFE78020CDE74FF4BE
:109350008070CAE74FF40070C7E74FF48060C4E73D
:109360004FF40060C1E700F03FFD0028BAD0616A09
:109370000D4B626833F81130B0FBF3F303EB52038B
:10938000B3FBF2F34FF6EF72A3F11001914285D8CF
:109390002268D360A6E700BFF369FFCF0024004432
:1093A0000038015000240054C8D0010CFFFC0F000D
:1093B000836A10B5DA0706D50168C46A4A6822F4E0
:1093C000003222434A609C0706D50168046B4A6854
:1093D00022F4803222434A60590706D50168446B63
:1093E0004A6822F4802222434A601A0706D501689F
:1093F000846B4A6822F4004222434A60DC0606D5A8
:109400000168C46B8A6822F4805222438A609906FC
:1094100006D50168046C8A6822F4005222438A60EF
:109420005A0610D50168446C4A68B4F5801F22F4CE
:10943000801242EA04024A6005D14A68846C22F430
:10944000C00222434A601B0606D50268C16C5368FD
:1094500023F400230B43536010BD2DE9F843054668
:109460000F4616469846DDF820902A68D36937EAF9
:1094700003030CBF01230023B34201D0002029E0E5
:10948000B9F1FF3FF2D0F7F7A7FBA0EB0800484582
:109490002C6802D8B9F1000F1ED154E8003F23F424
:1094A000D07344E80032002AF7D104F1080353E8EE
:1094B000003F23F0010304F1080141E80032002AD3
:1094C000F3D12023C5F88830C5F88C300023032061
:1094D00085F88430BDE8F88323685A07C5D5E36969
:1094E0001B05C2D54FF40063236254E8003F23F408
:1094F000D07344E80032002AF7D104F1080353E89E
:10950000003F23F0010304F1080141E80032002A82
:10951000F3D12023C5F88830C5F88C30C5F89030D9
:10952000D4E72DE9F7439846D0F888300446202B3D
:109530000E4617464BD100294BD0002A49D003686C
:1095400000259A68120642BF9A6822F080029A604B
:109550002123C0F89050C0F88830F7F73DFBA3688E
:109560008146B3F5805FA4F85470A4F8567003D117
:1095700023690BB935461E46B4F856204B4692B2C5
:10958000CDF8008042B940212046FFF766FF48B978
:109590002023C4F8883006E0002280212046FFF70F
:1095A0005CFF18B1032003B0BDE8F08322685EB908
:1095B00035F8023BC3F308039362B4F85620013A2E
:1095C00092B2A4F85620D7E716F8013BF4E7022040
:1095D000E9E70120E7E773B500260446C0F890608C
:1095E000F7F7FAFA236805461B681A0719D42368A7
:1095F0001B685B070AD56FF07E43002200934FF48F
:1096000080012B462046FFF728FFB0B90020202319
:1096100084F88400C4F88830C4F88C30E066206791
:109620000CE06FF07E43324600934FF40011034686
:109630002046FFF712FF0028D9D0032002B070BDEA
:1096400010B5044650B3D0F888301BB980F8843088
:10965000FFF78AFB24232268C4F888301368204669
:1096600023F001031360FFF7A1FD012816D0A36AC0
:1096700013B12046FFF79CFE23682046BDE810404A
:109680005A6822F490425A609A6822F02A029A603C
:109690001A6842F001021A60FFF79DBF012010BD59
:1096A000002330B581658168A0F85C20B1F5805F4A
:1096B000A0F85E20436731D10369002B40F2FF130D
:1096C00018BFFF23A0F860300023C0F89030222399
:1096D000C0F88C30016801F1080353E8003F43F003
:1096E0000103083141E800340368002CF2D1456ED3
:1096F0008468B5F1005F016935D1B0F868509542D2
:1097000031D8B4F5805F29D1C1B1264A426753E808
:10971000002F42F4807243E8002121E029B9036957
:10972000002B0CBFFF237F23CCE7B1F1805FC9D1B1
:109730000369002B0CBF7F233F23C3E71A4A42670C
:1097400003F1080252E8002F42F0805203F10800B2
:1097500040E800210029F3D1002030BD114A4267C2
:109760000029D4D1ECE7B4F5805F16D151B10F4A8E
:10977000426753E8002F42F4907243E80021002929
:10978000F7D1E9E70A4A426753E8002F42F0200286
:1097900043E800210029F7D1DEE7044A42670029A7
:1097A000E7D1F1E7B18E010C3190010C718D010C04
:1097B000138E010C38B5D0F88C30202B21D111B389
:1097C0000AB30023C36603689C68650642BF9C68B1
:1097D00024F040049C600D4CA3420ED004F1805450
:1097E000A3420AD05C68240207D553E8004F44F036
:1097F000806443E80045002DF7D1FFF751FF0020BA
:1098000038BD0220FCE70120FAE700BF0024004435
:10981000704738B50446002839D0437A03F0FF0278
:1098200013B90272FFF7F4FF022322686372136810
:10983000616823F004031360136823F0804323F06E
:1098400020030B4343F080431360136823F08043ED
:109850001360F7F7C1F9054623681A68510009D467
:109860001A6842F004021A605B685A0611D5042394
:1098700063720CE0F7F7B0F9401B0428ECD92368B9
:109880001B685800E8D5012363720223E3600120BE
:1098900038BDF7F7A1F905462368586810F00400B1
:1098A00003D101236372E060F2E7F7F795F9401BFB
:1098B0000428F1D923685B685B07EDD50423E3E74F
:1098C000704770B50446002833D00268136823F04F
:1098D000804323F0200343F080431360136823F098
:1098E00080431360F7F778F9064623681D6815F082
:1098F00080450FD11A68204622F00C021A605A687F
:1099000022F060025A60FFF7DBFF65722846E560CF
:1099100025720FE0F7F760F9801B0428E5D923686A
:109920001B685B00E1D5012363720223E36000231F
:109930002372012070BD7047002307B501930368AF
:109940005A68510709D45A6822F040025A60C36825
:1099500023F00803C360002018E01A6842F0804238
:109960001A601A6822F080421A6004220192019A59
:10997000013A0192019A62B901234372C3680272EB
:1099800043F00203C360FFF7D6FF012003B05DF888
:1099900004FB1A685200EAD45A68510642BF5A685A
:1099A00022F040025A6004220192019A013A019287
:1099B000019A002AE0D05A685207F6D4C7E7F8B5F2
:1099C000037A0446012B0E4643D00123427A0372E8
:1099D0009A42D5B239D10223437203685B685F06AD
:1099E0001BD4F7F7F9F8074623685A68D0071CD547
:1099F0009A6859682261490642BF0822E2605A68A3
:109A00004FF0000544BF22F001025A604FF00103FD
:109A100058BF32606372002315E00823C360FFF76C
:109A20008BFF0128DDD12846F8BDF7F7D5F8C01B1C
:109A30000428D9D923685B6813F00103D4D101222B
:109A400062720222E2602372EDE704221D46C260C8
:109A5000E1E70225E7E700002DE9F0474A4C05461B
:109A6000D4F83490D4F82880A36AD4F828A013F44A
:109A70007C5FA66BC3F3052000F0818001F0C6FE79
:109A8000C6F3CC0607460AF01000704301F0BEFE94
:109A90004FF0645101F012FF0646C9F3080001F0CF
:109AA000B5FE0146304601F001FE4FF07E5101F057
:109AB000FDFD08F00303022B06465AD0032B5BD0B2
:109AC00023683248C3F3C103D84001F09FFE3946F2
:109AD00001F0A8FF314601F0F1FE2B4A0446106860
:109AE00010F0007012D0906A10F480300ED0506BDD
:109AF000C0F3462001F08AFE4FF07E5101F0D6FD02
:109B00000146204601F08EFF02F028F81E4A286028
:109B1000106810F0007012D0906A10F400300ED06F
:109B2000506BC0F3064001F071FE4FF07E5101F022
:109B3000BDFD0146204601F075FF02F00FF8124B03
:109B400068601A6891011CD59A6A520319D5586B3E
:109B5000C0F3066001F05AFE4FF07E5101F0A6FD01
:109B60000146204601F05EFF01F0F8FFA860BDE865
:109B7000F08739460648ABE739460648A8E7C5E905
:109B800000000020F2E700BF000C02540090D00358
:109B90000024744A20BCBE4B2DE9F047444C0546D6
:109BA000D4F83C90D4F82C80E36AD4F82CA013F4B9
:109BB0007C5F266CC3F3052077D001F027FEC6F347
:109BC000CC0607460AF01000704301F01FFE4FF06C
:109BD000645101F073FE0646C9F3080001F016FE59
:109BE0000146304601F062FD4FF07E5101F05EFD0E
:109BF00008F00303022B064641D0032B42D0236812
:109C00002C48C3F3C103D84001F000FE394601F0EF
:109C100009FF314601F052FE254B0446D86A10F484
:109C200080300ED0D86BC0F3462001F0EFFD4FF02E
:109C30007E5101F03BFD0146204601F0F3FE01F0AC
:109C40008DFF1B4B2860D86A10F400300ED0D86B03
:109C5000C0F3064001F0DAFD4FF07E5101F026FD21
:109C60000146204601F0DEFE01F078FF104B6860EF
:109C7000DA6A520309D40020A860BDE8F0873946AB
:109C80000D48C4E739460D48C1E7D86BC0F30660FC
:109C900001F0BCFD4FF07E5101F008FD0146204669
:109CA00001F0C0FE01F05AFFE6E7C5E90000E2E777
:109CB000000C02540090D0030024744A20BCBE4B18
:109CC0002DE9F047444C0546D4F84490D4F8308050
:109CD000236BD4F830A013F47C5FA66CC3F305208B
:109CE00077D001F093FDC6F3CC0607460AF01000CA
:109CF000704301F08BFD4FF0645101F0DFFD06462B
:109D0000C9F3080001F082FD0146304601F0CEFCA7
:109D10004FF07E5101F0CAFC08F00303022B064607
:109D200041D0032B42D023682C48C3F3C103D84051
:109D300001F06CFD394601F075FE314601F0BEFDC3
:109D4000254B0446186B10F480300ED0586CC0F3CD
:109D5000462001F05BFD4FF07E5101F0A7FC01466B
:109D6000204601F05FFE01F0F9FE1B4B2860186BE6
:109D700010F400300ED0586CC0F3064001F046FDE0
:109D80004FF07E5101F092FC0146204601F04AFE60
:109D900001F0E4FE104B68601A6B520309D40020F6
:109DA000A860BDE8F08739460D48C4E739460D483C
:109DB000C1E7586CC0F3066001F028FD4FF07E51FA
:109DC00001F074FC0146204601F02CFE01F0C6FEB5
:109DD000E6E7C5E90000E2E7000C02540090D0037A
:109DE0000024744A20BCBE4B7FB500F17E420A437A
:109DF00003462DD1B54AD2F8F030D2F8F01003F472
:109E00004073890703D5B3F5807F01F08A83D2F8C8
:109E1000F020120103D5B3F5007F01F08683AB4A31
:109E2000106810F4003010D0B3F5407F41F081830A
:109E3000D36903F47C53B3F5007FC1F07D83D3690C
:109E4000A348C3F30523B0FBF3F007B05DF804FBB0
:109E5000A0F580120A4300F0C3819E4A904271F13E
:109E6000000280F09C80A0F580620A4300F0CB8461
:109E700040F20142904271F100024AD2A0F1200268
:109E80000A4300F06483212871F1000223D20928DB
:109E900071F1000218D250EA010201F05083431E12
:109EA00041F1FF31082B71F1000181F04B83072B49
:109EB00001F24883DFE813F0FF014302460B8902F9
:109EC000460B460B460BC702A0F110030B4300F0F4
:109ED000FC820020B9E7A0F580720A4300F00784F5
:109EE00040F20112904271F100020BD2A0F1400247
:109EF0000A4300F06E83A0F180030B4300F0B183AE
:109F00000020A2E7A0F500730B4300F03684002088
:109F10009BE7A0F500420A4300F0E48548F2010205
:109F2000904271F100021DD2A0F500520A4300F0E8
:109F3000858542F20102904271F100020BD2A0F538
:109F400000620A4300F0A084A0F580530B4300F0A8
:109F5000E184002079E7A0F580430B4300F0988569
:109F6000002072E7A0F580220A4300F095865A4A45
:109F7000904271F100020BD2A0F580320A4300F04A
:109F80000B86A0F500330B4300F0268600205CE72B
:109F9000A0F500230B4300F0DA80002055E70022F3
:109FA0000220814208BF934201F023829A428841F5
:109FB00049D303F17040084301F0AA804748834227
:109FC00071F1000021D2A3F500020A4300F0628182
:109FD000434A934271F100020BD2A3F500120A43E7
:109FE00000F0DB84A3F580030B4300F042810020E6
:109FF0002BE703F17C420A4301F03F8203F17843EF
:10A000000B4301F03A8000201FE74FF000409142DF
:10A0100008BF834201F06381984272EB01000BD3C9
:10A0200003F160420A4301F0C88003F140430B434F
:10A0300001F01081002008E7012908BF934201F0D8
:10A040009381002001E74020814208BF934200F045
:10A05000E3869A42884145D31020814208BF93424B
:10A0600001F038829A42884129D3042908BF9342DB
:10A0700000F0E1870020082908BF83427FF4E5AEA5
:10A08000124AD2F8E830D2F8F01003F0C003890782
:10A0900002D5002B01F0CC82D2F8F020100102D5BD
:10A0A000402B01F0C982094A106810F400703FF497
:10A0B000CCAE802B48F2120018BF0020C5E6202944
:10A0C00008BF934200F048860020BEE6000C025410
:10A0D00040787D0101001000010004000100001023
:10A0E000010080004FF40070814208BF934200F0ED
:10A0F0008C849A42884122D3802908BF934200F081
:10A10000F1860020B1F5807F08BF83427FF49DAEC9
:10A110009B4AD2F8DC3003F0E043B3F1405F00F03B
:10A12000658700F23F87B3F1805F00F05187B3F19C
:10A13000005F00F05587002B00F0F28385E6B1F553
:10A14000806F08BF934200F0F68400207DE68C4AC1
:10A15000D2F8E83003F4E023B3F5003F18D007D875
:10A160007BB9002303A80493FFF776FC04986CE600
:10A17000B3F5403F01F0E981B3F5802F0FD0002007
:10A1800063E6002368460093FFF706FD00985CE64F
:10A19000002303A80393FFF793FD039855E6D2F835
:10A1A000E830116803F04043880706D52BB91368DF
:10A1B0007448C3F3C103D84047E6714A1168890562
:10A1C00003D5B3F1804F01F0C381106810F4003063
:10A1D0003FF43BAEB3F1004F6B4818BF002034E6AC
:10A1E000674AD2F8E83003F46013B3F5801F18D043
:10A1F00007D87BB9002303A80493FFF72DFC04982C
:10A2000023E6B3F5C01F01F0A681B3F5001F0FD000
:10A2100000201AE6002368460093FFF7BDFC009873
:10A2200013E6002303A80393FFF74AFD03980CE607
:10A23000D2F8E830116803F04043880706D52BB9FF
:10A2400013685048C3F3C103D840FEE54C4A116877
:10A25000890503D5B3F1804F01F08081106810F4B7
:10A2600000303FF4F2ADB3F1004F474818BF002073
:10A27000EBE5434BD3F8E4305B0606D4002303A898
:10A280000493FFF7E9FB0498DFE56846FFF784FCD9
:10A290000298DAE53A4BD3F8E430180606D40023E6
:10A2A00003A80493FFF7D8FB0498CEE56846FFF7B0
:10A2B00073FC0298C9E5324AD2F8D83013F007038C
:10A2C00004D107B05DF804EBFDF79ABB11680901F2
:10A2D00008D5012B06D1002368460193FFF75CFCEB
:10A2E0000198B2E51268900008D5022B06D1002330
:10A2F00003A80493FFF7E4FC0498A6E5204A11683C
:10A30000890707D5032B05D113681E48C3F3C10382
:10A31000D8409AE51268920502D5042B01F02181FC
:10A32000174AD2F8F00010F002003FF48EADA3F10E
:10A33000050CDCF1000343EB0C03D80385E5104A60
:10A34000D2F8D83013F0380304D107B05DF804EB2D
:10A35000FDF744BB1268100108D5082B06D1002375
:10A3600068460193FFF718FC01986EE5102B0DD19C
:10A37000002303A80493FFF7A3FC049865E500BF3E
:10A38000000C02540090D00340787D019B4A116874
:10A39000890707D5182B05D113689948C3F3C10362
:10A3A000D84052E51268920502D5202B01F0DC80DE
:10A3B000924AD2F8F00010F002003FF446ADA3F14B
:10A3C000280043424341D8033FE58C4AD2F8D830B5
:10A3D00013F4E073B9D01168090108D5402B06D1F8
:10A3E000002368460193FFF7D7FB01982DE512681B
:10A3F000900008D5802B06D1002303A80493FFF713
:10A400005FFC049821E57D4A1168890707D5C02BB8
:10A4100005D113687A48C3F3C103D84015E5126823
:10A42000920503D5B3F5807F01F0A180734AD2F87D
:10A43000F00010F002003FF408ADA3F5A070434215
:10A440004341D80301E56D4AD2F8D83013F4606374
:10A450003FF47BAF1168090109D5B3F5007F06D140
:10A46000002368460193FFF797FB0198EDE412681B
:10A47000900009D5B3F5806F06D1002303A804939B
:10A48000FFF71EFC0498E0E45C4A1168890708D5D0
:10A49000B3F5C06F05D113685948C3F3C103D84061
:10A4A000D3E41268920503D5B3F5006F01F0628022
:10A4B000524AD2F8F00010F002003FF4C6ACA3F507
:10A4C000206043424341D803BFE44C4AD2F8D8301D
:10A4D00013F4E0433FF439AF1168090109D5B3F52E
:10A4E000805F06D1002368460193FFF755FB019872
:10A4F000ABE41268900009D5B3F5005F06D10023E4
:10A5000003A80493FFF7DCFB04989EE43B4A116820
:10A51000890708D5B3F5405F05D113683848C3F300
:10A52000C103D84091E41268920503D5B3F5804F7A
:10A5300001F02380314AD2F8F00010F002003FF41D
:10A5400084ACA3F5A04043424341D8037DE42B4AA9
:10A55000D2F8D83013F460333FF4F7AE1168090134
:10A5600009D5B3F5004F06D1002368460193FFF7E4
:10A5700013FB019869E41268900009D5B3F5803F98
:10A5800006D1002303A80493FFF79AFB04985CE428
:10A590001A4A1168890708D5B3F5C03F05D1136879
:10A5A0001748C3F3C103D8404FE41268920503D59E
:10A5B000B3F5003F00F0E487104AD2F8F00010F045
:10A5C00002003FF442ACA3F5203043424341D8039C
:10A5D0003BE40A4AD2F8D83013F4E0133FF4B5AEA6
:10A5E000116809010ED5B3F5802F0BD10023684601
:10A5F0000193FFF7D1FA019827E400BF000C025441
:10A600000090D0031268900009D5B3F5002F06D151
:10A61000002303A80493FFF753FB049815E4A44A0E
:10A620001168890708D5B3F5402F05D11368A148F3
:10A63000C3F3C103D84008E41268920503D5B3F50B
:10A64000801F00F0A0879A4AD2F8F00010F00200B4
:10A650003FF4FBABA3F5A01043424341D803FFF7FF
:10A66000F4BB934AD2F8D83013F460033FF46DAED4
:10A67000116809010AD5B3F5001F07D10023684608
:10A680000193FFF789FA0198FFF7DFBB126890008A
:10A690000AD5B3F5800F07D1002303A80493FFF771
:10A6A0000FFB0498FFF7D1BB814A1168890709D5D0
:10A6B000B3F5C00F06D113687E48C3F3C103D84079
:10A6C000FFF7C3BB1268920503D5B3F5000F00F086
:10A6D0005D87774AD2F8F00010F002003FF4B5AB86
:10A6E000A3F5200043424341D803FFF7AEBB704AB5
:10A6F000D2F8D83013F0E0633FF427AE11680901B7
:10A700000AD5B3F1807F07D1002368460193FFF794
:10A7100043FA0198FFF799BB126890000AD5B3F18C
:10A72000007F07D1002303A80493FFF7C9FA049818
:10A73000FFF78BBB5E4A1168890709D5B3F1407FEB
:10A7400006D113685B48C3F3C103D840FFF77DBB54
:10A750001268920503D5B3F1806F00F01A87544A4E
:10A76000D2F8F00010F002003FF46FAB03F17B4031
:10A7700043424341D803FFF768BB4D4AD2F8D83073
:10A7800013F060533FF4E1AD116809010AD5B3F14C
:10A79000006F07D1002368460193FFF7FDF9019888
:10A7A000FFF753BB126890000AD5B3F1805F07D161
:10A7B000002303A80493FFF783FA0498FFF745BB2F
:10A7C0003B4A1168890709D5B3F1C05F06D1136808
:10A7D0003848C3F3C103D840FFF737BB126892056E
:10A7E00003D5B3F1005F00F0D786314AD2F8F0000C
:10A7F00010F002003FF429AB03F1584043424341BB
:10A80000D803FFF722BB2A4AD2F8DC3013F0070343
:10A810003FF49BAD1168090109D5012B07D1002335
:10A8200068460193FFF7B8F90198FFF70EBB12686D
:10A83000900009D5022B07D1002303A80493FFF74A
:10A840003FFA0498FFF701BB194A1168890708D538
:10A85000032B06D113681748C3F3C103D840FFF791
:10A86000F4BA1268920502D5042B00F09886104ABB
:10A87000D2F8F00010F002003FF4E7AA581F43425C
:10A880004341D803FFF7E1BA094AD2F8DC3013F0AC
:10A8900070033FF45AAD116809010DD5102B0BD18F
:10A8A000002368460193FFF777F90198FFF7CDBAC7
:10A8B000000C02540090D0031268900009D5202BA0
:10A8C00007D1002303A80493FFF7FAF90498FFF7D0
:10A8D000BCBAAE4A1168890708D5302B06D1136877
:10A8E000AB48C3F3C103D840FFF7AFBA1268920573
:10A8F00002D5402B00F05686A44AD2F8F00010F0A2
:10A9000002003FF4A2AAA3F1500043424341D803FE
:10A91000FFF79BBA9D4AD2F8E03013F0E06304D110
:10A9200007B05DF804EBFDF77DB8B3F1807F07D188
:10A93000002368460193FFF72FF90198FFF785BAC6
:10A94000B3F1007F07D1002303A80493FFF7B8F900
:10A950000498FFF77ABA1168890709D5B3F1407FE7
:10A9600006D113688A48C3F3C103D840FFF76DBA14
:10A97000864A1168880503D5B3F1806F00F015860B
:10A98000D2F8F00010F002003FF45FAA03F17B411F
:10A990004B424B41D803FFF758BA7C4AD2F8E83013
:10A9A00013F0070304D107B05DF804EBFDF700B81E
:10A9B000012B04D107B05DF804EBFCF743BF022B79
:10A9C00005D16846FFF7E8F80298FFF73EBA12682B
:10A9D000920302D5032B00F0EB856C4A11688807BF
:10A9E00008D5042B06D113686948C3F3C103D840C6
:10A9F000FFF72BBA106810F400703FF426AA052B5D
:10AA0000644818BF0020FFF720BA604AD2F8E83047
:10AA1000D2F8F01003F00803890702D5002B00F0EC
:10AA2000CA85D2F8F00010F000603FF40EAA002BA7
:10AA300014BF4FF4FA400020FFF707BA534AD2F888
:10AA4000E43013F440333FF480ACB3F5803F05D1DC
:10AA500003A8FFF735F90598FFF7F7B911688807DC
:10AA600009D5B3F5003F06D113684948C3F3C103C4
:10AA7000D840FFF7EAB9454A106810F400703FF477
:10AA8000E4A9B3F5403F434818BF0020FFF7DDB904
:10AA90003E4AD2F8E43013F440233FF456ACB3F509
:10AAA000802F05D103A8FFF70BF90598FFF7CDB963
:10AAB0001168890709D5B3F5002F06D1136834480A
:10AAC000C3F3C103D840FFF7C0B9304A106810F48F
:10AAD00000703FF4BAA9B3F5402F2E4818BF0020EC
:10AAE000FFF7B3B9294AD2F8E43013F440133FF426
:10AAF00017AFB3F5801F05D103A8FFF7E1F805985C
:10AB0000FFF7A3B91168880709D5B3F5001F06D16F
:10AB100013681F48C3F3C103D840FFF796B9106804
:10AB200010F400703FF491A9B3F5401F194818BF05
:10AB30000020FFF78AB9154AD2F8E43013F4400335
:10AB40003FF4EEAEB3F5800F05D103A8FFF7B8F8D8
:10AB50000598FFF77AB91168890709D5B3F5000F91
:10AB600006D113680A48C3F3C103D840FFF76DB993
:10AB7000064A106810F400703FF467A9B3F5400F5F
:10AB8000044818BF0020FFF760B900BF000C025452
:10AB90000090D00300093D00B24AD2F8E43013F02F
:10ABA00040733FF4D2ABB3F1807F05D103A8FFF728
:10ABB00087F80598FFF749B9106810F002003FF4D4
:10ABC00044A9B3F1007F40F0FA841368A648C3F3A8
:10ABD000C103D840FFF739B9A24AD2F8DC3003F4F8
:10ABE000E063B3F5407F23D00BD8B3F5807F11D05D
:10ABF000B3F5007F16D0002B3FF492AE0020FFF794
:10AC000024B9B3F5806F1AD0B3F5A06F21D000201E
:10AC1000FFF71BB9002368460093FEF7BDFF0098BD
:10AC2000FFF713B903A8FFF74BF80598FFF70DB925
:10AC3000D2F8F000C0F34000C003FFF706B9D2F825
:10AC4000F03013F0006F14BF4FF4FA400020FFF70C
:10AC5000FCB8D2F8E830116803F04043880707D504
:10AC600033B913688048C3F3C103D840FFF7EDB888
:10AC70007C4A1168890503D5B3F1804F00F0A284A6
:10AC8000106810F400303FF4E0A8B3F1004F7748AB
:10AC900018BF0020FFF7D9B8724AD2F8DC3003F4AD
:10ACA000E043B3F5405F23D00BD8B3F5805F11D0FC
:10ACB000B3F5005F16D0002B3FF447AB0020FFF741
:10ACC000C4B8B3F5804F1AD0B3F5A04F21D00020FF
:10ACD000FFF7BBB8002368460093FEF75DFF0098BE
:10ACE000FFF7B3B803A8FEF7EBFF0598FFF7ADB881
:10ACF000D2F8F000C0F34000C003FFF7A6B8D2F8C6
:10AD0000F03013F0006F14BF4FF4FA400020FFF74B
:10AD10009CB8D2F8E830116803F04043880707D5A3
:10AD200033B913685048C3F3C103D840FFF78DB857
:10AD30004C4A1168890503D5B3F1804F00F0458472
:10AD4000106810F400303FF480A8B3F1004F47487A
:10AD500018BF0020FFF779B8424AD2F8DC3003F47C
:10AD6000E023B3F5403F23D00BD8B3F5803F11D09B
:10AD7000B3F5003F16D0002B3FF4D2AD0020FFF713
:10AD800064B8B3F5802F1AD0B3F5A02F21D00020DE
:10AD9000FFF75BB8002368460093FEF7FDFE0098BE
:10ADA000FFF753B803A8FEF78BFF0598FFF74DB8E0
:10ADB000D2F8F000C0F34000C003FFF746B8D2F865
:10ADC000F03013F0006F14BF4FF4FA400020FFF78B
:10ADD0003CB8D2F8E830116803F04043880707D543
:10ADE00033B913682048C3F3C103D840FFF72DB827
:10ADF0001C4A1168890503D5B3F1804F00F0E88340
:10AE0000106810F400303FF420A8B3F1004F174849
:10AE100018BF0020FFF719B8124AD2F8DC3003F44B
:10AE2000E003B3F5401F29D00BD8B3F5801F11D034
:10AE3000B3F5001F1CD0002B3FF472AD0020FFF7CC
:10AE400004B8B3F5800F20D0B3F5A00F27D00020B1
:10AE5000FEF7FBBF002368460093FEF79DFE0098B7
:10AE6000FEF7F3BF000C02540090D00340787D0140
:10AE700003A8FEF725FF0598FEF7E7BFD2F8F0001C
:10AE8000C0F34000C003FEF7E0BFD2F8F03013F08B
:10AE9000006F14BF4FF4FA400020FEF7D6BFD2F87F
:10AEA000E830116803F04043880707D533B91368C9
:10AEB000AC48C3F3C103D840FEF7C7BFAA4A116824
:10AEC000890503D5B3F1804F00F08583106810F435
:10AED00000303EF4BAAFB3F1004FA44818BF0020D1
:10AEE000FEF7B3BFA04AD2F8DC3003F0E063B3F161
:10AEF000407F23D00BD8B3F1807F11D0B3F1007F16
:10AF000016D0002B3FF40CAD0020FEF79EBFB3F12E
:10AF1000806F1AD0B3F1A06F21D00020FEF795BF4B
:10AF2000002368460093FEF737FE0098FEF78DBFBA
:10AF300003A8FEF7C5FE0598FEF787BFD2F8F0001C
:10AF4000C0F34000C003FEF780BFD2F8F03013F02A
:10AF5000006F14BF4FF4FA400020FEF776BFD2F81E
:10AF6000E830116803F04043880707D533B9136808
:10AF70007C48C3F3C103D840FEF767BF7A4A116823
:10AF8000890503D5B3F1804F00F02883106810F4D1
:10AF900000303EF45AAFB3F1004F744818BF0020A0
:10AFA000FEF753BFB3F1804F27D0B3F1A04F7EF42B
:10AFB0004CAFD2F8E830116803F04043880726D53B
:10AFC0002BBB13686748C3F3C103D840FEF73DBFEE
:10AFD000002368460093FEF7DFFD0098FEF735BFBB
:10AFE00003A8FEF76DFE0598FEF72FBFD2F8F0001C
:10AFF000C0F34000C003FEF728BFD2F8F03013F0D2
:10B00000006F14BF4FF4FA400020FEF71EBF564AEF
:10B010001168890503D5B3F1804F00F0E282106812
:10B0200010F400303EF411AFB3F1004F4F4818BF99
:10B030000020FEF70ABF4C4AD2F8E830126803F449
:10B040004073900302D5002B00F0CE82B3F5807FD1
:10B0500007D1002303A80493FEF7FEFC0498FEF733
:10B06000F4BEB3F5007F40F0C2820023684601932E
:10B07000FEF792FD0198FEF7E8BE3B4AD2F8E030B9
:10B0800003F00703042B00F2B582DFE803F0060E9D
:10B0900016031E003648FEF7D8BE002303A804930B
:10B0A000FEF7DAFC0498FEF7D0BE00236846009352
:10B0B000FEF772FD0098FEF7C8BE002303A80393B5
:10B0C000FEF7FEFD0398FEF7C0BED2F8E830116827
:10B0D00003F04043890707D533B913682148C3F308
:10B0E000C103D840FEF7B1BE1F4A1168880503D5D9
:10B0F000B3F1804F00F08182106810F400303EF40C
:10B10000A4AEB3F1004F194818BF0020FEF79DBE52
:10B11000154AD2F8E03003F03803102B19D008D8C4
:10B120007BB9002303A80493FEF796FC0498FEF76E
:10B130008CBE182B00F06482202B1BD00020FEF761
:10B1400084BE002368460093FEF726FD0098FEF7B4
:10B150007CBE002303A80393FEF7B2FD0398FEF71D
:10B1600074BE00BF0090D003000C025440787D01F3
:10B170000080BB00D2F8E830116803F04043890733
:10B1800007D533B91368A548C3F3C103D840FEF708
:10B190005CBEA34A1168880503D5B3F1804F00F067
:10B1A0003282106810F400303EF44FAEB3F1004F1D
:10B1B0009C4818BF0020FEF748BE994AD2F8E030FC
:10B1C00003F4E073802B1AD008D883B9002303A8B6
:10B1D0000493FEF741FC0498FEF737BEC02B00F045
:10B1E0001582B3F5807F12D00020FEF72EBE00231B
:10B1F00068460093FEF7D0FC0098FEF726BE0023B9
:10B2000003A80393FEF75CFD0398FEF71EBED2F879
:10B21000E830116803F04043890707D533B9136854
:10B220007E48C3F3C103D840FEF70FBE7C4A1168C5
:10B23000880503D5B3F1804F00F0EB81106810F45E
:10B2400000303EF402AEB3F1004F764818BF002044
:10B25000FEF7FBBD724AD2F8E03013F460633FF4AE
:10B2600030A8116809010AD5B3F5007F07D1002382
:10B2700068460193FEF790FC0198FEF7E6BD126860
:10B2800090000AD5B3F5806F07D1002303A804937B
:10B29000FEF716FD0498FEF7D8BD614A11688907CC
:10B2A00009D5B3F5C06F06D113685C48C3F3C10379
:10B2B000D840FEF7CABD1268900503D5B3F5006FFC
:10B2C00000F0AA81564A106810F400303EF4BDAD7B
:10B2D000B3F5206F534818BF0020FEF7B6BD504AA3
:10B2E000D2F8E03013F4E0433FF41AAB11680901DF
:10B2F0000AD5B3F5805F07D1002368460193FEF7B6
:10B300004BFC0198FEF7A1BD126890000AD5B3F579
:10B31000005F07D1002303A80493FEF7D1FC049833
:10B32000FEF793BD3E4A1168890709D5B3F5405F22
:10B3300006D113683948C3F3C103D840FEF785BD71
:10B340001268900503D5B3F5804F00F06881344A48
:10B35000106810F400303EF478ADB3F5A04F3148DA
:10B3600018BF0020FEF771BD2D4AD2F8E03013F46B
:10B3700060333EF4A6AF116809010AD5B3F5004F5A
:10B3800007D1002368460193FEF706FC0198FEF7FB
:10B390005CBD126890000AD5B3F5803F07D1002349
:10B3A00003A80493FEF78CFC0498FEF74EBD1C4ADC
:10B3B0001168890709D5B3F5C03F06D1136817484E
:10B3C000C3F3C103D840FEF740BD1268900503D512
:10B3D000B3F5003F00F02681114A106810F40030E8
:10B3E0003EF433ADB3F5203F0E4818BF0020FEF702
:10B3F0002CBD0B4AD2F8E43003F00303022B13D028
:10B40000032B17D0012B7FF4CEAA002303A80493AB
:10B41000FEF722FB0498FEF718BD00BF0090D00392
:10B42000000C025440787D016846FEF7B5FB029897
:10B43000FEF70BBDD2F8E830116803F040438907EE
:10B4400007D533B913688248C3F3C103D840FEF768
:10B45000FCBC804A1168880503D5B3F1804F00F029
:10B46000E480106810F400303EF4EFACB3F1004F0C
:10B47000794818BF0020FEF7E8BC764AD2F8E830D9
:10B48000116803F03003890402D5002B00F0D88046
:10B490001268920109D5102B07D1002303A8049349
:10B4A000FEF7DAFA0498FEF7D0BC6A4AD2F8F01038
:10B4B000880702D5202B00F0C680D2F8F00010F0EB
:10B4C00000603EF4C2AC302B0CBF4FF4FA400020B9
:10B4D000FEF7BBBC5F4AD2F8E43003F03003102B18
:10B4E00007D1002303A80493FEF7B6FA0498FEF7E9
:10B4F000ACBC1168890009D5202B07D1002303A813
:10B500000493FEF7DDFB0498FEF79FBC106810F46F
:10B5100000503EF49AAC302B504818BF0020FEF784
:10B5200094BC4FF40040FEF790BC4FF4FA40FEF795
:10B530008CBC0020FEF789BC0020FEF786BC0020F2
:10B54000FEF783BC0020FEF780BC4548FEF77DBCBB
:10B550004448FEF77ABC4248FEF777BC4148FEF704
:10B5600074BC4048FEF771BC3E48FEF76EBC3D48D7
:10B57000FEF76BBC3B48FEF768BC3A48FEF765BC7B
:10B580003848FEF762BC3748FEF75FBC3548FEF727
:10B590005CBC3448FEF759BC3248FEF756BC314813
:10B5A000FEF753BC2F48FEF750BC2E48FEF74DBCAB
:10B5B0002948FEF74ABC4FF40040FEF746BC002085
:10B5C000FEF743BC2748FEF740BC2648FEF73DBCCB
:10B5D0002448FEF73ABC2348FEF737BC2148FEF763
:10B5E00034BC2048FEF731BC1B48FEF72EBC0020BF
:10B5F000FEF72BBC0020FEF728BC1A48FEF725BC3E
:10B600001748FEF722BC1748FEF71FBC1448FEF788
:10B610001CBC1448FEF719BC1248FEF716BC1148B2
:10B62000FEF713BC0F48FEF710BC0E48FEF70DBC2A
:10B630004FF40040FEF709BC4FF4FA40FEF705BC9A
:10B640000648FEF702BC4FF40040FEF7FEBB00BF09
:10B650000090D003000C025440787D01006CDC02A5
:10B660000080BB0000093D002DE9E04F2746A046C1
:10B67000A146A246A346A446A2B02DEC000A84F33C
:10B68000008825462646A447EFF3148515F0080FD9
:10B6900018BFB0EE400A3DEC000A22B0BDE8E08FD2
:10B6A00080F0004002E000BF81F0004142001FBF77
:10B6B0005FEA410392EA030F7FEA226C7FEA236C80
:10B6C0006AD04FEA1262D2EB1363C1BFD218414075
:10B6D00048404140B8BF5B42192B88BF704710F00B
:10B6E000004F40F4000020F07F4018BF404211F0AE
:10B6F000004F41F4000121F07F4118BF494292EA16
:10B70000030F3FD0A2F1010241FA03FC10EB0C0041
:10B71000C3F1200301FA03F100F0004302D54942CE
:10B7200060EB4000B0F5000F13D3B0F1807F06D37B
:10B7300040084FEA310102F10102FE2A51D2B1F173
:10B74000004F40EBC25008BF20F0010040EA030068
:10B750007047490040EB0000013A28BFB0F5000FE8
:10B76000EDD2B0FA80FCACF1080CB2EB0C0200FA9E
:10B770000CF0AABF00EBC25052421843BCBFD040ED
:10B780001843704792F0000F81F4000106BF80F467
:10B7900000000132013BB5E74FEA41037FEA226C2A
:10B7A00018BF7FEA236C21D092EA030F04D092F0F5
:10B7B000000F08BF0846704790EA010F1CBF002029
:10B7C000704712F07F4F04D1400028BF40F0004086
:10B7D000704712F100723CBF00F50000704700F0A6
:10B7E000004343F0FE4040F4000070477FEA2262CD
:10B7F00016BF08467FEA23630146420206BF5FEA9E
:10B80000412390EA010F40F4800070474FF000039D
:10B8100004E000BF10F0004348BF40425FEA000C64
:10B8200008BF704743F0964301464FF000001CE00C
:10B8300050EA010208BF70474FF000030AE000BF62
:10B8400050EA010208BF704711F0004302D54042A0
:10B8500061EB41015FEA010C02BF84460146002012
:10B8600043F0B64308BFA3F18053A3F50003BCFA2D
:10B870008CF2083AA3EBC25310DB01FA02FC6344DA
:10B8800000FA02FCC2F12002BCF1004F20FA02F2E1
:10B8900043EB020008BF20F00100704702F12002D4
:10B8A00001FA02FCC2F1200250EA4C0021FA02F235
:10B8B00043EB020008BF20EADC7070474FF0FF0C3A
:10B8C0001CEAD0521EBF1CEAD15392EA0C0F93EA35
:10B8D0000C0F6FD01A4480EA010C400218BF5FEAD7
:10B8E00041211ED04FF0006343EA501043EA51114A
:10B8F000A0FB01310CF00040B1F5000F3EBF490044
:10B9000041EAD3715B0040EA010062F17F02FD2A47
:10B910001DD8B3F1004F40EBC25008BF20F001002A
:10B92000704790F0000F0CF0004C08BF49024CEA41
:10B93000502040EA51207F3AC2BFD2F1FF0340EAD3
:10B94000C250704740F400004FF00003013A5DDC44
:10B9500012F1190FDCBF00F000407047C2F1000285
:10B96000410021FA02F1C2F1200200FA02FC5FEA72
:10B97000310040F1000053EA4C0308BF20EADC70BC
:10B98000704792F0000F00F0004C02BF400010F42E
:10B99000000F013AF9D040EA0C0093F0000F01F0DB
:10B9A000004C02BF490011F4000F013BF9D041EAFD
:10B9B0000C018FE70CEAD15392EA0C0F18BF93EAFF
:10B9C0000C0F0AD030F0004C18BF31F0004CD8D129
:10B9D00080EA010000F00040704790F0000F17BFB0
:10B9E00090F0004F084691F0000F91F0004F14D0F6
:10B9F00092EA0C0F01D142020FD193EA0C0F03D14E
:10BA00004B0218BF084608D180EA010000F0004050
:10BA100040F0FE4040F40000704740F0FE4040F42B
:10BA2000400070474FF0FF0C1CEAD0521EBF1CEACA
:10BA3000D15392EA0C0F93EA0C0F69D0A2EB0302E8
:10BA400080EA010C49024FEA402037D04FF0805382
:10BA500043EA111143EA10130CF000408B4238BF47
:10BA60005B0042F17D024FF4000C8B4224BF5B1A55
:10BA700040EA0C00B3EB510F24BFA3EB510340EAA3
:10BA80005C00B3EB910F24BFA3EB910340EA9C0051
:10BA9000B3EBD10F24BFA3EBD10340EADC001B01C1
:10BAA00018BF5FEA1C1CE0D1FD2A3FF650AF8B4265
:10BAB00040EBC25008BF20F0010070470CF0004C72
:10BAC0004CEA50207F32C2BFD2F1FF0340EAC2509D
:10BAD000704740F400004FF00003013A37E792F05E
:10BAE000000F00F0004C02BF400010F4000F013ABC
:10BAF000F9D040EA0C0093F0000F01F0004C02BFB7
:10BB0000490011F4000F013BF9D041EA0C0195E71F
:10BB10000CEAD15392EA0C0F08D142027FF47DAFB8
:10BB200093EA0C0F7FF470AF084676E793EA0C0FA8
:10BB300004D14B023FF44CAF08466EE730F0004CA6
:10BB400018BF31F0004CCAD130F000427FF45CAF36
:10BB500031F000437FF43CAF5FE700BF42000ED2FC
:10BB6000B2F1FE4F0BD34FF09E03B3EB126209D438
:10BB70004FEA002343F0004323FA02F070474FF0EE
:10BB80000000704712F1610F01D1420202D14FF063
:10BB9000FF3070474FF00000704700BF53B94AB9FB
:10BBA000002908BF00281CBF4FF0FF314FF0FF30C5
:10BBB00000F0B2B9ADF1080C6DE904CE00F006F862
:10BBC000DDF804E0DDE9022304B070472DE9F04F11
:10BBD0008C46099E04460F46002B48D18A421546E2
:10BBE0005ED9B2FA82F33BB1C3F120029F409D407F
:10BBF0009C4020FA02F217434FEA154E1FFA85FCCB
:10BC0000220CB7FBFEF10EFB117701FB0CF042EAB0
:10BC10000742904207D9AA1801F1FF3702D2904299
:10BC200000F258813946121AA4B2B2FBFEF00EFBA4
:10BC3000102200FB0CFC44EA0244A4450BD92C1949
:10BC400000F1FF322CBF01270027A44502D9002FA5
:10BC500000F04381104640EA0140A4EB0C040021AF
:10BC60001EB1DC400023C6E90043BDE8F08F8B42E3
:10BC700006D90EB1C6E9000100210846BDE8F08FE3
:10BC8000B3FA83F1002951D16345C0F01681824295
:10BC900040F213810846002EE7D0C6E90047E4E7EA
:10BCA000002A00F0AF80B2FA82F3002B40F0C2808D
:10BCB0008A1A4FEA154EAFB20121200CB2FBFEFCEE
:10BCC0000EFB1C2240EA024207FB0CF090420ED908
:10BCD000AA180CF1FF382CBF4FF001094FF00009F2
:10BCE000904203D9B9F1000F00F0F080C446121A57
:10BCF000A4B2B2FBFEF00EFB102200FB07F744EAF1
:10BD00000244A7420ED92C1900F1FF322CBF4FF08C
:10BD1000010E4FF0000EA74203D9BEF1000F00F054
:10BD2000D2801046E41B40EA0C4099E7C1F120059F
:10BD30008B400CFA01F400FA01F922FA05F72CFA0B
:10BD400005FC8A401F4320FA05F3380C23431FFAF1
:10BD500087FE1C0CBCFBF0F800FB18CC44EA0C443A
:10BD600008FB0EFCA4450ED93C1908F1FF3A2CBF84
:10BD70004FF0010B4FF0000BA44503D9BBF1000FAE
:10BD800000F0B880D046A4EB0C041FFA83FCB4FB8F
:10BD9000F0F300FB134403FB0EFE4CEA0444A645FB
:10BDA0000ED93C1903F1FF302CBF4FF0010C4FF0BE
:10BDB000000CA64503D9BCF1000F00F09F8003469C
:10BDC00043EA0840A4EB0E04A0FB02EC6445734672
:10BDD000E04602D307D1F14505D2BEEB02036CEB7E
:10BDE000070C0138E0465EB1B9EB030264EB0804CE
:10BDF00004FA05F522FA01F3CC401D43C6E90054CC
:10BE0000002132E742082F464B08AC4642EAC17295
:10BE1000AE46C407110C92B241EA034142EA014224
:10BE2000B1FBF5F1B3FBF5F01F23A2EB0C0241EAE5
:10BE3000004142E79D40C3F1200299409C402CFA0A
:10BE400002FC4FEA154E20FA02F2AFB2BCFBFEF83C
:10BE50000A430EFB18CC110C41EA0C4108FB07FC0D
:10BE60008C4550D9691808F1FF302CBF4FF00109FB
:10BE70004FF000098C4502D9B9F1000F30D0A1EB89
:10BE80000C01B1FBFEF808FB07FC0EFB181192B287
:10BE900042EA0142624534D2AA1808F1FF312CBFB0
:10BEA0004FF001094FF000096245BED2B9F1000F11
:10BEB000BBD1A8F102012A44B7E7841A6CEB030254
:10BEC00001201746E7E62C4402382BE7ACF1020CC0
:10BED0002A440CE702392A44A5E62C440238BAE683
:10BEE000A5EB0C0CA8F102006144B1FBFEF808FBC5
:10BEF00007FCCAE7A8F102083C4444E7023B3C4483
:10BF00005EE7414691E7A1EB0C014046B1FBFEF82C
:10BF100008FB07FCB9E700BF704700BF10D2010C57
:10BF200000000430290000000000000000000000B4
:10BF300000000000A4000430640D000000000000B8
:10BF400000000000010000000200000004000000EA
:10BF5000050000000164000094CF010C0080030084
:10BF6000000005000364000094CF010C0080110064
:10BF7000000005000264000094CF010C008008005E
:10BF8000000009000464000094CF010C008016003A
:10BF9000000009000564000094CF010C00000000BF
:10BFA00000C0000054686973206465766963652089
:10BFB0006973201B5B313B316D4E4F542053454319
:10BFC000555245005468697320646576696365203D
:10BFD0007761732070726F766973696F6E65642024
:10BFE000776974682064756D6D79206B6579732E3F
:10BFF00020001B5B313B33316D001E2573257325FB
:10C000007325730A001B5B306D0028426567696EFB
:10C010006E696E6720424C322070726F7669736968
:10C020006F6E696E670A0054464D5F44554D4D5919
:10C030005F50524F564953494F4E494E47206973FE
:10C04000206E6F74207375697461626C6520666F11
:10C05000722070726F64756374696F6E2120000ABC
:10C06000506C6174666F726D20696E6974206661D0
:10C07000696C65640A00285374617274696E672084
:10C08000626F6F746C6F616465720A000A4F54507E
:10C090002073797374656D20696E697469616C6968
:10C0A0007A6174696F6E206661696C65640A000A62
:10C0B00050726F766973696F6E696E672072657111
:10C0C000756972656420636865636B206661696C7D
:10C0D00065640A000A50726F766973696F6E696EE3
:10C0E00067206661696C65640A000A4572726F7246
:10C0F000207768696C6520696E697469616C697A1A
:10C10000696E6720746865207365637572697479F8
:10C1100020636F756E7465720A000A506C617466F4
:10C120006F726D20706F737420696E697420666120
:10C13000696C65640A000A50534120437279707437
:10C140006F20696E6974206661696C656420776927
:10C150007468206572726F7220636F646520256455
:10C160000A005253412D33303732002850534120BA
:10C1700043727970746F20696E697420646F6E65A4
:10C180002C207369675F747970653A202573257375
:10C190000A000A5072652D6C6F61642073746570BB
:10C1A00020666F7220696D61676520256420666175
:10C1B000696C65640A000A556E61626C6520746F73
:10C1C0002066696E6420626F6F7461626C652069BD
:10C1D0006D6167650A000A506F73742D6C6F61643E
:10C1E000207374657020666F7220696D61676520C9
:10C1F0002564206661696C65640A0028426F6F746B
:10C200006C6F6164657220636861696E6C6F6164F4
:10C210002061646472657373206F66667365743A37
:10C2200020307825780A0028496D61676520766599
:10C230007273696F6E3A207625642E25642E25640C
:10C240000A00284A756D70696E6720746F207468E3
:10C250006520666972737420696D61676520736C0F
:10C260006F740A000A696E76616C696420666C619D
:10C2700073682049442025643B20657870656374A9
:10C2800065642025640A000A6172656120256420C6
:10C2900073697A652030782578206E6F7420646920
:10C2A00076697369626C6520627920736563746F67
:10C2B000722073697A6520307825780A000A666CE6
:10C2C0006173682061726561202564207365637401
:10C2D0006F7220636F756E74206F766572666C6F17
:10C2E000770A007072696D617279007365636F6EB1
:10C2F00064617279000A496D61676520696E207416
:10C30000686520257320736C6F74206973206E6FCD
:10C31000742076616C6964210A001E2564207374A0
:10C3200061747573207772697465206661696C73D6
:10C3300020706572666F726D696E67207468652023
:10C34000737761700A000A4661696C656420746FD6
:10C35000206F70656E20666C617368206172656124
:10C36000732C2063616E6E6F7420636F6E74696EE0
:10C3700075650A001E4661696C65642072656164BA
:10C38000696E6720736563746F72733B20424F4F11
:10C39000545F4D41585F494D475F534543544F5299
:10C3A000533D2564202D20746F6F20736D616C6C7C
:10C3B0003F0A001E4661696C6564207265616469AC
:10C3C0006E6720696D616765206865616465727379
:10C3D0003B20496D6167653D25750A001E46616910
:10C3E0006C65642072656164696E6720626F6F744A
:10C3F000207374617475733B20496D6167653D25D9
:10C40000750A000A70616E6963210A0028496D612E
:10C4100067652025642075706772616465207365A7
:10C42000636F6E6461727920736C6F74202D3E208F
:10C430007072696D61727920736C6F740A0028459F
:10C44000726173696E6720746865207072696D61CE
:10C45000727920736C6F740A0028496D61676520DA
:10C46000256420636F7079696E6720746865207336
:10C4700065636F6E6461727920736C6F7420746F82
:10C4800020746865207072696D61727920736C6FB9
:10C49000743A203078257A782062797465730A00BE
:10C4A0000A536563757269747920636F756E74657C
:10C4B0007220757064617465206661696C656420C2
:10C4C000616674657220696D616765207570677259
:10C4D0006164653A2025640A000A536563757269D0
:10C4E000747920636F756E74657220757064617401
:10C4F00065206661696C6564206166746572206997
:10C500006D6167652025642076616C69646174697A
:10C510006F6E3A2025640A000A4465746563746589
:10C520006420696E636F6E73697374656E742073D3
:10C530007461747573210A001E43616E6E6F7420FE
:10C54000757067726164653A206D6F7265207365FE
:10C5500063746F7273207468616E20616C6C6F77A6
:10C5600065640A001E43616E6E6F74207570677299
:10C570006164653A20736C6F74732068617665201E
:10C580006E6F6E2D636F6D70617469626C65207380
:10C590006563746F72730A001E43616E6E6F742060
:10C5A000757067726164653A206E6F7420616C6C9F
:10C5B00020736563746F72732066697420696E738B
:10C5C00069646520736372617463680A001E436165
:10C5D0006E6E6F7420757067726164653A20736C5B
:10C5E0006F747320617265206E6F7420636F6D705D
:10C5F000617469626C650A0062616400676F6F64F0
:10C6000000756E7365740073637261746368006EA5
:10C610006F6E65007072696D61727920736C6F74F2
:10C62000004255473B2063616E277420686170703B
:10C63000656E005072696D61727920696D61676520
:10C64000002825733A206D616769633D25732C20AE
:10C65000737761705F747970653D307825782C2030
:10C66000636F70795F646F6E653D307825782C203C
:10C67000696D6167655F6F6B3D307825780A00539F
:10C680006372617463680028426F6F7420736F7502
:10C690007263653A2025730A0028426F6F74207315
:10C6A0006F757263653A206E6F6E650A0028537469
:10C6B000617274696E672073776170207573696E3B
:10C6C00067207363726174636820616C676F72695D
:10C6D00074686D2E0A000A4661696C656420746F87
:10C6E0002072656164207374617475732066726F63
:10C6F0006D2025642C206572722025640A0A000AC8
:10C700004661696C656420746F2061646420696DA2
:10C71000616765206461746120746F207368617261
:10C72000656420617265610A000A4661696C65642E
:10C7300020746F20616464206461746120746F20D0
:10C74000736861726564206D656D6F7279206172C6
:10C7500065612E0A000A4661696C656420746F2069
:10C760006F70656E20666C61736820617265612010
:10C7700049442025642028696D616765202564206F
:10C78000736C6F7420257A75293A2025640A000A93
:10C790004661696C656420746F206F70656E2073EC
:10C7A00063726174636820666C617368206172658E
:10C7B000613A2025640A00285365636F6E646172D4
:10C7C0007920696D616765206F6620696D616765B5
:10C7D0002070616972202825642920697320756E94
:10C7E000726561636861626C652E20547265617464
:10C7F00020697420617320656D7074790A0028497E
:10C800006D61676520696E6465783A2025642C2027
:10C810005377617020747970653A2025730A002877
:10C82000496D61676520696E6465783A2025642CDE
:10C83000205377617020747970653A206E6F6E6551
:10C840000A0074657374007065726D0072657665B8
:10C850007274000A496D616765207365637572695A
:10C86000747920636F756E7465722076616C75657E
:10C87000202575206C6F776572207468616E206D5D
:10C880006F6E6F746F6E69632076616C75652025BD
:10C89000750A000A4572726F72207768696C6520AC
:10C8A000756E696E697469616C697A696E67204634
:10C8B0006C61736820496E746572666163650A0015
:10C8C0000A4572726F72207768696C6520696E69BB
:10C8D0007469616C697A696E6720524E47204970AD
:10C8E0000A000A4572726F72207768696C65206968
:10C8F0006E697469616C697A696E67204857206156
:10C900006363656C657261746F722049700A000A16
:10C910004572726F72207768696C6520696E697400
:10C9200069616C697A696E6720466C617368204939
:10C930006E746572666163650A000A556E6578708B
:10C9400065637465642076616C756520666F72201E
:10C95000545A454E0A000A556E65787065637465D1
:10C96000642076616C756520666F722073776170E4
:10C970002062616E6B20636F6E66696775726174A9
:10C98000696F6E0A000A556E657870656374656438
:10C990002076616C756520666F7220424F4F54207F
:10C9A00055424520636F6E66696775726174696F81
:10C9B0006E0A0028426F6F744164647220307825DB
:10C9C000780A000A556E6578706563746564207630
:10C9D000616C756520666F722053454320424F4F4E
:10C9E0005420416464726573730A002842414E4BBF
:10C9F00020312073656375726520666C61736820F1
:10CA00005B25642C2025645D203A204F42205B2565
:10CA1000642C2025645D0A000A556E657870656394
:10CA20007465642076616C756520666F722073652D
:10CA30006375726520666C6173682070726F7465CF
:10CA40006374696F6E3A2073657420776D736563E4
:10CA5000310A002842414E4B2032207365637572C3
:10CA60006520666C617368205B25642C2025645DFD
:10CA7000203A204F42205B25642C2025645D0A006B
:10CA80002842414E4B203120666C617368207772DA
:10CA90006974652070726F74656374696F6E206766
:10CAA000726F757020307825783A204F42203078A8
:10CAB00025780A000A556E65787065637465642090
:10CAC00076616C756520666F722077726974652077
:10CAD00070726F74656374696F6E203A2073657449
:10CAE00020777270310A002842414E4B2031206875
:10CAF0006964652070726F74656374696F6E205B22
:10CB000025642C2025645D203A204F42205B25645B
:10CB10002C2025645D0A000A556E65787065637483
:10CB200065642076616C756520666F722068696443
:10CB3000652070726F74656374696F6E203A20733C
:10CB4000657420686470310A000A556E65787065F6
:10CB5000637465642076616C756520666F7220531E
:10CB600052414D3220455241534520617420526557
:10CB70007365740A000A556E657870656374656440
:10CB80002076616C756520666F72205352414D327C
:10CB9000204543430A000A4572726F722077686924
:10CBA0006C652073657474696E67204F4220426122
:10CBB0006E6B3120636F6E6669670A000A45727298
:10CBC0006F72207768696C65206578656375746934
:10CBD0006F6E204F425F4C61756E63680A00284299
:10CBE0006F6F744C6F636B20307825780A000A559C
:10CBF0006E65787065637465642076616C75652018
:10CC0000666F722053454320424F4F54204C4F4390
:10CC10004B0A005B556E737570706F727465645D5E
:10CC2000005B4552525D005B4E4F545D005B5752B6
:10CC30004E5D005B494E465D005B5645525D00ED22
:10CC4000FEDEC0BFE6D86F8826F4FF97FB96C4E6E9
:10CC5000FBC4993E4619FC565DA26ADF34C32948DD
:10CC60009ADC38B360CAF5C98C6B942A4882FA9D65
:10CC70004823EFB166A9EF6A6E4AA37C1919ED1F2C
:10CC8000CCC04900010000000000000200000000CC
:10CC90000000000000000000000000000000000094
:10CCA0000000000000000000000000000000000084
:10CCB0000000000000000000000000000000000074
:10CCC0000000000000000000000000000000000064
:10CCD0000000000000000000000000000000000054
:10CCE0000000000000000000000000000000000044
:10CCF0000000000000000000000000000000000034
:10CD00000000000000000000000000000000000023
:10CD10000000000000000000000000000000000013
:10CD20000000000000000000000000000000000003
:10CD300000000000000000000000000000000000F3
:10CD400000000000000000000000000000000000E3
:10CD500000000000000000000000000000000000D3
:10CD600000000000000000000000000000000000C3
:10CD700000000000000000000000000000000000B3
:10CD800000020000000000000000000000000000A1
:10CD90000C00000000000000000000000000000087
:10CDA000000000000000000000000004000000007F
:10CDB0000000000000000000000000000000000073
:10CDC0000000000000000000000000000000000063
:10CDD0000000000000000000000000000000000053
:10CDE000010501000105030204010401030403021B
:10CDF00042C8010C47C8010C4CC8010C04010403D3
:10CE000004020401040104030104030401041000EA
:10CE10002DE15D29410B8D77679C110F1F8A000062
:10CE2000BB05010C10141400001C2030401C200015
:10CE3000001C203040000000982F8A429144377136
:10CE4000CFFBC0B5A5DBB5E95BC25639F111F1598D
:10CE5000A4823F92D55E1CAB98AA07D8015B8312CF
:10CE6000BE853124C37D0C55745DBE72FEB1DE807B
:10CE7000A706DC9B74F19BC1C1699BE48647BEEFAA
:10CE8000C69DC10FCCA10C246F2CE92DAA84744A35
:10CE9000DCA9B05CDA88F97652513E986DC631A8AB
:10CEA000C82703B0C77F59BFF30BE0C64791A7D58A
:10CEB0005163CA0667292914850AB72738211B2E12
:10CEC000FC6D2C4D130D385354730A65BB0A6A76FA
:10CED0002EC9C281852C7292A1E8BFA24B661AA806
:10CEE000708B4BC2A3516CC719E892D1240699D616
:10CEF00085350EF470A06A1016C1A419086C371E8F
:10CF00004C774827B5BCB034B30C1C394AAAD84E6C
:10CF10004FCA9C5BF36F2E68EE828F746F63A578A7
:10CF20001478C8840802C78CFAFFBE90EB6C50A43A
:10CF3000F7A3F9BEF27871C6092040000000000195
:10CF400002030400000000000000000102030406C8
:10CF5000070809000000000000200240FF1F0340F6
:10CF6000000000000100000000800808FF7F1F088B
:10CF7000000000000200000000F8FF083FF8FF0872
:10CF8000000000000300000000FBF90BFFFEF90B9E
:10CF900000000000996B010CB16B010CE96B010CF6
:10CFA000B56B010CB96B010C316C010C396D010CC6
:10CFB000616E010CCF6B010CD56B010CE16B010CA8
:10CFC0000000000000010000002000000020000020
:10CFD00010000000FF00000003020001010000003B
:10CFE000020000000400000021CC010C0000000041
:10CFF0000000000000000000000000000000000031
:10D000000000000000000000000000000000000020
:10D0100027CC010C00000000000000000000000010
:10D020000000000000000000000000000000000000
:10D0300000000000000000002DCC010C00000000EA
:10D0400000000000000000000000000000000000E0
:10D0500000000000000000000000000000000000D0
:10D0600033CC010C000000000000000000000000B4
:10D0700000000000000000000000000000000000B0
:10D08000000000000000000039CC010C218C010CD4
:10D09000398C010CA58C010C3D8C010C418C010CD0
:10D0A000818C010C618C010C458C010C4B8C010CAA
:10D0B000658D010C4F8C010C538C010C578C010CAD
:10D0C0005D8C010C04020202010002000400060053
:10D0D00008000A000C001000200040008000000141
:10D0E0000746884600F00FF8002001460246034636
:10D0F0000446054606468146824683468446864661
:10D100004046884638470021034B044A43F8041B35
:10D110009342FBD1704700BF0000043000FC043094
:10D1200000210C4B0C4A43F8041B9342FBD1002313
:10D1300018460A4A03F140010133182B42F8210036
:10D14000F8D10021064B074A43F8041B9342FBD158
:10D15000704700BF0001003000010430002C035074
:10D160000000043000FC043008B50023164E0446CD
:10D170003360F3F747FCFAF7D9FE144BDB689847A6
:10D1800020B11348FBF7B6FB00F02AF8FAF780FE4F
:10D1900008B100F025F8F9F7CDFB0E4D0E4B9C6061
:10D1A0002C6000243460F9F7C5FB84F30A882B68EF
:10D1B0001B6883F30888BFF34F8FBFF36F8F2B6813
:10D1C00006485968FFF78CFF4034043094CF010CB7
:10D1D00093C8010C3C34043000ED00E0E1D0010CB8
:10D1E00010B54EF2FE734FF0005424F8013BBFF32C
:10D1F0004F8FBFF36F8F640864002046214622469C
:08D200002346FEF731FA10BDD0
:08D20800C4E9FF7F01000000F2
:10D2100000000000B020043088EACD1F5555551598
:10D22000AAAAAA1A3F08010C3D08010C3908010CF2
:10D230000090D0030000000000000000000000008B
:10D2400000000000010000000000000000000000DD
:10D25000030000008C000430030000007400043060
:10D26000030000005C0004300000000000800200A9
:10D27000FFBF020000000000FFBF000000800300AD
:10D28000FF7F080000800200FFBF020000000000D6
:10D29000FFBF000000800300FF7F1F00008002002E
:10D2A000FFBF020000000000FFBF0000008003007D
:04D2B000FF7F1F00DD
:020000040C02EC
:108000001281DEC0000102030405060708090A0BFD
:108010000C0D0E0F000102030405060708090A0BE8
:108020000C0D0E0FA9B454B26D6F90A4EA3119353E
:1080300064CBA91FEC6F9A002A7DC0504B92A1938C
:108040007134585F200000001200000073746D2E20
:108050006578616D706C652E7863756265210000CE
:10806000000000000000000000000000A0A1A2A38A
:10807000A4A5A6A7A8A9AAABACADAEAFB0B1B2B348
:10808000B4B5B6B7B8B9BABBBCBDBEBF030000003B
:10809000AAAAAAAAAAAAAAAABBBBBBBBBBBBBBBBB8
:1080A000CCCCCCCCCCCCCCCCDDDDDDDDDDDDDDDD88
:1080B0003036303435363532373238323931303087
:1080C000313000000000000000000000000000004F
:1080D0007777772E747275737465646669726D77DD
:1080E0006172652E6F7267000000000000000000E2
:1080F0005053415F494F545F50524F46494C455F82
:10810000310000000000000000000000000000003E
:10811000BFE6D86F8826F4FF97FB96C4E6FBC499A8
:108120003E4619FC565DA26ADF34C329489ADC3802
:10813000B360CAF5C98C6B942A4882FA9D4823EF34
:10814000B166A9EF6A6E4AA37C1919ED1FCCC0492C
:10815000000000000000000000000000000000001F
:10816000000000000000000000000000000000000F
:1081700000000000000000000000000000000000FF
:1081800000000000000000000000000000000000EF
:1081900000000000000000000000000000000000DF
:1081A00000000000000000000000000000000000CF
:1081B00000000000000000000000000000000000BF
:1081C00000000000000000000000000000000000AF
:1081D000000000000000000000000000000000009F
:1081E000000000000000000000000000000000008F
:1081F000000000000000000000000000000000007F
:10820000000000000000000000000000000000006E
:10821000000000000000000000000000000000005E
:10822000000000000000000000000000000000004E
:10823000000000000000000000000000000000003E
:10824000000000000000000000000000000000002E
:10825000B360CAF5C98C6B942A4882FA9D4823EF13
:10826000B166A9EF6A6E4AA37C1919ED1FCCC0490B
:1082700000000000000000000000000000000000FE
:1082800000000000000000000000000000000000EE
:1082900000000000121323340A058978A3668C0DB0
:1082A000975553CAB576186229C6B67975C85A8DDE
:1082B0009E118F85DEC45F662152F939D9779328E4
:1082C000B05E02FA58B416C80F3891BB2817CD8A91
:1082D000C9537266000000000000000000000000AA
:1082E000000000000000000000000000000000008E
:1082F000000000000000000000000000000000007E
:048300000100000078
:10E000004200DEC04200DEC0000000000000000050
:10E010000000000000000000000000000000000000
:040000050C010EF1EB
:00000001FF
