:020000040C03EB
:10840000F81703305987030CA5D7030C1D24040C5F
:108410001D24040C1D24040C3F41040C3341040CA6
:10842000000000000000000000000000D121040C4A
:108430004D86030C000000004F86030C5186030C90
:108440005386030C5586030C5786030C5986030C80
:108450005B86030C5D86030C5F86030C6186030C50
:108460006386030C6586030C6786030C6986030C20
:108470006B86030C6D86030C6F86030C7186030CF0
:108480007386030C7586030C7786030C7986030CC0
:108490007B86030C7D86030C7F86030C8186030C90
:1084A0008386030C8586030C8786030C8986030C60
:1084B0008B86030C8D86030C8F86030C9186030C30
:1084C0009386030C9586030C9786030C9986030C00
:1084D0009B86030C9D86030C9F86030CA186030CD0
:1084E000A386030CA586030CA786030CA986030CA0
:1084F000AB86030CAD86030CAF86030CB186030C70
:10850000B386030CB586030CB786030CB986030C3F
:10851000BB86030CBD86030CBF86030CC186030C0F
:10852000C386030CC586030CC786030CC986030CDF
:10853000CB86030CCD86030CCF86030CD186030CAF
:10854000D386030CD586030CD786030CD986030C7F
:10855000DB86030CDD86030CDF86030CE186030C4F
:10856000E386030CE586030CE786030CE986030C1F
:10857000EB86030CED86030CEF86030CF186030CEF
:10858000F386030CF586030CF786030CF986030CBF
:10859000FB86030CFD86030CFF86030C0187030C8E
:1085A0000387030C0587030C0787030C0987030C5B
:1085B0000B87030C0D87030C0F87030C1187030C2B
:1085C0001387030C1587030C1787030C1987030CFB
:1085D0001B87030C1D87030C1F87030C2187030CCB
:1085E0002387030C2587030C2787030C2987030C9B
:1085F0002B87030C2D87030C2F87030C3187030C6B
:108600003387030C3587030C3787030C3987030C3A
:108610003B87030C3D87030C3F87030C4187030C0A
:108620004387030C4587030C4787030C4987030CDA
:108630004B87030C4D87030C4F87030C5187030CAA
:108640005387030C5587030C5787030CFEE7FEE79F
:10865000FEE7FEE7FEE7FEE7FEE7FEE7FEE7FEE7F2
:10866000FEE7FEE7FEE7FEE7FEE7FEE7FEE7FEE7E2
:10867000FEE7FEE7FEE7FEE7FEE7FEE7FEE7FEE7D2
:10868000FEE7FEE7FEE7FEE7FEE7FEE7FEE7FEE7C2
:10869000FEE7FEE7FEE7FEE7FEE7FEE7FEE7FEE7B2
:1086A000FEE7FEE7FEE7FEE7FEE7FEE7FEE7FEE7A2
:1086B000FEE7FEE7FEE7FEE7FEE7FEE7FEE7FEE792
:1086C000FEE7FEE7FEE7FEE7FEE7FEE7FEE7FEE782
:1086D000FEE7FEE7FEE7FEE7FEE7FEE7FEE7FEE772
:1086E000FEE7FEE7FEE7FEE7FEE7FEE7FEE7FEE762
:1086F000FEE7FEE7FEE7FEE7FEE7FEE7FEE7FEE752
:10870000FEE7FEE7FEE7FEE7FEE7FEE7FEE7FEE741
:10871000FEE7FEE7FEE7FEE7FEE7FEE7FEE7FEE731
:10872000FEE7FEE7FEE7FEE7FEE7FEE7FEE7FEE721
:10873000FEE7FEE7FEE7FEE7FEE7FEE7FEE7FEE711
:10874000FEE7FEE7FEE7FEE7FEE7FEE7FEE7FEE701
:10875000FEE7FEE7FEE7FEE707B50022264B83F8BB
:10876000042310221A60254B83F30A88244A254BE0
:108770009360D3680193019B019B83F07F4383F453
:108780007F0343F4C043D3601F4BD3F8A82042F0CB
:108790000202C3F8A820D3F8A8301C4A0193019B19
:1087A000D2F8483143F00103C2F8483104F026FD05
:1087B000174B18498B4212D30020174B17498B4295
:1087C00018D30BF077FD186850F82240586840F82D
:1087D0002240013298688242F5D30C33EAE7002246
:1087E000F8E71C6844F8220001325C68A242F8D322
:1087F0000833E4E70022F8E700E100E0001003306E
:1088000000ED00E00084030C000C0254000400544E
:10881000C0D1030CE4D1030CE4D1030CFCD1030C54
:1088200001015F5F030100001F010000A58C030C24
:108830000000000000000000010000000100000036
:108840000000000000000000000000000000000028
:10885000021F000000000000000000007000000087
:10886000C822060C80000000000F0000010000007C
:10887000C18C030C01015F5F050100001F010000B6
:10888000059D030C00000000000000000100000036
:1088900001000000000000000000000000000000D7
:1088A00000000000031F00000000000000000000A6
:1088B00080000000D322060C20000000030F0000FF
:1088C00001000000419C030C01015F5F00010000FA
:1088D0001F0000007945040C0000000000000000AB
:1088E0000300000001000000000000000000000084
:1088F0000000000000000000051F00000000000054
:108900000000000080000000700000004000000037
:10891000EB22060C600000000107000001000000CF
:108920005144040C01015F5F010100001F010000C0
:1089300057A3030C0000000000000000000000002E
:108940000100000000000000000000000000000026
:1089500000000000011F00000000000000000000F7
:108960000923060C70000000020F00000100000047
:108970005DA3030C01015F5F040100001F01000003
:1089800033B9030C000000000000000000000000EC
:1089900001000000000000000000000000000000D6
:1089A00000000000011F00000000000000000000A7
:1089B0002E23060C40000000050700000100000007
:1089C0001FB7030C01015F5F0F0100001F010000D2
:1089D000F1BD030C000000000000000002000000D8
:1089E0000100000000000000000000000000000086
:1089F00000000000041F0000000000000000000054
:108A000080000000400000004323060CA00000008E
:108A1000040F000001000000F5B9030C00015F5FC6
:108A200002000000FE0B00006522040CA02A0000DA
:108A30000000000000000000000000000000000036
:108A4000000000000100FFC3000000C400FE0000A1
:108A5000609103300000000001015F5FC30B000064
:108A60001F0000004952040C00000000000000003C
:108A700000000000030000000000000000000000F3
:108A80000000000000000000011F000000000000C6
:108A9000000000005F23060C00F10000060B000040
:108AA000010000000152040C7223060C01F10000C9
:108AB00000010000010000001752040C8C23060C7A
:108AC00002F1000000010000010000003952040C16
:108AD00001015F5FBD0B00001F01000000000000EE
:108AE0000000000000000000020000000100000083
:108AF0000000000000000000000000000000000076
:108B0000041F0000000000000000000080000000C2
:108B100070000000A823060CC0F000000004000054
:108B200001000000418C030C01015F5FBA0B0000E3
:108B30007F0100005F8C030C0000000000000000BB
:108B4000180000000100000001000000000000000B
:108B500000000000000000001A7F0000000000007C
:108B600000000000E0F00000800000006000000055
:108B70007000000020000000C0F000004000000075
:108B8000A000000000F1000001F100000000000062
:108B900000000000000000000000000000000000D5
:108BA00000000000000000000000000000000000C5
:108BB00000000000000000000000000000000000B5
:108BC00000000000BC23060C00F0000000040000C0
:108BD00001000000698C030C000000000000000090
:108BE0000A00000001015F5FBE0B00001F000000D3
:108BF0000000000000000000000000000200000073
:108C00000100000000000000000000000000000063
:108C100000000000041F0000000000000000000031
:108C20008000000070000000D823060CE0F0000077
:0C8C30000004000001000000F143040CEF
:108C40000368002B05DA0233B4BF6FF08000002008
:108C5000704701D10BF028BD6FF08000704708B558
:108C60000CF020FB002008BD08B50BF07FFB0000D6
:108C700038B50025064B294603F580541846D4F82C
:108C80000024C4F8045415F04BF8C4F8005438BD5F
:108C900080280330024BD3F804340360002070476F
:108CA0008038033008B500F019F940B900F086FFAC
:108CB00000F090FF18B9BDE808401AF0C9BD08BD22
:108CC0002DE9F04F04680546A3B0002C40F0FD806C
:108CD0002146202204A815F023F8214620220CA8C2
:108CE00015F01EF82146042414AF3822384615F03A
:108CF00017F805F1200353F8041D2246013C09B181
:108D0000144601E0002CF6D1042605F1300353F897
:108D1000041D3246013E09B1164601E0002EF6D18F
:108D20002CB96FF08304204623B0BDE8F08F3823C0
:108D30003A46002168680BF001FB3828F1D1CDE9F3
:108D400004700127DFF888A10DF1100805F1100962
:108D50000AF5805BBC422DD10CAF3C4600215D4A38
:108D600005F11C00D2F8003400EB8608A2F580590A
:108D700040453DD109B1C2F800340023CDE90233AA
:108D8000059BA968382BC2F80414049A40F091801E
:108D9000138D180A032858D001287FD01268831E2B
:108DA000CDE90221072B7ED8DFE803F0404F545A6B
:108DB00060666C7259F8043F1A1D21D8DBF8000474
:108DC000D91C21F00301C0F5A052914218D80144EA
:108DD00000EB0A02CBF800146868394601920BF0E8
:108DE000ADFA019AC8F80C00013748F8082FB1E72E
:108DF00050F804EF1EF1040F07D909B1C2F800348E
:108E0000FFF736FF6FF08C048DE70EF1030C2CF0AA
:108E1000030CC3F5A05AD44504F10804EDD803EBC4
:108E2000090144E9021E63440121A1E702AA0CA939
:108E300004A800F015FE04464FF00008464507F16F
:108E4000080739D1FFF714FF6DE70CA904A800F05B
:108E5000FDF9F0E702AA0CA904A800F0D9FAEAE7A4
:108E600002AA0CA904A800F011F9E4E702AA0CA9CF
:108E700004A800F084FBDEE702AA0CA904A800F015
:108E800082FCD8E702AA0CA904A800F0CFFCD2E724
:108E900002AA0CA904A800F00BFDCCE70CA904A8B9
:108EA00000F081FEC7E70C4805F080FE6FF08504F6
:108EB000C2E76FF08004BFE7414657E902236868C4
:108EC0000BF048FA08F10108B8E76FF085042AE7CB
:108ED0008028033080380330F0CE030C08B54FF4FF
:108EE0008C520021024814F01BFF002008BD00BF77
:108EF000883C03300023F7B50C6807460E4615463C
:108F0000019314BB22B3146001A8FFF7C3FEA8B9F4
:108F10004FF40C7C104A0CFB04F3D158A6460134E4
:108F200071B94FF0010E02EB030C42F803E0019916
:108F300010331344CCE9011734602B6003B0F0BD4B
:108F4000082CE8D16FF08400F8E76FF08800F5E7AF
:108F50006FF08600F2E700BF883C03300023F7B5CE
:108F600005680193013D072D036004D96FF0860465
:108F7000204603B0F0BD01A8FFF78CFE0446002890
:108F8000F6D14FF40C735D430A4E73597719012BD8
:108F9000ECD17A68019B9A42E8D105F110004FF4B8
:108FA00008722146304414F0BBFEC7E901447451F5
:108FB000DEE700BF883C0330002373B54C1E072C4E
:108FC00006461546019303D96FF0880002B070BDC4
:108FD000C2B101A8FFF75EFE0028F7D14FF40C7272
:108FE00002FB04F1094B5C585A18012CECD194682F
:108FF000B442E9D15468019A9442E5D11031194440
:109000002960E3E76FF08600E0E700BF883C0330AB
:10901000B0F5105F23D101F0FE43B3F1A06F124B06
:1090200008BF21F47E1199421BD00DD80F4B9942F5
:1090300017D007D80E4B994213D00E480B1A58423E
:10904000584170470C48F9E70C4B994209D004D8B5
:109050000B4B994205D00B48F0E70B48EEE7002098
:1090600070470120704700BF0010C0040041400459
:109070000002C003004040040044400400014005D9
:109080000011C0040012C00400024005134640F263
:1090900009522DE9F04F0026D0F8008089B0B8F8C9
:1090A00028B0074693450D46059618D10A6883688F
:1090B0002AB96FF08004204609B0BDE8F08F4968F6
:1090C0000329F6D9002BF4D0C1680129F1D9D8F8C9
:1090D00004101888FFF79CFF10600024EBE70DF1E7
:1090E00018094846D3E9002100F065FDBBF5A06FE3
:1090F00013D12B1D03936B6802932B680193FB68BC
:109100000093BB68D8F8042099E8030018F02EFEFD
:1091100004460028CFD06E60CDE740F201539B4556
:109120000FD12B1D03936B6802932B680193FB688F
:109130000093BB68D8F8042099E8030018F0BCFE3F
:10914000E6E7ABF2025A1FFA8AF3012B19D82E6810
:10915000002EAED06B68032BABD9D8F8083031465F
:109160000120336005AAFFF7C5FE0446002CA2D1FA
:10917000BAF1060F67D8DFE80AF032411E2B4954D6
:1091800061000120D8F8081005AAFFF715FFABF21F
:109190000753012B0446E9D82E68002E89D06B684E
:1091A000032B86D9D8F8083033600028E0D0BBF50F
:1091B000A16F92D07FE705982B1DD5E9001218F01A
:1091C00025FD044600283FF476AF00236B6072E76C
:1091D0000598D7E9021218F062FD04466BE7D8F84B
:1091E0000430059899E8060018F0F8FC04460028B9
:1091F0003FF473AF3046FFF7B1FE5CE7D8F80430B8
:10920000059899E8060018F0F5FCEFE72B1D01938F
:109210006B68059800932B68D7E9021218F061FD7E
:10922000CFE7059805F10C03D5E9021218F07AFD95
:1092300004460028DED00023EB603CE7059818F0D8
:1092400019FC0446D6E76FF0850434E700232DE9C6
:10925000F043D0F8008085B0B8F828900546A9F50D
:1092600040720F460293082A53D8DFE802F01C2D03
:1092700038525252525205000A6812B96FF08004F7
:109280000DE04B68032BF9D9D8F8043003F17E4385
:10929000083B032B8CBF00230123136000242046CE
:1092A00005B0BDE8F0830B1D01934B6800930B687C
:1092B000D0E90212D8F8040017F005FE0446002891
:1092C000EDD000237B60EAE7436900938168D0E931
:1092D0000323D8F8040017F009FE0446DFE70E6800
:1092E000002ECBD04B68032BC8D9D8F808303146B4
:1092F0000320336002AAFFF7FDFD04460028CED10B
:10930000D8F80410029817F0A7FC04460028C5D02E
:109310002BE00320D8F8081002AAFFF74DFE6FF4E7
:1093200041734B44022B04465DD83E68002EA5D005
:109330007B68032BA2D9D8F808303360002856D0B8
:1093400040F207339945A9D0A9E70298D5E902125E
:1093500017F054FDC1E7029807F10C03D7E9021298
:1093600017F064FD044620B900243046FFF7F6FDEF
:1093700095E70023FB6092E70298D5E9021217F007
:109380006DFD044600288AD1EEE7029817F054FCE0
:109390000446EAE700233E680393002E3FF46EAFD5
:1093A0007B68032B7FF66AAFAB68002B3FF466AF98
:1093B000EA68032A7FF662AF1B68314603203360F8
:1093C00003AAFFF797FD044600287FF468AFDDE9A4
:1093D000020117F0B4FD044600283FF460AFC4E773
:1093E0006FF085045BE700287FF459AF0646A9F2C9
:1093F0000333042BF4D801A252F823F04B93030C4F
:109400009593030C5793030C7993030C8B93030CE4
:109410002DE9F04F0027D0F8009089B0B9F828B0B6
:109420000DF1180806460D46D2E900214046059781
:1094300000F0C1FBBBF5806F15D12B1D03936B684A
:1094400002932B680193F3680093B368D9F8042062
:1094500098E8030017F0D9FF044600B16F6020467A
:1094600009B0BDE8F08F40F201439B450ED173690E
:10947000029333690193F3680093B368D9F8042029
:1094800098E8030017F0D6FF0446E8E7ABF2024A7B
:109490001FFA8AF3012B1AD82F6817B96FF08004CE
:1094A000DDE76B68032BF9D9D9F80830394602207B
:1094B0003B6005AAFFF71EFD0446002CCFD1BAF190
:1094C000050F59D8DFE80AF01F2D353B495302201C
:1094D000D9F8081005AAFFF76FFDABF20543022B80
:1094E0000446EAD82F68002FD8D06B68032BD5D953
:1094F000D9F808303B600028E1D040F207439B4593
:10950000ADD10024ABE7D9F80430059898E80600FF
:1095100017F0B2FD04460028F3D03846FFF71EFDD1
:109520009DE7D9F80430059898E8060017F0B0FDDB
:10953000F0E70598D6E9021217F0B6FDA4E7059802
:1095400005F10C03D5E9021217F0C9FD044608B96C
:109550000024E2E70023EB6081E70598D6E90212D8
:1095600017F032FF044600287FF479AFF0E7059842
:1095700017F008FD0446D0E76FF085046FE72DE98A
:10958000F04F4FF0000807688DB0B7F828B00DF124
:10959000280906460D46D2E900214846CDF8248028
:1095A00000F009FBBBF5C06F1ED12B1D07936B6844
:1095B00006932B680593F3680493B3680393736968
:1095C0000293336901937B6A00937A6807F114036D
:1095D00099E8030018F0EEFC044608B1C5F80480D1
:1095E00020460DB0BDE8F08F40F201639B4517D1D6
:1095F0002B1D07936B6806932B680593F368049300
:10960000B368039373690293336901937B6A009390
:109610007A6807F1140399E8030018F023FDDBE7EB
:10962000ABF2026A1FFA8AF3012B20D8D5F800802A
:10963000B8F1000F02D16FF08004D1E76B68032B03
:10964000F9D9BB6841460520C8F8003009AAFFF7E0
:1096500051FC0446002CC3D1BAF1090F00F29080EE
:10966000DFE80AF02330525F66776C377D4D0520C6
:10967000B96809AAFFF7A0FC6FF4C1635B44022B31
:109680000446E7D8D5F80080B8F1000FD3D06B6856
:10969000032BD0D9BB68C8F800300028DCD040F2DA
:1096A0000B639B459CD100249AE77B68099899E855
:1096B000060018F0E9FD04460028F4D04046FFF704
:1096C0004DFC8DE77B68099899E8060018F0E8FDE5
:1096D000F1E705F10C030293EB6809980193AB687D
:1096E0000093D5E9041205F1140318F0FFFE0446B7
:1096F00008B90024E2E70023EB606B6170E709988A
:1097000018F008FD0446D9E709982B1DD5E9001289
:1097100018F0F9FD044600283FF462AF00236B60A7
:109720005EE70998D6E9021218F0EBFD044657E708
:109730000998D7E9031218F043FEF7E72B1D0193B0
:109740006B68099800932B68D6E9021218F098FE0E
:10975000E0E70998D6E9021218F060FEE6E7F36840
:1097600009980193B3680093D5E9021205F10C033F
:1097700018F0F5FE04460028BBD00023EB602FE76D
:109780006FF085042CE7F0B587B0076804AE044697
:109790000D46D2E90021304600F00DFA3B8DA3F5CD
:1097A000E063032B3FD8DFE803F0021422312B1DC6
:1097B00003936B6802932B680193E3680093A3689B
:1097C0007A6896E8030017F069FF70B100236B60B8
:1097D0000BE06369029323690193E3680093A36834
:1097E0007A6896E8030018F021F807B0F0BD2B1D49
:1097F00003936B6802932B680193E3680093A3685B
:109800007A6896E8030017F05FFFDEE7636902936A
:1098100023690193E3680093A3687A6896E80300DC
:1098200018F042F8E1E76FF08500DEE7F0B589B0A7
:10983000076806AE04460D46D2E90021304600F026
:10984000BAF93B8DB3F5006F07D040F601029342A1
:109850001AD06FF0850009B0F0BD2B1D05936B6821
:1098600004932B6803936369029323690193E3686C
:109870000093A3687A6896E8030018F053F800286C
:10988000E9D000236B60E6E72B1D05936B6804931A
:109890002B6803936369029323690193E368009340
:1098A000A3687A6896E8030018F092F8E7E70000EA
:1098B00000232DE9F04706688EB0B6F828900DF128
:1098C000140807460D469246D2E90021404604930B
:1098D00000F071F9B9F5106F0FD12B1D03936B6870
:1098E00002932B680193FB680093BB68706898E84B
:1098F000060019F02BFE044616E040F601139945C8
:1099000016D12F68002F00F090806B68032B40F277
:109910008C80B368394604203B6004AAFFF7EAFA5A
:109920000446002800F0928020460EB0BDE8F08783
:109930000420B16804AAFFF73FFB0446A8B140F633
:109940000A139945F0D12F68002F6ED06B68032B56
:109950006BD9B3683B60002C7FD1049818F040FEAF
:1099600004463846FFF7FAFADEE7A9F60219B9F11C
:10997000080F68D801A353F829F000BFA199030C80
:10998000B599030CBF99030CE799030CCD99030C0F
:10999000319A030CDB99030CF599030C4799030CDE
:1099A0002968002941D06B68042B3ED1049819F036
:1099B000CFF8A0E7316B049819F0D3F89BE7718DCD
:1099C0000498D7E9022319F0BBFC94E7718D049841
:1099D000D6E90C2319F0BEFC8DE70498D5E90012F6
:1099E00019F0D8F887E7718D049898E80C0019F001
:1099F000E5FC80E72E68C6B16B68032B15D9B96802
:109A000099B1FA68182A10D107A814F064F9DAF8A5
:109A1000040007A900F0EEF84246049907A819F0DF
:109A200051FC059B044633607EE76FF080047BE7C2
:109A3000FB68718D0193BB680498009398E80C0053
:109A400019F02AFD57E76FF085046DE771680498F7
:109A500019F044FC0446002883D1002464E700BFC9
:109A60002DE9F0418EB003ACD0F8008006460D46DB
:109A70001746D2E90021204600F09DF840F203226B
:109A8000B8F82830934203D0A3F50273012B0ED807
:109A9000B16811B96FF080043CE0F268182AF9D17E
:109AA00007A814F018F9786807A900F0A3F8B8F827
:109AB0002830A3F50073092B72D8DFE803F01A7180
:109AC0007105142F3D464B63D6E904122E68002E13
:109AD000E0D06B68032BDDD9234607A816F0A6FF5C
:109AE0000446039B4CE094E8030016F07CFE044619
:109AF00010E094E8030007AA2E6816F09EFE2B687B
:109B00000446002BC6D06A681C2AC3D8304607A971
:109B100014F0E1F820460EB0BDE8F0812B1D009353
:109B2000D5E9002394E8030016F0D2FE044600288D
:109B3000F0D000236B60EDE72B1D0093D5E90023E7
:109B400094E8030016F043FFF0E794E803001AF0EE
:109B500069F8CCE7002205A811462E6800F02BF822
:109B60002B68002B96D06B68032B93D994E80300E5
:109B700005AB07AA16F0C6FF04460028CAD1059B0C
:109B80003360C7E72E68002E84D06B68032B81D921
:109B9000214607A819F028FE04460028A1D0B9E7FD
:109BA0006FF08504B6E7D1E9000119F020BD0FB4CC
:109BB000002004B07047C0E90021704708B51422A6
:109BC0000249034814F087F8014808BD10CF030C80
:109BD000087E033008B54FF44051044815F0AEFE3E
:109BE000034815F0FBFE002008BD00BF084E0330FF
:109BF000AF9B030C88617047F0B5002485B0CDE9B8
:109C0000000103A816461F46039415F05DFD21468A
:109C1000009A039D814202D16FF08B000BE02B462E
:109C200053F8204B944208D100202B693360D5E9CA
:109C30000223C7E9002305B0F0BD1D460131E9E765
:109C400040F2E93270B503680546934294B008D0FB
:109C500040F2EA32934232D06FF08504204614B0CD
:109C600070BD0021036A0469B3F5147F04F1FF326B
:109C70001E4628BF4FF414763F2A039122D80BB317
:109C800082681E4B40681A60234604AA0AF056FBFD
:109C9000844211D103AB21460093194A334604A8EC
:109CA00000F0AEF904460028D8D1039B144A21469F
:109CB00068680AF04FFBD1E76FF08304CEE70369D1
:109CC000042B02D06FF08604C8E7036A042BF9D195
:109CD00081680A4A40681160002103AA0AF02EFB3D
:109CE00004280646EED1039804A900F0ADF9044615
:109CF0000028B3D1334604AAD9E700BF6C800330F3
:109D00001C7E033000F06EB90023132270B588B0BA
:109D100003AE054631466846CDE90023029304F0C0
:109D2000A4F9044650B9009B2846054901AA0196AA
:109D3000029300F0ECFA204608B070BD0324FAE765
:109D400003DBFEFF202370B58CB004AE0546314620
:109D500001A8019304F04AF9044650B9019B284632
:109D6000054902AA0296039300F0D1FA20460CB0EE
:109D700070BD0524FAE700BFFEDAFEFF70B590B0B3
:109D800003AD342200210646284613F0C9FF3323D1
:109D900029466846009304F045F9044620BB009A22
:109DA000019502929AB9114804F000FF104B0193FB
:109DB00011230293DDE901210E4804F0F7FE30463D
:109DC0000D4901AA00F0A3FA204610B070BD112A77
:109DD00003D00A4804F0EAFEECE72946044813F0F1
:109DE000C2FF0028F5D1E5E70524EDE724CF030CF9
:109DF000DAD0030CA9CF030C08DBFEFF61CF030C04
:109E000010B5044604F0DEF800230246024920465D
:109E100000F05AFA002010BD06DBFEFF37B50546FC
:109E200001A800F089FA044628B9019A2846034996
:109E3000D31700F049FA204603B030BD07DBFEFF20
:109E4000202370B58CB004AE0546314601A80193BD
:109E500004F0F6F8044650B9019B2846054902AAC9
:109E60000296039300F03FFA20460CB070BD032425
:109E7000FAE700BF05DBFEFF37B50546684600F090
:109E800077F9044620B96A462846034900F02BFAC0
:109E9000204603B030BD00BFFFDAFEFF002370B5DF
:109EA0008AB002AE054631462020CDE9003304F0E9
:109EB000C2F8044650B920236A4628460449009651
:109EC000019300F010FA20460AB070BD0324FAE7AF
:109ED00004DBFEFF37B50B4B0546019300F0F3F9A9
:109EE0006A4601A900F0D6F8009B0446034305D159
:109EF000012200232846044900F0E6F9204603B079
:109F000030BD00BF02DBFEFF01DBFEFF2DE9F043A9
:109F1000E7B08046894630486946174614F046F84F
:109F20006C460646A0B9BDF8005005F44F43B3F5A2
:109F3000824F12D1EDB2122D0AD1BDF80230B3F525
:109F4000C07F1AD0B3F5007F23D0B3F5807F23D034
:109F50000525284667B0BDE8F083B5F5885FF7D1E1
:109F6000BDF80230B3F5C07F19D0B3F5007F18D02B
:109F7000B3F5807FECD1052201E06FF022024B4661
:109F80000021204600F02CF968B10128E0D102251B
:109F9000DFE76FF02302F2E76FF00602EFE7062239
:109FA000EDE70722EBE7424620460C4900F09BF91B
:109FB000DFF82C80204658F8043B984705460028D7
:109FC000C7D10136092EF5D13946204600F044F9B3
:109FD0000028DAD1BDE700BF5D81FF7F00DBFEFF17
:109FE000ECD0030C08B500F0B9F8042896BF034B79
:109FF0006FF0830033F9100008BD00BFD0D0030C10
:10A000007FB5CDE9022321F01002202ACDE900011D
:10A0100001D0402914D19BB1684604AA02A9FFF7D8
:10A0200075FF40B9089B059A1A60064B33F910007A
:10A0300007B05DF804FB0428F7D96FF08300F7E759
:10A040000420F2E7D0D0030C002310B586B0CDE990
:10A05000003002936FF00043039320F01003202B95
:10A060000C4601D0402811D1684604AA02A9FFF786
:10A070004DFF30B9059B2360054B33F9100006B046
:10A0800010BD0428F8D96FF08300F8E70420F3E747
:10A09000D0D0030C2DE9F04F88461546044685B014
:10A0A000002855D0002A53D00026DFF8A8A016605B
:10A0B0000DF1080B42F21603BAF800209A4203D0C1
:10A0C000032005B0BDE8F08FBAF80230224F5344A8
:10A0D000BB420AD80136072EECD12B681BB10421F4
:10A0E00020460DF097F90020EBE704223946584648
:10A0F000019313F0F0FDBDF80820BDF80A90C2F3FB
:10A100008511B142019B1FD102F03F023F2AE1D1EC
:10A110002B680133012B2B600CD1B8F1000F05D057
:10A12000D8F800202046D3170DF0FAF80421204675
:10A130000DF053F90437CDE9027909219BE80C00B1
:10A1400020460DF002F9C5E709F104094F44BFE7C5
:10A150000420B6E770800330748003304FF401723E
:10A160000120014900F0F0B87080033000000000C9
:10A1700030B504469BB028B3154D6B68E3B912A106
:10A18000D1E9000107AB03934B23049305AB009384
:10A19000039A4B230BF0D6F910B103201BB030BD4E
:10A1A0002B1D01932023DDE9051200932B6809483C
:10A1B00014F0F2F80028F0D1074B0020236021238F
:10A1C0006360EBE70420E9E75D81FF7F00000000AA
:10A1D00000280330090000020828033000000000B6
:10A1E0007FB51C460023054600F1A006C0F8981074
:10A1F00019463046CDE902330BF0BEFB04AB13E940
:10A20000030013A3D3E900238DE8030030460BF0CD
:10A21000D5FB94E8060028460CF0C5FF29463046D9
:10A220000BF038FB0446022128460DF0D6F844B165
:10A23000032C0BD0192C0CBF01240324204604B09E
:10A2400070BD052128460DF0C8F8F7E70424F5E7AE
:10A250005D81FF7F0000000070B5044686B00D46AA
:10A2600005210DF0D7F8002104AE32462046CDE995
:10A270000211CDE904110DF0D6F8059B0299009367
:10A28000019404F1A000DDE903230BF03DFB38B19C
:10A29000032814D019280AD00323184606B070BD2D
:10A2A000314620460DF00FF90128034601D1012364
:10A2B000F3E730B996E8030085E80300EDE70423EF
:10A2C000EBE70223E9E7704770B5044616461D46E2
:10A2D0000A46CB170DF024F832462B462046BDE83F
:10A2E00070400DF01DB873B5D2E9006504460A460A
:10A2F000CB170DF015F802212046CDE9006502AB21
:10A3000013E90C0002B0BDE870400DF01EB873B543
:10A31000D2E9006504460A46CB170DF001F8032187
:10A320002046CDE9006502AB13E90C0002B0BDE8A0
:10A3300070400DF00AB80000024B1B68036000205B
:10A34000704700BF6C80033008B513F0C2FC0038C2
:10A3500018BF012008BD00F0D1B800006FF47A7278
:10A36000F0B50368044613448DB0032B7CD8DFE8B6
:10A3700003F002284C6B0369082B02D06FF08005B4
:10A380005FE08569042DF9D10021406808AA09F031
:10A39000D5FF0828F2D12B460221606806AA09F0F1
:10A3A000CDFF0428EAD16168314A63691160069AD9
:10A3B000CDE90032DDE90823A06800F01DF905466B
:10A3C0003FE00369082BD9D14569042DD6D100217E
:10A3D000406808AA09F0B2FF0828CFD12B46012116
:10A3E000606806AA09F0AAFF0428C7D16168204A5C
:10A3F000236A116005AACDE90132069B0093A0688B
:10A40000DDE9082300F04EF9D9E70369082BB5D13F
:10A41000076A0C2FB2D10021406806AA09F08EFF0E
:10A420000828ABD1DDE9062308AE0096A06800F04D
:10A430008FF9054628B901463B463246606809F067
:10A4400089FF28460DB0F0BD0369082B96D1002185
:10A45000406808AA09F072FF08288FD1DDE90823B7
:10A46000A06800F087F9AAE76FF08505E9E700BF6B
:10A4700074820330024603480B460068012109F04C
:10A480005DBF00BF74820330024603480B4600687C
:10A49000002109F05FBF00BF748203301FB5CDE912
:10A4A0000201084301921BD004220F480DEB020168
:10A4B00013F011FC08220D480DEB020113F00BFC08
:10A4C00001980B4BDFF82CC00B4AB0F5807F08BF1A
:10A4D0009C460549604600F0E7FA05B05DF804FBCC
:10A4E0006FF08600F9E700BFC4840330C8840330EE
:10A4F0007882033098820330B884033030B5364B0D
:10A5000085B09D6AA8470369102B23D1A847334C17
:10A510008368A360A847037D01A8237603F0F9FCB4
:10A52000C0B9019BA26863609DF80C30214653437B
:10A53000029A2B48B2FBF3F222822A4AE36000F02F
:10A540005CFAB0B9264800F093FA30B9A84703691D
:10A55000102B10D06FF080000BE0234815F052F85C
:10A560001F4800F09FFA20B91D4800F081FA00282A
:10A57000ECD005B030BDA8471C4C8368A360A84749
:10A58000037D01A8237603F0B6FC0028E2D1019BED
:10A59000A26863609DF80C3021465343029A144828
:10A5A000B2FBF3F222820F4AE36000F026FA0028A1
:10A5B000DFD10F4800F05CFA0028DAD00D4815F022
:10A5C00021F80B4800F06EFA0028D2D1084805B0F7
:10A5D000BDE8304000F04CBA902C040C4828033001
:10A5E0009882033010D1030CE0CF030C2C280330E9
:10A5F0007882033006D0030C2DE9F7431946DDE9D4
:10A600000A5752EA0103044610463BD0072F3CD8B4
:10A610002246FFF743FF30B91D4B9B68DB0705D58A
:10A620006FF084002BE010F18C0F28D1184E194ADE
:10A63000194B47F44037B760B4F5807F0CBF9046A4
:10A6400098460027DFF854907560B5F5007F2C46DA
:10A6500028BF4FF4007411482146FFF70BFF234633
:10A6600032464046CDE900790D4900F031FA30B963
:10A67000B3682D1B23F44033B3602744E5D103B006
:10A68000BDE8F0836FF08600F9E76FF08500F6E72C
:10A69000B88403307882033098820330B882033064
:10A6A000C48403302DE9F3470646194640F6BD330E
:10A6B0009E4208BF4FF4807652EA010310460A9F7B
:10A6C000DDF8308037D03246FFF7E8FE054630BB74
:10A6D0001A4B1C68BC422ED30B9BE41B9C4228BF28
:10A6E0001C46174A174BDFF860A0B6F5807F0CBFF9
:10A6F00091469946C8F80040B4F5007F264628BF29
:10A700004FF400763B46324648461049CDF800A04B
:10A7100000F0E7FA054630B10023C8F800302846BB
:10A7200002B0BDE8F08731465046FFF7ADFEA41BEE
:10A730003744E1D1F3E76FF08605F0E7B8840330E2
:10A740007882033098820330B8820330C4840330A7
:10A7500038B50546194610462A46049CFFF79EFE6A
:10A7600028B9034B1A689B68C4E90022A36038BD6E
:10A77000B884033010B51946044640F6BD339C42F8
:10A7800008BF4FF4807410462246FFF787FE80B959
:10A79000084B9B68DB070AD40748084B0849B4F507
:10A7A000807F18BF1846BDE8104000F08ABA6FF0ED
:10A7B000840010BDB884033078820330988203305F
:10A7C000C484033008B5036800209B6898470028BC
:10A7D00018BF6FF0910008BDF8B51D460368044628
:10A7E0005B680E46174698470B4BC0F3410013F8C1
:10A7F000202063680699E0681D442368B1FBF2F2EB
:10A8000000FB065039469B6998470028B4BF6FF09B
:10A8100091000020F8BD00BF24D1030C0020704738
:10A8200070B504460E460025E368AB4201D800200F
:10A8300070BD606806FB030023682844DB69984705
:10A8400010B9A3681D44EFE76FF09100F0E7000036
:10A850002DE9F74F0C9C07469246002C55D0C26854
:10A8600040681E183B6802FB01665B689847284BEE
:10A87000C0F3410013F82080B6FBF8F908FB09F992
:10A880004E4540D03B680DF1040B01225946484625
:10A890005B699847002804DA6FF0910003B0BDE8C7
:10A8A000F08FA6EB0901621890458EBF2546A8EBF4
:10A8B00006054D442A465046594413F00CFA641BD1
:10A8C0001FD044450FD3B4FBF8F93B684A465B6997
:10A8D0000AEB0501A81998470028DDDB08FB09F3FE
:10A8E000E41A0ED01D443B6801225B6901A970196E
:10A8F00098470028D0DB224601A90AEB050013F097
:10A90000EAF90020CAE70025DBE72046C6E700BFDA
:10A9100024D1030C2DE9F04F03688FB006AA04463A
:10A920000E46D3F80C8000F0FCFB00285FD10BA88A
:10A9300000F0E9FE014600285CD1DDE9067A20221C
:10A9400006A8099D13F0ECF93146204606AA00F04E
:10A9500030FD00284BD1834681462368DB8A5B4566
:10A9600015D8002D35D12946204602AA00F061FCF9
:10A9700000283CD12946204602AA00F079FEB0BB4F
:10A98000204600F05EFE78B36FF083002FE0B34501
:10A990001CD05946204606AA00F0C3FB38BB069BD4
:10A9A000BB420DD10BA800F0AEFE48B9079B534542
:10A9B00006D9984528BF98465B1B0793099B994485
:10A9C0005946204606AA00F0F4FC80B90BF1010BB1
:10A9D000C3E743462A4639462046CDE900A900F0A0
:10A9E000A1F920B9002FCBD1204600F085FB0FB094
:10A9F000BDE8F08F6FF08B00F9E7F8B50D4617460C
:10AA0000064660B359B352B30B8AE88A012BC96872
:10AA100012D9032B10D0022BAA8A23D1431CA1EBFD
:10AA20004313934234BF6FF086040024914201D255
:10AA30006FF08604012302E06FF08604023B03EB13
:10AA400040030133B1EB031F09D344B9202221464F
:10AA5000304613F065F9C6E900572046F8BD6FF09F
:10AA60008604FAE7914234BF6FF086040024E5E7DC
:10AA700037B5054600F089FD044658B94FF080719E
:10AA8000284601AA00F0B7FB38B928460199FFF71C
:10AA900041FF0446204603B030BD10F18C0F18BFB3
:10AAA0000446F7E700F095BC10B58AB0144602AB37
:10AAB00001AA00F071FB40B9059B6360049B236011
:10AAC000BDF81830A3600AB010BD6FF08B00FAE734
:10AAD0002DE9F04393B00DF1280804468946154648
:10AAE0000021202240461F461A9E13F019F94FF606
:10AAF000FF73CDE9043325B96FF0860013B0BDE8CC
:10AB0000F083AB68B3F1807FF6D2236849465A8A56
:10AB10006B682046013B1344524213406B6004AA09
:10AB2000434600F039FB002840F08580AB6804996B
:10AB30009A0306D50D9AD5F804C062456ED10C90E3
:10AB40000E9305914FF6FF73059A9A427CD12168C6
:10AB50006B68898A8B42CFD806A9CDE9028105A905
:10AB60000191A9682046009104998A1A18BF012210
:10AB7000494600F0B9FB0028C0D1002F6CD1204617
:10AB80000A9906AA00F074FD002851D105994246A1
:10AB9000204600F00EFC0146002849D1DDE90453AF
:10ABA0009D4228BF1D4620462A4600F0D8FC0028BA
:10ABB0003ED14FF6FF72049B93420FD0059A934209
:10ABC0000CD09A4238BF1A462046691C00F0C7FCD8
:10ABD00070BBDDE904539D4238BF1D462368204603
:10ABE000DA8A691C00F0BBFC10BB0A9B002B62D107
:10ABF000002F60D0204600F07FFA00287FF47EAF5F
:10AC00004FF6FF73049999423FF478AF059B994240
:10AC10003FF474AF2046FFF77DFE6FE70E9B424680
:10AC200043F0807320460E9300F0C3FB002889D0C8
:10AC30006FF0830062E710F18C0F7FF45FAFAB68B9
:10AC4000DB037FF55BAF7DE720460A9906AA00F09B
:10AC5000F0FA002891D0EBE723685B8A5A1E324253
:10AC6000E6D17D1E1D445B421D400C9B9E42DFD8F9
:10AC70002A4631460D9800F03AFD0028D8D11B9B9A
:10AC80004246CDE900532046334606A900F0C0F8FD
:10AC90000028CDD10C9B3E440A999E422046069D39
:10ACA00088BF0C9600F023FA294606900A9A20469F
:10ACB00000F07CFB63E7204600F0C3FC002899D03D
:10ACC000B6E713B5002301AA044600F065FA28B9D7
:10ACD00020460199FFF71EFE02B010BD6FF08B00F9
:10ACE000FAE770B58CB015461C4603AA04AB0646BD
:10ACF00000F052FA98B92A462146069800F0F7FC6F
:10AD000058B9109B2246009330462B4604A900F008
:10AD10005EF8002818BF6FF083000CB070BD6FF0B4
:10AD20008B00FAE72DE9F04786B01646DDE90E976D
:10AD300002AA054688469A4600F07BFA044698B96E
:10AD4000049B414633442846049300F0D0F906465C
:10AD50007FB101464A462846CDE900A7029B00F094
:10AD6000D0FB28B16FF08304204606B0BDE8F08721
:10AD70000127039A4A450BD2A9EB0203CDE9002330
:10AD800031462846029B00F0BCFB0028EAD101278F
:10AD900042462846029900F009FB4146284602AA8D
:10ADA000029600F065FC044628B14246314628462A
:10ADB00000F0FCFAD8E7B8F1000FD5D0002FD3D0BF
:10ADC0006B683146DB68286898470446CCE72DE974
:10ADD000FF410D46164609686A4604461F46DDF8DF
:10ADE000288000F026FA70B900994B1C0BD06268DD
:10ADF0006B680A9755684246AC462068334404B0F5
:10AE0000BDE8F04160476FF0830004B0BDE8F08119
:10AE10002DE9F3471546DDE90AA90F469846116862
:10AE2000044600F064F96B687A689844A8EB020362
:10AE3000CDE90023064601463B68204600F061FB51
:10AE400020BB6368CDF800A0D3F808A04A4643466B
:10AE500031462068D047C8B9EB686A68B9681A44B7
:10AE600023682046DB685B1A9B1ACDE90023314634
:10AE70003B6800F046FB48B92B683BB1314663683C
:10AE80002068DB6802B0BDE8F047184702B0BDE8B3
:10AE9000F08713B510244B1C416800948C681B018B
:10AEA000C1690068A04702B010BD436810B5C16910
:10AEB00004461B690068984750B923681A8A022A19
:10AEC00006D96268A1681846BDE8104012691047AB
:10AED00010BD008A022814BF03380020704708B54F
:10AEE000FFF7F7FF013100EB4100000108BD2DE93C
:10AEF000F04F002405460F46904626464FF01009B5
:10AF00008BB0D5F800A05046FFF7E3FF0130864232
:10AF10000ED300264FF02009D5F800A0BAF816305D
:10AF20009E421BD3002088F800400BB0BDE8F08F94
:10AF30006B680136CDF80090D3F804B0394650461E
:10AF4000330102AAD8470028EFD102AB13F8012B36
:10AF50000130102884EA0204F8D1D2E76B68314648
:10AF60005046D3F804B0FFF7BAFF02AA03463946A9
:10AF70005046CDF80090D8470028D6D102AB13F840
:10AF8000012B0130202884EA0204F8D10136C3E7FE
:10AF900037B5837B01685A1CD2B28273097E04469E
:10AFA0009142C16904BF02338373012900F10D028C
:10AFB0000ED8FFF79CFF48B91022636800929D6885
:10AFC000E169034604F108022068A84703B030BDD8
:10AFD0006FF08600FAE713B50C4611462279034656
:10AFE000012A09D1036862791B7E9A420CBF6FF077
:10AFF0008300002002B010BD022A04D11B68A27990
:10B000001B7E9A4202D16FF08300F3E701290DD82D
:10B010000DF10702FFF76BFF0028EBD162799DF875
:10B0200007309A4218BF6FF09100E3E76FF0860097
:10B03000E0E71022F0B543688BB000925C68002313
:10B0400002AA054619460068A0470246002834D0E7
:10B0500000264FF0FF3410226B6800925F680121D8
:10B060000023286806AAB847002839D101222846BB
:10B0700006A9FFF7B0FF002832D1002E35D02B688B
:10B080009DF81E201B7E9DF80E10B3FA83F35B091A
:10B0900093421BD1002A0CBF01230223994203D102
:10B0A00091422CBF002601263446AC61B4FA84F4E8
:10B0B00000206409EC610BB0F0BD284602A9FFF73F
:10B0C0008AFF04460028C3D10126C4E78B42E7D19A
:10B0D000002B0CBF012302239342E1D00646E3E795
:10B0E000002EE2D16FF08300E5E70124DDE709B926
:10B0F000C06970478068704710B50446FFF748FF85
:10B1000070B96368E169DB682068984740B9D4E9A1
:10B1100006232046C4E90632BDE81040FFF7C5BE4D
:10B1200010BDF7B5066805463046FFF7D8FE034662
:10B130002020696800904F683046A9691446B847D6
:10B14000064640B92868FFF7C4FE236801308342F1
:10B1500004D36FF09706304603B0F0BD04F114003D
:10B1600000F0D1FA0028F6D12D68E268AB8A9A4245
:10B17000EFD8A3689A42ECD3D4E900372BB928461C
:10B18000E98AFFF7ACFEB842E3D83946E86800F038
:10B19000AEFA0028DFD0DCE72DE9F0430746884609
:10B1A00091461C46002589B03B68DB8AAB4202D839
:10B1B0006FF08B0616E06A4629463846FFF7B1FF66
:10B1C000B0B90C22414605A812F02CFD064668B91C
:10B1D000C9F8005034B16D460FCD0FC495E80F008B
:10B1E00084E80F00304609B0BDE8F0830135DBE7A5
:10B1F0006FF08306F6E7F0B505460E4617460024C5
:10B2000089B02B68DB8AA34202D86FF08B0009E07B
:10B210006A4621462846FFF784FF38B9049B1E4240
:10B2200002D03C6009B0F0BD0134EAE76FF0830062
:10B23000F8E773B54B1C06464168102000904C6837
:10B240003068B1691B011546A047044630B9336820
:10B2500029681A8A914204D36FF09704204602B0FD
:10B2600070BDD868D5E9011200F041FA0446002803
:10B27000F2D12B68012B03D83068C18AFFF72FFE6B
:10B280006B688342EAD0E7E773B54B1C054641681B
:10B29000102000904E681B01A96928681446B04729
:10B2A000034630B92B6821681A8A914204D36FF0A3
:10B2B0009703184602B070BDD868D4E9011200F0B7
:10B2C00016FA03460028F2D12268012A08D82A6813
:10B2D0001046FFF7FEFDD28A013200EB420000016A
:10B2E00062688242E5D0E2E72DE9F04F06468B46E0
:10B2F00091469846002789B0DDE9145A3068FFF777
:10B30000E8FD0130874202D36FF08D0421E0524600
:10B3100039463046FFF78DFF0446002835D1DAF86C
:10B32000082090452FD833685946DB682F609B1A58
:10B330006B600C22C5F80C8005F1140012F0CBFCF8
:10B34000129BAC602B61DAF80830A3EB0803CAF853
:10B35000083000253368DB8A9D4205D26A462946BB
:10B360003046FFF7DEFE98B14FF6FF75139B1D6068
:10B37000CCB94FF6FF739D4208BF6FF08D04204695
:10B3800009B0BDE8F08F0137B8E76FF08304E0E75C
:10B3900005A800F0B8F920B1B9F1000FE6D14FF0DF
:10B3A00001090135D6E76FF08D04E8E702B181604D
:10B3B000704773B5056804462846FFF790FD0346BD
:10B3C0002020616800908E682846E169B04702B08D
:10B3D00070BD70B58CB00546FFF72BFE002861D11B
:10B3E000EE696B6831461B69286898470446002857
:10B3F00078D1B6FA86F16B6828681B6949099847C5
:10B40000044600286ED12A680126137EB3FA83F31E
:10B410005B09AB73138AC5E90606022B14BF02232E
:10B420000123AB6002232B73D18A1046FFF757FD2F
:10B43000D36821461B1A01906A462846029300965B
:10B44000FFF727FD044600284CD106462B680190E3
:10B45000DB6802932B681846FFF73BFDB04223D808
:10B46000002C4BD12B681846FFF733FDA04228D89B
:10B470002022002104A812F053FC00242B68DB8A50
:10B48000A34232D82846FFF783FD48BB6B68E969C1
:10B49000DB6828689847044620BBD5E90623C5E940
:10B4A00006321FE000269CE7198A6A68022914BF49
:10B4B00003210021184631441269904701360443A4
:10B4C000C8E71B8A6A46022B14BF032300232344C8
:10B4D0000134214628460093FFF7DBFC0028C1D049
:10B4E0006FF0830420460CB070BD2146284604AAA4
:10B4F000FFF75FFF0028F3D10134BFE76FF091043D
:10B50000F0E72DE9F04F0446884616469946C3B049
:10B51000DDE94CA51DB9284643B0BDE8F08FB5F56F
:10B52000807F2F4628BF4FF4807763680097D3F859
:10B5300004B049465346206802AAD8470028EBD1F8
:10B5400063680097D3F808B041463346206802AAE2
:10B55000D8470028E0D13E44BA44ED1BDAE773B582
:10B56000066804463046FFF7BAFC154602462946EF
:10B570003046FFF7B4FC801ACDE900202046D4E91C
:10B580000631FFF7BEFF02B070BD2DE9F041436800
:10B5900005461B68006886B09847044628B92846C7
:10B5A000FFF747FD28B16FF08304204606B0BDE8E1
:10B5B000F08110266B6805F108070096D3F8048027
:10B5C0003A462346A9692868C0470028EBD1394686
:10B5D0002846AA69FFF7FFFC0028E4D12846FFF7B8
:10B5E00064FC04460028DED12B7B012B24D10146CC
:10B5F00002AA2846FFF748FE04460028D5D1049B3E
:10B600002A68C3F1FF23D26803F57F03F0331344A4
:10B61000CDE9006332462846AB69E969FFF771FF5F
:10B6200004460028C1D16B7B2846AB7302232B73E1
:10B63000FFF762FD0446B8E7022B18BF6FF08304E2
:10B64000B3E710B586B0002102AA0446FFF7F1FD6A
:10B6500060B92068039A049BD118C36820465B1A1E
:10B66000CDE90023D4E90631FFF74BFF06B010BD4A
:10B67000F0B505460C4687B009B9C3691360214689
:10B680002846FFF706FC0146C0B9D5E906767CB925
:10B6900000212868FFF723FCA21C1201801ACDE9C3
:10B6A00000203B4631462846FFF72BFF07B0F0BD90
:10B6B000284602AAFFF7BDFD014610B16FF08300D6
:10B6C000F4E7284602AA0296FFF7E3FB0028F5D12B
:10B6D000012CDDD020222301103B019331463B4653
:10B6E00028460092FFF70DFF0028D1D0DEE7814207
:10B6F00006D8401A904234BF6FF086000020704791
:10B700006FF08600704700F10C0310F8012B22B98E
:10B710009842FAD16FF08B007047002070472DE9F6
:10B72000F04103680446A3F2F233A6B0032B00F203
:10B73000FD80DFE803F00D029195042200F1200363
:10B7400053F8040D1146013A002852D00A4652E03F
:10B7500000230421169300F1200353F8040D0A4638
:10B76000013908B1114601E00029F6D1042204F1A3
:10B77000300353F8045D1046013A0DB1024601E072
:10B78000002AF6D12369042B03D0012026B0BDE89E
:10B79000F081206A0428F8D80129F6D1012AF4D1D1
:10B7A0000021606806AA08F0C9FD0428EDD1A3684D
:10B7B000002B16DB00220699A06802F065FD002828
:10B7C000E3D1216A069816AA02F017FD0546002863
:10B7D000DBD1236A16AA0021606808F0BBFD284669
:10B7E000D4E7069806A902F064FD0028E2D0022002
:10B7F000CCE7002AA4D1042104F1300353F8045DFE
:10B80000084601390DB1014601E00029F6D123694E
:10B81000042BBAD1012AB8D10029B6D1606816AA82
:10B8200008F08CFD0428B0D1A368002B0DDB0022AA
:10B830001699A06802F028FD0028A6D1169802F0FB
:10B8400011FD003818BF0120A0E7169816A902F0D4
:10B8500030FD0028EBD0CAE702F048FB002095E756
:10B86000002504260DF1180840222946404616AF4F
:10B87000CDE90255CDE9045512F052FA402229468D
:10B88000384612F04DFA019504F1200353F8041DD7
:10B890003246013E59B133461646042504F13002C2
:10B8A00052F8040D2946013D30B10D4606E0002E48
:10B8B000ECD14FF0FF33F0E7002DF1D12B43012BFA
:10B8C00002D96FF0800061E70423002160680DEB6E
:10B8D000030208F033FD0428F3D1022E1FD166695C
:10B8E000402E20D8334642460121606808F026FDEC
:10B8F0008642E6D1CDE9028602A995B1236A402BA2
:10B90000DFD8CDE9047304AE3246019802F0F1FAB3
:10B910000546002E3FF463AFDDE904235BE7002119
:10B92000EBE72E46F0E76FF089002FE76FF0850018
:10B930002CE708B502F05FFC002814BF6FF09200FE
:10B94000002008BDF0B5036991B0042B03D06FF05F
:10B95000800011B0F0BD6A460021406808F0EEFC9E
:10B960000428F4D100252E462846214C6279EFB2F6
:10B970003AB32379032B16D104232371009B384655
:10B98000236000F0A9FB0028E3D1012600206B1CF6
:10B99000022B4FF0010504F10804E7D1002E08BF87
:10B9A0006FF08800D5E7052BF1D1384600F07AFC1E
:10B9B000431E012B14D806232371009B012623600C
:10B9C000E5E70121384601AB00F072FC0028C0D148
:10B9D0009DF80430052BDAD1012223716271E4E76E
:10B9E0000028B6D104232371009B2360CDE700BF5C
:10B9F000D08803306FF47A722DE9F043036805466E
:10BA0000134491B0092B00F2ED81DFE813F00A0036
:10BA10004D0099000B01B3002A01E6019401970142
:10BA200050010469012C46D14769002F40F0DA81AA
:10BA300023466A463946406808F080FC9DF800308D
:10BA4000012B00F275816E692EB133463A462146CC
:10BA5000686808F073FC9DF80000B14D05EBC00369
:10BA60005A7922B11C79DCB16FF0880418E0012109
:10BA700001AB00F01DFC044690B99DF80430002B8A
:10BA8000F2D1014632469DF8000000F06BFA044600
:10BA900030B99DF8003005EBC30540F20113AB80CF
:10BAA000204611B0BDE8F0838669B6F5806F44D8B2
:10BAB0000469012C02D06FF08004F1E74769042F7C
:10BAC000F9D123466A460021406808F037FC9DF80A
:10BAD0000030012B00F22C813B4601AA2146686808
:10BAE00008F02CFC9DF800208D4B03EBC2035A7923
:10BAF000002AB9D01B79012BB6D10EB90024CFE7AB
:10BB0000B6F5806F374628BF4FF4806702213B4669
:10BB1000844A686808F012FC8742CCD13B46814ACF
:10BB200001999DF8000000F04FFA04460028B7D1B3
:10BB3000019BF61B3B440193DFE76FF08604AFE700
:10BB40000369012BB7D101AA0021406808F0F6FB78
:10BB50009DF80420012A00F2EB80714B03EBC20335
:10BB60005A79002A80D01A79012A7FF47DAF022207
:10BB70001A71C3E74FF00008694F45463E467A798F
:10BB80005FFA88F0AAB33B79032B3FF46DAF062B25
:10BB90003FF46AAF022B07D105F140026B1C0DEB9D
:10BBA000020505F8400CDDB208F10103022B4FF04D
:10BBB000010807F10807E2D1002D3FF455AF2946EF
:10BBC000684600F0B1FA10F19C0F04463FF468AFEC
:10BBD000694600224FF0050C471E11F8010BC30007
:10BBE00033449CB983F804C00132D2B2AA42F4D1E2
:10BBF00056E7012101AB00F05BFB044600287FF40F
:10BC00004FAF9DF80430052BCED12DE7012F89BF12
:10BC10004FF0040E032083F804E046F8304098BF4C
:10BC20001871E1E70369012B7FF445AF00214068FB
:10BC300001AA08F083FB9DF80430012B78D838481E
:10BC400000EBC302517900293FF40EAF117901399D
:10BC500001293FF609AF04210024117140F8334057
:10BC60001EE70369012B7FF426AF0021406801AA7B
:10BC700008F064FB9DF80400012859D8284D05EB15
:10BC8000C0035A79002A3FF4EFAE1B79042B02D08F
:10BC9000072B7FF4E9AE00F05DFB044600287FF43B
:10BCA000FFAE9DF8043005EBC305A880F8E600243C
:10BCB00006698DF80040012E7FF4FDAE036A3C2B2F
:10BCC0007FF4F9AE33466A462146406808F036FBF9
:10BCD0009DF8000001282BD8114901EBC0035A79C7
:10BCE00012B31B79022B8DF804301FD003F0FD0333
:10BCF000042B08BF51F830304FF000010A4608BF4E
:10BD0000029301AB00F0D4FA044600287FF4C8AED9
:10BD100001463C23686801AA08F01CFBC0E600BF8E
:10BD2000D0880330D08403303146EAE72146E8E783
:10BD30006FF08B04B4E613F0ADF9DFE64FF00008C6
:10BD40002A4E4546374672795FFA88F962B33379ED
:10BD5000052B07D105F140026B1C0DEB020505F820
:10BD6000409CDDB208F10103022B4FF0010806F1FF
:10BD70000806E8D1002D3FF477AE2946684600F06A
:10BD800047F9044600287FF48BAE07229DF8003067
:10BD9000454507EBC3031A713FF482AE9DF80130AD
:10BDA00007EBC3073A717BE60121484601AB00F07F
:10BDB0007FFA044600287FF473AE9DF80430052B0B
:10BDC000D0D105F140016A1C0DEB0105012105F8F8
:10BDD000409C71713371D5B2C4E711B0BDE8F04336
:10BDE000FFF7B0BD6FF085045AE600BFD08803307E
:10BDF00008B500F0A5F8002818BF6FF0830008BD53
:10BE000042F216032DE9F341154C074622880E46EF
:10BE10009A4204D06FF0970002B0BDE8F0816588C7
:10BE200025440434AC42F5D2042221460DEB020035
:10BE300011F051FFBDF80430BDF8062013F03F08A3
:10BE40000BD1C3F38513BB4207D1082AE2D1304698
:10BE5000211D11F040FF4046DEE704321444E1E7C3
:10BE6000E08803302DE9F04F4FF000080446CDB0D4
:10BE700020220E4604A84146CDF8048011F050FF60
:10BE80002C4B01AD53F8342002AFC7F80080002AD4
:10BE90004DD0E01C03EBC4032946C0B2D3F8049094
:10BEA00000F0AAFC40B1244813F0ACFB6FF0910401
:10BEB00020464DB0BDE8F08F0DF10C0ACAF8000025
:10BEC0001E495046D5F800B012F0CAF90446E0B158
:10BED0006FF09104286800F0ABFCE9E7A9EB0408D7
:10BEE000B8F5807F28BF4FF48078214643465846F6
:10BEF0000CAA00F09FFC0028EAD1424650460CA94B
:10BF000012F0D2F90028E3D14444A145E6D83B46DB
:10BF10002022504604A912F0E9F904460028D7D19E
:10BF20003A6804A906F11C0011F0D5FED2E76FF0C3
:10BF30008604BDE7FC8803302BD0030C0900000207
:10BF400010B51C220220064911F0C3FE044618B9A0
:10BF500000F03AFC204610BD6FF09104FAE700BFF4
:10BF6000E088033013B5044622BB012822D80028FC
:10BF700001A914BF0420032000F03EFC014630B1AB
:10BF80000E4813F03FFB6FF0910002B010BD019816
:10BF9000C26800F09FFD28B1094813F033FB6FF031
:10BFA0008300F2E7074B019A43F8342003EBC40304
:10BFB0005860EAE76FF08600E7E700BF2BD0030C7C
:10BFC0004CD0030CFC88033070B505461E46A2B168
:10BFD000012812D80C4C54F8300088B100F0ACFCA9
:10BFE00028B10A4813F00EFB6FF0910070BD04EB0E
:10BFF000C504626832446260F8E76FF08600F5E7D6
:10C000006FF08800F2E700BFFC8803306DD0030CAE
:10C010002DE9F0470E46054686B020B96FF0860040
:10C0200006B0BDE8F0870446DFF8A89000EB0108F1
:10C03000444504D10024B44213D10020F0E714F8A1
:10C04000017B012FEAD8002F14BF0420032001A98F
:10C0500000F0D2FB28BB019B002BDFD049F8373022
:10C06000E6E72F5D384600F0F2FA631C78B34FF034
:10C070000008DFF86090E4B25FFA88F3A34210D2C0
:10C0800059F837603046F56800F045FD00F10F0AB9
:10C0900040420AEA000A203DBAF1100F25F00F05D0
:10C0A00002D96FF09100BBE7304600F03AFD5246EE
:10C0B000014602A811F034FE53462946304602AA32
:10C0C00000F03AFC08F101080028D5D0E9E71C4649
:10C0D000B1E700BFFC88033030B5012885B01BD81C
:10C0E000104B53F83050D5B12846EC6800F019FDDC
:10C0F000103C01461022684624F00F0411F010FE97
:10C1000010236A462146284600F016FC002818BF76
:10C110006FF0910005B030BD6FF08600FAE76FF068
:10C120008B00F7E7FC88033000232DE9F04FA1B026
:10C130000E460446CDE9053378B107468046DFF860
:10C140005C91DFF85CA100EB010BD8450AD100251A
:10C15000B54240F08F80012001E06FF0860021B0F1
:10C16000BDE8F08F18F8013B012BF6D859F8335091
:10C17000002DF2D020230021284610AA00F05AFBFF
:10C1800010B16FF09100EAE7109B534502D06FF0B9
:10C190009700E4E70123009340232A460DEB0301B7
:10C1A0000AA800F070FA0028EBD100230DF10E026E
:10C1B00004A90AA800F0B3FA0028E2DBC5D1BDF853
:10C1C0000E300C2BC9D82846049907AA00F032FB80
:10C1D0000028D6D19DF81C000228D8D805A9FFF761
:10C1E0000FFE0028CDD19DF814209DF820309A42F2
:10C1F000DBD80CD39DF815209DF821309A42D4D875
:10C2000005D3BDF81620BDF822309A42CDD20023C6
:10C210009DF81C20E15C914206D00133D9B28E42D8
:10C22000F8D86FF09B009AE7DBB29E42F9D959F833
:10C2300032000028F5D02023002118AA00F0FAFAD5
:10C2400000289ED1189B5345EBD19DF874209DF892
:10C2500020309A42A9D8E4D39DF875209DF821306A
:10C260009A42A2D8DDD3BDF87620BDF822309A429A
:10C27000D7D39AE70021605D00F0CCF96B1C50B178
:10C280002544AF423FF47DAF17F8010BFFF724FFC1
:10C290000028F6D075E71D465AE700BFFC8803303A
:10C2A0003DB8F39601288CBF6FF0860001207047DF
:10C2B000F0B51746032285B08DF80320002206460C
:10C2C0000C461D460192002B3ED001283CD89042DE
:10C2D00014BF0220012001A900F08EFA38B11C48D9
:10C2E00013F090F96FF09104204605B0F0BD01986D
:10C2F000C3682B610378AB6101236B618CB10DF1D5
:10C30000030100F0D6F828B16FF09104019800F015
:10C310008FFAE9E79DF80330012B16BF052328703B
:10C320002B70304602A9FFF76BFD04460028EBD1C5
:10C33000029BAB60039BEB60002FE7D029463046A1
:10C34000FFF790FD0446E1E76FF08604CCE700BFFD
:10C350002BD0030C012838B504460BD80A4D55F8EC
:10C36000300050B10021C26800F0B4FB40B945F87C
:10C37000340038BD6FF08600FBE76FF08B00F8E704
:10C380006FF09100F5E700BFFC880330C0682038EB
:10C3900020F00F002038704738B515460C4661B1C3
:10C3A0005AB100F0BEFB2146254411F8013B8342FF
:10C3B00003D1A942F9D1012038BD0020FCE738B5EE
:10C3C0000C46012311462246054600F033FA0028A8
:10C3D0000FDB012221462846FFF7DEFF18B10323B9
:10C3E0000020237038BD2378012B14BF02230123C2
:10C3F000F6E70120F6E7000030B5C16885B01039D6
:10C4000021F00F04054600F08CFB1022014668461F
:10C4100011F086FC10226846064911F05CFC1023DE
:10C420006A462146284600F087FA003818BF0120E6
:10C4300005B030BD30D1030C2DE9FF471D4606463F
:10C440000F46904600F067FB6C1E044440420440D7
:10C45000102C1AD8304600F064FB82462A4641462A
:10C46000684611F038FC5146621B0DEB050011F0D7
:10C4700057FC23466A463946304600F05DFA0038DC
:10C4800018BF012004B0BDE8F0874FF0FF30F9E796
:10C4900007B501238DF8042001AAFFF7CDFF03B0F3
:10C4A0005DF804FBC1680122203921F00F01FFF77C
:10C4B000EFBFC268203A22F00F02FFF780BF0000F2
:10C4C00030B50D46C16887B0102302AA1039044662
:10C4D00000F0B0F9002802DA012007B030BD1022C8
:10C4E000204602A9FFF758FF00283AD110221E4922
:10C4F00002A811F097FB00280CBF012302232B7028
:10C500002046FFF743FF012301460DF107022046B5
:10C5100000F090F90028DFDB9DF80730204603F09B
:10C520000F021B096A702B7101220DF10701FFF741
:10C5300033FF10B96B78042B03D901236B700023F0
:10C540002B71E2682046203A22F00F02103AA91C13
:10C55000FFF735FF0028BFD12046E91CFFF7A9FFF0
:10C56000BBE70323CBE700BF30D1030C13B541EA8F
:10C57000021104468DF80710FFF708FF012301465A
:10C580000DF107022046FFF757FF02B010BD73B54B
:10C590000E46694604461546FFF792FF10B101208A
:10C5A00002B070BD9DF80030022B2FD0032B0BD0B2
:10C5B000012B2DD1002EF3D09DF80330032BEFD1AA
:10C5C0002046FFF76FFFEBE7002EE9D12046FFF78B
:10C5D00013FF0028E3D135B9237803F0FD02012AC7
:10C5E00007D100220AE02046FFF75CFF0028D7D1E0
:10C5F000F2E7022B08D0043B5A425A41A91C2046BC
:10C60000C9B2FFF7B3FFCBE70122F7E7F01CC7E79A
:10C610000320C5E713B50C46A8B1012814BFFF20BD
:10C62000042001A900F0E8F8014670B9221E18BFE5
:10C6300001220198FFF7ABFF0446019800F0F8F8DB
:10C64000204602B010BD0320EBE70124F8E70023E9
:10C6500013B5019398B1012814BFFF20022001A94E
:10C6600000F0CAF868B9012201981146FFF78FFF60
:10C670000446019800F0DCF8204602B010BD01200D
:10C68000EDE70124F8E72DE9F7430E4617469946F2
:10C69000044628B94FF0FF38404603B0BDE8F083A8
:10C6A0000029F7D0002AF5D0CB680D8938461D4403
:10C6B000042329460DEB030200F0BCF88046002855
:10C6C000E8D146F60812BDF804107389914223D1CF
:10C6D000BDF806109942DDD1042338460DEB030264
:10C6E000294400F0A7F80028D4D146F60713BDF876
:10C6F00004209A42CED19DF82830C4E90067A4F8FE
:10C700000890A3727389BDF806202B44E3600435BA
:10C71000134463612561BFE7002BE6D0BAE72DE93A
:10C72000F7430F4690461E46044620B94FF0FF30AF
:10C7300003B0BDE8F0830368002BF7D04368002BFB
:10C74000F4D04FF6FF79D4E90413994215D2236847
:10C750005B8923B1E3688B4204BF04312161042368
:10C7600060680DEB030200F065F80028DED1A37AC3
:10C77000256923B1E368AB4201D80120D8E72189BC
:10C78000BDF80620494502F1040303D0BDF804C0FA
:10C790008C450BD116B1BDF80410318004353D60D5
:10C7A000A8F8002022691A442261C1E72B442361C2
:10C7B000C9E740B1521805D2C068904234BF00208A
:10C7C000012070470020704770B50024084B094DC8
:10C7D0001E68A64201DC002070BD55F8043B002015
:10C7E0009B68984708B90134F3E74FF0FF30F3E74F
:10C7F000A0D1030C642803300B4B30B51A6800231A
:10C800000A4C934203DB06D14FF0FF3008E01D01D4
:10C81000655D854205D10020044A02EB03130B60DD
:10C8200030BD0133EDE700BF4CD1030C50D1030CF8
:10C83000704700002DE9F74317461A4680460C461C
:10C840001E46FFF7B6FF002870D00093D8F80430DA
:10C850005B689847374BC0F3410013F82090C9F14B
:10C86000000303EA040534EA030326D0D8E90130C3
:10C8700001225B6901A928449847002812DB0022A5
:10C88000A3195B1B4B4524BF2E1B4E44631BD5B223
:10C89000AE4202F1010208D8009B9B1B0093009B53
:10C8A0006BB9002003B0BDE8F08305F108016944CD
:10C8B000194411F8041C7955E9E70025EFE7009BBE
:10C8C0004B45B3FBF9F61DD209FB06F6D8F8083044
:10C8D00030191844D8F8043001225B6901A92844B2
:10C8E00098470028DEDB002237440099D3B29942F2
:10C8F00002F10102D5D9F91808336B4413F8043C4E
:10C900004B55F2E7D8F80800D8F8043020443246F6
:10C910005B697919284498470028C3DB009B09FB11
:10C9200016330093009B002BCED1BAE74FF0FF30B7
:10C93000B8E700BF40D1030C2DE9F04F8DB0029253
:10C940001A4605460F461E4621F00F0A01F00F0851
:10C95000FFF72FFF28B94FF0FF3318460DB0BDE8A1
:10C96000F08F6B680DF1200B5B689847584BC0F354
:10C97000410053F820305A4600935146434628461A
:10C98000FFF758FF0028E6D106F10F03434423F0D8
:10C990000F03AAEB0709A9EB06091A4651462846D8
:10C9A00001939944FFF705FF0028D4D04B46284651
:10C9B00004AAB919FFF73EFF03460028CBD1B8F10E
:10C9C000000F63D14446B442C7D2A6EB040A3AF042
:10C9D0000F0A10D0A86869689DF800203844D1F883
:10C9E00018B0BAFBF2F2029920440393D84700280A
:10C9F000B1DB039B5444B9F1000FAED008A8224626
:10CA00000023014696420AD9DDF808C001331CF81C
:10CA100002C0102B00F801CB02F10102F2D19642C4
:10CA200099D1002204A8102B01D04A4549D108F120
:10CA30001008102BA0448ED14A458CD1019A424552
:10CA400089D1A8689DF800206D683844B3FBF2F2E4
:10CA5000AD692044A847C3177FE7029A125D0134ED
:10CA60000BF8012001310F2913D8B442F5D100226F
:10CA700004A80DF1200C0F2920D84A450BD010F83E
:10CA800001EB013201F80CE00131F4E741460446C4
:10CA9000E9E7B442EBD0102903937FF45CAFD5E90A
:10CAA00001309DF80020D3F818B0B1FBF2F25044E9
:10CAB00008A9D8470028039B85DA4CE74A45EAD005
:10CAC00049E710F8016B0132CE540133ABE700BFE8
:10CAD00040D1030C2DE9F04105460E469046FFF784
:10CAE00068FEA8B16B689B6A98470468074664B102
:10CAF0000020BDE8F081D5E90130DB69304498477A
:10CB00000028F6D1BB681C441E444445F3D3EFE72C
:10CB10004FF0FF30EDE708B543689B6A984700691E
:10CB200008BD08B543689B6A9847007D08BD036847
:10CB3000D90444BF43F4806303609A0444BF43F4C0
:10CB400000630360704700002DE9F04F1F4640F678
:10CB5000BD33904699424FF0000208BF4FF48073F6
:10CB60000446ADF5217D06AD03912846114608AE79
:10CB700008BF0393FDF71FF8A26C40F20311304683
:10CB8000FDF719F84FF40872002118A811F0C8F841
:10CB9000182200210BA811F0C3F800211A220DF170
:10CBA000460011F0BDF84FF6F87241F20103B2EB06
:10CBB000C70F4FF6FF72ADF828304FEAC70338BFF2
:10CBC0001346ADF82A30012305A80593FFF7AFFF00
:10CBD0000368DFF8A8B00C934FF480430360FFF7BD
:10CBE000A6FF0368214613934FF49053226BADF8D0
:10CBF000443011A83346CDF850B013F017FF0DF1B3
:10CC00000C0A04460DF1280938BB594618A816F03D
:10CC100065FB044608BB96E80C0040F2011118A819
:10CC200016F0CCFB0446C0B90423524640F203215F
:10CC300018A816F085FB044678B92A46484618A974
:10CC400016F040FB044640B9AA9B4246009395E883
:10CC500003003B4613F03CFE044618A815F0C0FC48
:10CC600096E8030013F0BFFD95E8030013F0BBFD49
:10CC700020460DF5217DBDE8F08F00BF09010008B9
:10CC80002DE9F04F00249FB006A8069412F01CFD79
:10CC90008346DFF8CCA0334F5C4503D100201FB0A2
:10CCA000BDE8F08F069B660103EB44121169514504
:10CCB00024D10021956809A89A59FCF77CFFDDE989
:10CCC00009981C2200210BA811F02AF80DF1160377
:10CCD0000293069808AB019305AB30440093436977
:10CCE00030229C46806907AB12A9E04740B1009012
:10CCF00043464A461C491D4801F058FF0134CBE722
:10CD00004FF6F8714FF6FF72BDF81430CDE9109868
:10CD10008B4288BF1346ADF82E30089B1C220E9321
:10CD2000BDF816300BA9ADF82C30069B33441B69B7
:10CD30000C9313F0FF0308BF109354235D4305F1D8
:10CD4000340038443D4410F0C6FF2846079A12A923
:10CD500010F0C1FF079B2B6301232B65CEE700BFBB
:10CD6000010100800C890330A4D1030C8CD0030C8A
:10CD70007FB51546CDE9000112B3002406461460C4
:10CD800003A8039412F0A0FC039BA04209D01A460A
:10CD900052F8201B8E4208D1D3E90221931E0B4387
:10CDA00006D16FF08B0004B070BD13460134ECE780
:10CDB0005421054B002001FB02331B6B2B60F2E773
:10CDC0006FF08600EFE700BF0C8903302DE9F04FCC
:10CDD00087B01F46109B012806461446DDF8449094
:10CDE000009304D96FF0860007B0BDE8F08F54219E
:10CDF00041433E4D019101EB050ADAF85030002B1A
:10CE00006DD0002AEED0D2E905B8002302A8029323
:10CE100012F054FC0023029A019998424ED0944695
:10CE20005CF80CEBF3454BD1D2E9010338B1002299
:10CE300053F832C0E0453ED103EBC2035B683431A6
:10CE40001C2229442046019310F045FF5A464146D2
:10CE500004A8FCF7B0FE0499626861610599019B22
:10CE6000A161D1B221B922F0FF0242F00102626059
:10CE700003A80393FFF75BFE542303FB06531A6BCF
:10CE8000009B03999A42A1602CD8002FAAD0B9F137
:10CE9000000FA7D04B0416D540F20313984512D0CB
:10CEA0003A4641465046009BCDF8409007B0BDE859
:10CEB000F04FFFF749BE01329042B9D10023BEE7DF
:10CEC00062460133A9E75146384610F004FF542367
:10CED00003FB06552B6B0020C9F8003084E76FF088
:10CEE0008B0081E76FF089007EE700BF0C8903307B
:10CEF0000A5B43727970746F5D20556E7375707044
:10CF00006F727465642072657175657374210A00AF
:10CF100054462D5053412D43727970746F20312E39
:10CF2000312E3000285B4174746573745D20546841
:10CF30006520706C6174666F726D20646964206E28
:10CF40006F742072657475726E20612070726F66E6
:10CF5000696C655F646566696E6974696F6E0D0AF8
:10CF6000001E5B4174746573745D205573696E6750
:10CF70002061206D69736D617463686564207072EF
:10CF80006F66696C655F646566696E6974696F6E0A
:10CF90002072656365697665642066726F6D2074C2
:10CFA00068652048414C0D0A00285B417474657324
:10CFB000745D20456E636F64696E672070726F6682
:10CFC000696C655F646566696E6974696F6E202857
:10CFD00073697A653A202564293A2025730D0A0081
:10CFE0003C4372656174696E6720616E20656D7087
:10CFF00074792049545320666C617368206C6179A0
:10D000006F75742E0A003C4372656174696E672007
:10D01000616E20656D70747920505320666C617369
:10D0200068206C61796F75742E0A003C54464D205F
:10D030004657553A206F70656E696E6720666C6161
:10D040007368206661696C65642E0A003C54464D25
:10D05000204657553A2065726173696E6720666C89
:10D06000617368206661696C65642E0A003C5446F1
:10D070004D204657553A20777269746520666C6179
:10D080007368206661696C65642E0A001E25733A18
:10D0900020536B697070696E67206B65795F696496
:10D0A000202530387820286F776E65723A20256405
:10D0B000292064756520746F202530387820706CC5
:10D0C0006174666F726D206572726F720D0A000076
:10D0D000000070FF76FF7CFF79FF5053415F494F9E
:10D0E000545F50524F46494C455F31009D9E030CA2
:10D0F000799E030C419E030C1D9E030C019E030CA4
:10D10000D59E030C7D9D030C459D030C099D030CCE
:10D11000C5A7030C51A8030CD9A7030C1DA8030C29
:10D1200021A8030C01000000020000000400000020
:10D1300010002DE15D29410B8D77679C110F1F8A2F
:10D1400001000000020000000400000005000000D3
:10D1500001640000902C040C008003000000050016
:10D1600003640000902C040C0080110000000500F6
:10D1700002640000902C040C0080080000000900EC
:10D1800004640000902C040C0080160000000900CC
:10D1900005640000902C040C0000000000C000009A
:10D1A0000100000074666D5F6275696C74696E5F82
:10D1B0006B65795F6C6F616465725F696E6974003D
:10D1C0004031040CC089033061010000C030040C00
:10D1D0000028033020000000A030040C00000330C1
:10D1E00008000000608F0330EC1900008028033035
:10D1F0005018000020000330F8020000704770470C
:10D2000038B50446002839D0437A03F0FF0213B939
:10D210000272FFF7F4FF02232268637213686168E9
:10D2200023F004031360136823F0804323F02003EA
:10D230000B4343F080431360136823F08043136073
:10D2400006F042FF054623681A68510009D41A689F
:10D2500042F004021A605B685A0611D50423637217
:10D260000CE006F031FF401B0428ECD923681B6852
:10D270005800E8D5012363720223E360012038BD22
:10D2800006F022FF05462368586810F0040003D119
:10D2900001236372E060F2E706F016FF401B0428EA
:10D2A000F1D923685B685B07EDD50423E3E770479A
:10D2B000002307B5019303685A68510709D45A68D7
:10D2C00022F040025A60C36823F00803C3600020C4
:10D2D00018E01A6842F080421A601A6822F0804210
:10D2E0001A6004220192019A013A0192019A62B9EC
:10D2F00001234372C368027243F00203C360FFF765
:10D30000D6FF012003B05DF804FB1A685200EAD48E
:10D310005A68510642BF5A6822F040025A600422FD
:10D320000192019A013A0192019A002AE0D05A68CA
:10D330005207F6D4C7E7F8B5037A0446012B0E4628
:10D3400043D00123427A03729A42D5B239D10223E3
:10D35000437203685B685F061BD406F0B5FE0746A0
:10D3600023685A68D0071CD59A6859682261490613
:10D3700042BF0822E2605A684FF0000544BF22F025
:10D3800001025A604FF0010358BF326063720023FC
:10D3900015E00823C360FFF78BFF0128DDD1284685
:10D3A000F8BD06F091FEC01B0428D9D923685B683C
:10D3B00013F00103D4D1012262720222E2602372CF
:10D3C000EDE704221D46C260E1E70225E7E7042AF3
:10D3D00009DB0B68036000F1040001F10401A2F114
:10D3E0000402042AF5DA002A09D00B78037000F150
:10D3F000010001F10101A2F10102012AF5DA7047F1
:10D40000044B82B0186883B26FF30F00184302B068
:10D41000704700BFD42C040C0C20704700207047CC
:10D42000012805D902280CBF00206FF004007047C6
:10D430006FF0030070476FF003007047014B1868EE
:10D44000704700BF20CE033000487047BC2C040C4E
:10D4500008B54FF47A7000F05DFA002008BD0000B6
:10D460000C4B70B55A6992B11C6900230139014413
:10D47000151DA34201D1002070BD52F833608642D1
:10D4800003D855F83360B14201D90133F1E70120E7
:10D49000F2E700BF148F03302DE9F0411446204B12
:10D4A00096001A78074622F002021A70421E02EB1A
:10D4B0008402B2F5001F0D4611D31A4A94693CB19B
:10D4C0006FF004001A7842F002021A70BDE8F08191
:10D4D0003246FF21284610F023FC2046F6E70023C1
:10D4E000DFF844803146C8F80030FFF7B9FF324614
:10D4F00090B107F140612846FFF769FFD8F8003086
:10D5000023B132460021284610F00AFC002324F003
:10D510004040C8F80030D9E707F10061EBE700BFF1
:10D5200020CE0330148F033024CE033038B50E4D97
:10D530006B68DC0709D40C4B5A68900711D45A6801
:10D54000520744BF0422DA6038BD06F0BDFD044630
:10D550006B689907EFD406F0B7FD001B0128F7D9D7
:10D56000E9E70222DA60EAE7000403500B4A10B54B
:10D57000D36823F00203D36006F0EEFD06F0A4FDAD
:10D58000044606F005FE40B106F09EFD001B012892
:10D59000F7D906F0FDFD0028F3D010BD00040350BC
:10D5A0002DE9F04F454F87B03B784FEA8208019153
:10D5B00023F002034146064615463B70FFF750FF35
:10D5C000F0B14FF0020B4FF0406A721E4244B2F5C8
:10D5D000001F0CD248EA060414F00F0407D1384BA0
:10D5E000D3E90201234601F1040E83420DD16FF00D
:10D5F00004003B7843F002033B7007B0BDE8F08FB6
:10D600004FF0006ADFF8BCB0DFE751F833C0664581
:10D6100003D35EF833C0624544D90133E5E700F037
:10D620004DF93B7843F001033B70019B102219191F
:10D6300002A810F050FB029B049A05991A40039B24
:10D640000B40B3F1FF3F08BFB2F1FF3F24D00AEB1C
:10D650000601584602AA214400F0A8F98146103478
:10D66000A04502D0B9F1000FDFD03B78414623F04E
:10D67000010330193B70FFF7F3FE80B100F03EF973
:10D68000FFF754FF06F05EFDB9F1000F25F04040B2
:10D6900018BF4FF0FF30B0E74FF00009DFE700F0B0
:10D6A00021F9EDE7FFF762FF41463046FFF7D8FE6C
:10D6B0000028B4D100F0EEF8B3E700BF20CE03306D
:10D6C000148F03300200008070B5B0F5001F0446CF
:10D6D00086B008D2C0F30C032BB92F4AD2E900124E
:10D6E000101D8B4208D16FF004002C4A137843F0D0
:10D6F0000203137006B070BD52F83350AC4203D32E
:10D7000050F83350AC4207D90133EAE700F0C2F8D1
:10D7100024E000F0E7F836E004212046FFF7A0FE01
:10D7200000281F4B18BF0423B4F5801F029334BF99
:10D730000123022303930123184E0593630B0493E3
:10D74000FFF714FF3378042123F0020320463370DF
:10D75000FFF786FE0028D9D000F0B0F8337801A991
:10D7600043F0010302A8337000F0E4F93378054672
:10D7700023F00103042120463370FFF771FE0028D7
:10D78000C7D000F0BBF8FFF7D1FE06F0DBFC281E87
:10D7900018BF01204042ADE7148F033020CE033084
:10D7A00004000080084BD3F80421002A0ADAD3F8D9
:10D7B000042142F00042C3F80421044A13680133F3
:10D7C00013607047FEE700BF0020025024CE0330F4
:10D7D0000C4B10B50C4A9C680C4B13EA240338BF61
:10D7E00013461A6842F002021A60EFF3108272B612
:10D7F0000023CC58C4500433102BFAD182F3108884
:10D8000010BD00BFF88E03302C20025028200240AB
:10D8100030B50F4DAB68002BAABF0E4B0E4B0F4A15
:10D820001C68B8BF0E4A44F002041C60AB68146860
:10D8300003F0040323431360EFF3108272B6002356
:10D84000CC58C4500433102BFAD182F3108830BD69
:10D85000F88E03302C200250282002404420025031
:10D8600040200240084B10B5084A9C68084B13EA58
:10D87000240338BF13461A6842F002021A600B886C
:10D880009BB2038010BD00BFF88E03302C200250E5
:10D8900028200240074B9A6AD20741BF064A5A60C5
:10D8A00002F188325A6046BF986A00F001000120F8
:10D8B000704700BF0020025023016745074BDA6A1A
:10D8C000D20741BF064A9A6002F188329A6046BF89
:10D8D000D86A00F001000120704700BF002002500C
:10D8E00023016745044B9A6A42F001029A62986AE2
:10D8F000C04300F00100704700200250044BDA6A78
:10D9000042F00102DA62D86AC04300F001007047B9
:10D9100000200250F8B5054606F0D6FB1D4E1E4C01
:10D92000B2681E4B074614EA220438BF1C4623681F
:10D9300013F00B0F1AD1B168194B1A4A1A4812EAA0
:10D94000210238BF1A462168036A01F47E0103F4FC
:10D9500000030B4315D071681943716013601A02FC
:10D9600002D54FF40003036301200EE0691CDED0F2
:10D9700006F0AAFBC01BA84201D8002DD7D1032076
:10D9800003E02368DB0301D40020F8BD4FF48033AB
:10D990001360F9E7F88E0330202002402420025063
:10D9A0003420025030200240002002502DE9F04186
:10D9B000264D04462B780E46012B174644D00123F2
:10D9C0002B7000234FF47A706B60FFF7A3FF50BBFE
:10D9D0001F4B204AAC6012EA240838BF984624F056
:10D9E0000043022B23D139463046FFF7F1FE4FF4B6
:10D9F0007A70FFF78FFFD8F8003024F0304222F021
:10DA0000040223EA0203C8F80030134B9C420AD1F7
:10DA1000A968124A124B13EA210338BF13461A6849
:10DA200022F004021A6000232B70BDE8F0810D4B38
:10DA300024F004029A423946304602D1FFF7E8FE4C
:10DA4000D5E7FFF70FFFD2E70220EEE7F88E0330AD
:10DA50002C200250282002400600001044200250D2
:10DA60004020024002000010124B134A9968134BE9
:10DA700013EA210338BF134600F00302032A06D13C
:10DA80001A6842F4004242F020021A607047C1074F
:10DA900007D51A6822F0004222F0280242F028023C
:10DAA0001A608207F2D51A6842F0004242F028025A
:10DAB000EBE700BFF88E03302C20025028200240F4
:10DAC000064B074A9968074B13EA210338BF1346F0
:10DAD0001A6842F008021A60704700BFF88E0330DF
:10DAE00044200250402002400F4B104A10B59C6861
:10DAF0000F4B800113EA240338BF1346C9071A6885
:10DB00000AD522F0004222F4FE521A601A6802433B
:10DB100042F024021A6010BD22F4FE521A601A6804
:10DB2000024342F00042F3E7F88E03302C2002500B
:10DB3000282002402DE9F843294E054633788946CE
:10DB4000012B4AD00123337000234FF47A707360A5
:10DB5000FFF7E0FE0446F0B92B682249224AB36081
:10DB600011EA230838BF904648F2080223F000412A
:10DB7000914215D16868FFF777FF4FF47A70FFF78D
:10DB8000C9FE04462A68D8F8003022F0004223EA91
:10DB90000203C8F80030002333702046BDE8F88344
:10DBA000082B02D1FFF78CFFE7E74FF0FF33C9F8EE
:10DBB0000030AF68D5E902231344BB42E2D93846AE
:10DBC0006968FFF791FF4FF47A70FFF7A3FE10B179
:10DBD000C9F80070D5E70137ECE70224DDE700BFA4
:10DBE000F88E0330282002402C200250B1F5417FEE
:10DBF00030B580F08C80050F00F01F0202EB451459
:10DC00005A2C00F28480830658D5002C7FD140F234
:10DC100001138B432BD13F4B1A694FF0FF321A612E
:10DC200058693D4A02435A619A6942F0BF6242F420
:10DC3000FF2242F4E06242F003029A6140F20223C2
:10DC40008B4327D1334B1A6A4FF0FF321A62596A5D
:10DC5000314A0A435A629A6A42F0BF6242F4FF2292
:10DC600042F4E06242F003029A62002030BDCD052A
:10DC7000E4D5284B1A691C615869284A02405A6148
:10DC80009A6922F0BF6222F4FF2222F4E06222F0BD
:10DC90000302D2E78C05E8D51E4B1A6A00221A62ED
:10DCA000596A1E4A0A405A629A6A22F0BF6222F4F6
:10DCB000FF2222F4E06222F00302D5E740F20110D5
:10DCC000174B88432B444FEA83030FD101201C6874
:10DCD00090402043186040F2022088430ED1012179
:10DCE000186901FA02F202431A61BEE7C805F2D5CB
:10DCF00001241868944020EA0400EBE78905B4D5B4
:10DD00000120196900FA02F221EA0202ECE701207F
:10DD1000ACE700BF0024035007FF0FFFF800F0003E
:10DD200004C90014036843F0010303607047000056
:10DD300020F0805323F48023B3F1005FF0B504D0CA
:10DD4000244B20F080529A4242D10E6836F00043B4
:10DD50003ED14C6834F080453AD120F08050B0F18B
:10DD6000005F2DD01C4B98422ED04FF4A0201B4BAF
:10DD70000022800B01F1840702F1800C57F804EFB8
:10DD80000132904243F82CE0F6D126430A1D05F1FA
:10DD9000400452F8047F0135A84243F82470F6D1BC
:10DDA0004FF0FF32824000201C69D1F80811224058
:10DDB0000A431A611A6822F0404232431A60F0BDE9
:10DDC0004FF48020064BD3E74FF48030054BCFE76C
:10DDD0000120F4E700000520000004200034035077
:10DDE000002C03500030035020F08050B0F1005F51
:10DDF00030B52BD01A4B98422CD003F58033984283
:10DE00002CD14FF4A023174C980B2368043103F056
:10DE100080420A604FF0FF3203F0004341F8043CB7
:10DE20002369824023EA0203C1F80431002304EB92
:10DE30008302D2F80051013341F8045FD2F8002286
:10DE40009842C1F88020F2D1002030BD4FF48023E9
:10DE5000054CD9E74FF48033044CD5E70120F4E7B3
:10DE60000000042000340350002C03500030035005
:10DE7000030F00F01F0101EB43127D2A19D8800621
:10DE80000CD5B2B94FF0FF320B4B1A600B4A5A60F7
:10DE90000B4A9A600B4ADA6000207047012203F1B6
:10DEA000A05303F54A439B0018688A4002431A6056
:10DEB000F2E70120704700BF0028035007FF0FFF63
:10DEC00003FFFF05FF0F3F3FBFF34F8F0549064B91
:10DED000CA6802F4E0621343CB60BFF34F8F00BF08
:10DEE000FDE700BF00ED00E00400FA0508B5FFF70C
:10DEF000EBFF0320704748B14FF440324FF48043AA
:10DF0000C0E9002301230372002070474CF2DA209D
:10DF1000704748B14FF450324FF48043C0E90023BA
:10DF200001230372002070474CF2DA207047000092
:10DF3000BFF34F8F0549064BCA6802F4E0621343F2
:10DF4000CB60BFF34F8F00BFFDE700BF00ED00E0E7
:10DF50000400FA050A4B37B51B786BB1094C6369AD
:10DF6000984748B9E56AA847C307FCD4236A0193D8
:10DF700003B0BDE830401847002003B030BD00BFFB
:10DF800028CE0330242E040C10B50B4C0020A368BF
:10DF9000984780B902202369984760B94FF4E1316E
:10DFA0000120A46AA04730B901211520A04710B96B
:10DFB0000122024B1A7010BD242E040C28CE03300F
:10DFC000FFF7C8BF07B50421072001AA00F0D6FB60
:10DFD00040B9019B072B02D8034A32F8130003B063
:10DFE0005DF804FB0020FAE7D82C040C73B50A4650
:10DFF00005460E4601680A2000F0C0FB044670B9D1
:10E000000A2001A900F086FB044640B92968019B5B
:10E010003046994228BF19460FF04AFE2860204634
:10E0200002B070BD034618B111B1002018607047EE
:10E0300043F65C2070470A460146062000F09EBB6E
:10E0400013B50A4604460168082000F097FB50B952
:10E05000082001A900F05EFB28B92268019B9A42C2
:10E0600094BF2260236002B010BD73B50A46054616
:10E070000E460168092000F081FB044670B90920B2
:10E0800001A900F047FB044640B92968019B3046CE
:10E09000994228BF19460FF00BFE2860204602B0B7
:10E0A00070BD37B50422BD3084000D4620460DEB0F
:10E0B000020100F073F958B9019B5A1C0AD0AB4217
:10E0C0000BD8042220460DEB0201019500F0A6F9C1
:10E0D00003B030BD45F2A350FAE74AF2C530F7E786
:10E0E00070B5A2B00D4601A9064600F013FB044628
:10E0F00010BB019B802B28BF8023B5EBC30F01937E
:10E1000021D80146802202A80FF00AFEFF21EA086A
:10E1100002ABA24213D104F188030DEB03040123E7
:10E1200005F00705AB40013B3046019902AA04F80F
:10E13000803C00F0C7FB0446204622B070BD03F8C7
:10E14000011B0134E5E745F2A354F5E7F0B5A3B0B0
:10E150000D466946064600F0DDFA0446C8B9009946
:10E160003046802928BF802102AA009100F006FBDA
:10E17000044670B901460246009F019002ABB842C6
:10E180000AD102B10191042228460DEB02010FF0E1
:10E19000A2FD204623B0F0BD002213F801CB4CFABB
:10E1A00002F6013206F00106082A3144F7D10122B5
:10E1B0000130E4E706281BD8DFE800F004090D1160
:10E1C0001416180004224FF43D7000F0E7B8042242
:10E1D0004FF43E70F9E704224FF43F70F5E710204A
:10E1E000FFF7B4BF1120FBE71220F9E71320F7E790
:10E1F0004CF25A30704700F0E5B9042902D11146BB
:10E20000FFF7D8BF43F65C20704737B505460C468C
:10E21000062824D8DFE800F0041517191D1F210077
:10E220000020FFF73EFF50B9284601A9FFF7C2FFC3
:10E2300028B943F65C23019AA24218BF184603B0DE
:10E2400030BD0120EDE70220EBE71020FFF748FF8B
:10E25000E9E71120FAE71220F8E71320F6E74CF27D
:10E260005A30ECE713B501A90446FFF7A3FF30B914
:10E2700001994B1C05D020460131FFF7C6FF02B0C3
:10E2800010BD45F2A350FAE7022905D90839022941
:10E2900009D94CF25A307047B0F5807F4CF25A30B1
:10E2A00008BF0020704700284CF25A30B8BF002049
:10E2B0007047022804D819B1083008600020704760
:10E2C0004AF2C530704700000048704700FC043037
:10E2D0004FF480607047000070B50446074E451843
:10E2E000A54201D8002070BD2046F369984710B9B7
:10E2F00004F50054F4E743F65C20F4E7902C040C9A
:10E300002DE9F84FDFF85CA00746DAF804308846BC
:10E31000154698470024144BC0F3410013F8209091
:10E3200004F18003AB4294BF80262E1BB6FBF9FBA1
:10E33000DAF814305A460D493819984700280EDB90
:10E340005A46DAF81830094908EB040098470028C3
:10E3500005DB3444A542E3D80020BDE8F88F43F63E
:10E360005C20FAE7902C040CE82C040C29CE033036
:10E3700008B54FF400514FF42830FFF7ADFF48B90E
:10E38000BDE808404FF400524FF428314FF42030DC
:10E39000FFF7B6BF43F65C2008BD00002DE9F34748
:10E3A000DFF870900546D9F804308846144698473F
:10E3B000194BC0F3410013F820A0B5FBFAF70AFB94
:10E3C000175727BBA4B9384602B0BDE8F0870AFB4F
:10E3D00006F6A41BF7D0012201A9A819C8470028F6
:10E3E00012DB224601A908EB06000FF074FCEAE7F5
:10E3F000B4FBFAF605F52035324641462846D9F8F1
:10E400001490C8470028E2DA43F65C27DBE74AF2BB
:10E41000C537D8E7902C040CE82C040C2DE9F04FFC
:10E4200086187542C5F30C05354485B0B5F5005F17
:10E430000446019104D943F65C2005B0BDE8F08F95
:10E44000DFF86C81D8F8043098470422594BC0F3A8
:10E45000410053F82070D8F8143057480093FBB2AD
:10E46000B2FBF3F203A9009B9847039A531C0232B4
:10E4700008BF01230393002D34D024F4FF5B2BF05D
:10E480001F0BA5EB0B010BF52030FFF725FF002834
:10E49000D1D1B5F5407FAA4628BF4FF4407ADA457E
:10E4A00029D8B5F5407F5ED3FBB21027B7FBF3F751
:10E4B000424D3A4629464048009B9847B6F5407F72
:10E4C0005CD8042203A93D480FF005FC384B3A46BE
:10E4D0003A493B489B69984708B18742ABD1FFF75F
:10E4E00047FFAAE74FF400514FF42030FFF7F4FE46
:10E4F0000028C2D09FE70BF180039A452CBF4FF054
:10E500008009AAEB0B095FFA87F8B9FBF8F82B49E9
:10E510004246009B0BF5283098475E4516D909EB1B
:10E520000B039C4212D2A3455A4638BF2246111B08
:10E53000A2EB0B009E4294BFC2EB0602C2EB0302A9
:10E54000019B19441D4B18440FF0C5FB184B424664
:10E550009B691A490BF52030984710B180457FF42C
:10E560006AAFCB449BE74FF440724FF420314FF435
:10E570002830FFF7C5FE002896D05CE7B4F5447F4D
:10E580009FD2B4F5407F224638BF4FF44072019BC2
:10E59000111BA2F540700B44B6F5447F94BFC2EB4B
:10E5A0000602C2F54472194628440FF094FB88E72E
:10E5B000902C040CE82C040C00A3020029CE03309C
:10E5C000008302002DE9F0414D4F86B00020BB686A
:10E5D000984700286BD104226946FFF7DFFE044606
:10E5E00000283FD104224FF440700DEB0201FFF7E9
:10E5F000D5FE0446002835D1424E009BB34203D1DC
:10E60000019B013B03335ED97B6898473E4BC0F3C7
:10E61000410053F8205004224FF4005004A9FFF7A2
:10E62000BDFE0446F0B904224FF40C5005A9FFF7D3
:10E63000B5FE0446B0B9049B4FF40051B3424FF409
:10E64000203013D1059B013B03330FD8FFF744FE65
:10E6500068BB4FF400524FF420314FF42830FFF7DD
:10E660004FFE20BB204606B0BDE8F081FFF734FE28
:10E670000146E0B94FF08008EDB2802223480FF048
:10E680004FFBB8FBF5F84FF42035BF6928464246EA
:10E690001E498035B847B5F5283FF7D1FFF768FE2A
:10E6A00028B9042202A90296FFF7B8FE10B143F67A
:10E6B0005C24D7E70123042203A94FF4407003939D
:10E6C000FFF7ACFECDE704224FF40C5005A9FFF78D
:10E6D00065FE04460028C5D1059B5A1E033206D8A4
:10E6E000019A934203D30233BCD1012ABAD1FFF776
:10E6F0003FFE43F65C23002818BF1C46B2E700BF6C
:10E70000902C040C1281DEC0E82C040C29CE0330BE
:10E71000FFF758BF1E280BD8012303FA00F00A4B5D
:10E72000034043B9094B18420BD110F0980F06D1A2
:10E730004CF25A307047202300200B6070470423AE
:10E74000FAE74023F8E700BF65FF004000000F2014
:10E7500037B50C4601A91D46FFF7DCFF50B9019BF8
:10E7600029469A4228BF1A46204603B0BDE83040E9
:10E77000FFF714BE4CF25A3003B030BD13461E28CA
:10E7800070D8DFE800F0106F15191D2125292D31F3
:10E7900035393D42474C51565B606F6F6F6F6F6FFD
:10E7A0006F6F6F656A000A4600200421FFF7D0BF33
:10E7B0000A4602202421F9E70A4603204421F5E70E
:10E7C0000A4604204821F1E70A4605204C21EDE7DE
:10E7D0000A4606206C21E9E70A4607208C21E5E776
:10E7E0000A4608209021E1E70A460920B021DDE72A
:10E7F0000A460A20D021D9E70A460B20F021D5E7A6
:10E800000A460C204FF48871D0E70A460D204FF4D9
:10E810009871CBE70A460E204FF41471C6E70A46FA
:10E820000F204FF41C71C1E70A4610204FF4A87165
:10E83000BCE70A4611204FF4C871B7E70A46122018
:10E840004FF4E871B2E70A4613204FF40471ADE7C4
:10E850000A461D204FF42571A8E70A461E204FF4F2
:10E860003571A3E74CF25A307047F0B593B00E46BD
:10E8700001A915461C46FFF74DFF00BB019B9342C3
:10E8800003D24AF2C53013B0F0BD402BF9D8304660
:10E8900002A9FFF783FD0028F5D1224602AB281913
:10E8A000824205D12A4621463046FFF7B7FDEAE706
:10E8B00013F8011B12F8017BB943F1D0E1E74CF2E8
:10E8C0005A30E0E713461E2870D8DFE800F0106FDA
:10E8D00015191D2125292D3135393D42474C5156F9
:10E8E0005B606F6F6F6F6F6F6F6F6F656A000A4667
:10E8F00000200421FFF7B9BF0A4602202421F9E7CE
:10E900000A4603204421F5E70A4604204821F1E79E
:10E910000A4605204C21EDE70A4606206C21E9E76E
:10E920000A4607208C21E5E70A4608209021E1E706
:10E930000A460920B021DDE70A460A20D021D9E79E
:10E940000A460B20F021D5E70A460C204FF48871C7
:10E95000D0E70A460D204FF49871CBE70A460E2007
:10E960004FF41471C6E70A460F204FF41C71C1E73B
:10E970000A4610204FF4A871BCE70A4611204FF454
:10E98000C871B7E70A4612204FF4E871B2E70A46A9
:10E9900013204FF40471ADE70A461D204FF4257192
:10E9A000A8E70A461E204FF43571A3E74CF25A300F
:10E9B00070470020704700207047000007B508210D
:10E9C0006A460220FFF7DAFEDDE900020C490D4B32
:10E9D0009A4208BF88420BD10B4800F0E7F80B4879
:10E9E00000F0E4F80A4800F0E1F80A4800F0DEF828
:10E9F0000822002168460FF093F903B05DF804FB8C
:10EA0000A9B454B26D6F90A4202F040C2F2F040CC6
:10EA10005E2F040C7F2F040C13B5044668B104214B
:10EA2000072001AAFFF7AAFE28B9019B012B8CBF82
:10EA300000230123237002B010BD4AF2C530FAE76B
:10EA400007B520210020074AFFF73CFF30B901231A
:10EA50000421072001AA0193FFF734FF03B05DF8FA
:10EA600004FB00BF042E040C07B520210220214A1C
:10EA7000FFF728FF00283AD1042103201E4AFFF7A0
:10EA800021FFA0BB04211D4A0846FFF71BFF70BBF6
:10EA9000202106201A4AFFF715FF40BB202108203D
:10EAA000184AFFF70FFF10BB20210920164AFFF775
:10EAB00009FFE0B920210A20144AFFF703FFB0B98B
:10EAC00020210B20124AFFF7FDFE80B940211D20B6
:10EAD000104AFFF7F7FE18B14CF25A33984206D1AC
:10EAE00003230421072001AA0193FFF7EBFE03B0E3
:10EAF0005DF804FBF82C040C182D040C1C2D040CE0
:10EB0000202D040C402D040C602D040C802D040CD1
:10EB1000A02D040CC02D040C07B50421072001AA68
:10EB2000FFF72CFEB0B91A4800F040F8194800F081
:10EB30003DF8194800F03AF8184800F037F818483E
:10EB400000F034F8019B43B10421072001AAFFF72C
:10EB500015FE78B103B05DF804FBFFF72AFF00282B
:10EB6000F8D1FFF76DFF0028F4D1FFF724FF00284C
:10EB7000EAD0EFE7019B012BECD1FFF71AFF002849
:10EB8000E8D1FFF771FF0028E4D1FFF714FFE1E7B8
:10EB9000862F040C202F040CAA2F040C5E2F040CCB
:10EBA0007F2F040C08461146FFF7D4B90FB41FB5E8
:10EBB000012106AB53F8042B054800910021039373
:10EBC00010F0FAFB05B05DF804EB04B0704700BF2D
:10EBD000A5EB030C044B82B0186883B26FF30F00EF
:10EBE000184302B0704700BF5C2E040C0120704730
:10EBF00000207047002070476FF00300704700202E
:10EC0000704700207047002070476FF00300704786
:10EC10000020704710B50C46014630B12CB10448B5
:10EC2000A2B200F03FFE204610BD6FF00400FBE7EB
:10EC3000ACCE03300A4608B5014640B13AB14FF4B4
:10EC40007A73044892B200F0E4FC002008BD6FF033
:10EC50000400FBE7ACCE033010B52B4B88B0D3F8E3
:10EC60008C20072442F00102C3F88C20D3F88C20BA
:10EC700003A902F001020092009AD3F88C202348E5
:10EC800042F00102C3F88C20D3F88C2002F001027C
:10EC90000192019AD3F8A42042F48042C3F8A42040
:10ECA000D3F8A4304FF4007203F480430293029B24
:10ECB0000223CDE90323069301230794059300F073
:10ECC0002DF84FF4806303A910480393079400F0D4
:10ECD00025F80F490F4B0C220B6000234FF4E13055
:10ECE000C1E905234FF40042C1E901030846C1E927
:10ECF0000333C1E907234B6200F01AFD003818BF47
:10ED00000120404208B010BD000C02540000025225
:10ED1000ACCE033000380150002070472DE9F04F91
:10ED200000234FF00F094A4A4A4D02EA90280A6828
:10ED300032FA03F401D1BDE8F08F012404FA03FA9A
:10ED40001AEA020270D04C6824F01007022F16D184
:10ED50004FEAD30C00EB8C0C03F0070EDCF82060BC
:10ED60004FEA8E0E09FA0EFB26EA0B0B0E6906F02F
:10ED70000F0606FA0EF646EA0B06CCF820600326CC
:10ED8000D0F800B04FEA430E06FA0EFC2BEA0C0B4B
:10ED90006FEA0C0604F0030C0CFA0EFC013F4CEA7F
:10EDA0000B0C012FC0F800C040D9032C3CD0C76821
:10EDB00037408E6806FA0EF63E43C660E60033D54D
:10EDC00023F0030707F1A84707F5083703F0030608
:10EDD000D7F860C0F60009FA06FE2CEA0E0C08FA15
:10EDE00006F646EA0C063E66D743D5F8806014F472
:10EDF000803F0CBF3E401643C5F88060D5F8846064
:10EE000014F4003F0CBF3E401643C5F884602E68E2
:10EE100014F4801F0CBF3E4016432E606E68A4029F
:10EE200054BF3E4016436E60013380E7876806EAB0
:10EE3000070CCF6807FA0EF747EA0C0787604768A8
:10EE400027EA0A0C27099F4047EA0C074760AEE70C
:10EE50007F7F2B0000200254704770477047704737
:10EE6000D0F88C2008B5222A036845D15B6AB0F837
:10EE70006010826D0B401370836D01338365B0F8B1
:10EE80005E30013B9BB2A0F85E30B0F85E309BB2C2
:10EE900073BB026852E8003F23F4907342E80031EC
:10EEA00003680029F5D103F1080252E8001F9446D7
:10EEB00021F001014CE80012002AF4D12021C0F811
:10EEC0008C100267C16E4267012912D1C26653E8F5
:10EED000002F22F0100243E800210029F7D1DA695F
:10EEE000B0F85C10D20644BF10221A62FFF7B7FFD9
:10EEF00008BDFFF7B2FFFBE79A6942F008029A618A
:10EF0000F6E7D0F88C2008B5222A036842D1596A66
:10EF1000B0F860201140826D22F8021B8265B0F8C3
:10EF20005E20013A92B2A0F85E20B0F85E2092B264
:10EF300062BB53E8002F22F4907243E800210029BD
:10EF4000F7D103F1080252E8001F944621F00101B5
:10EF50004CE80012002AF4D12021C0F88C1002677E
:10EF6000C16E4267012912D1C26653E8002F22F018
:10EF7000100243E800210029F7D1DA69B0F85C10EB
:10EF8000D20644BF10221A62FFF769FF08BDFFF7DF
:10EF900064FFFBE79A6942F008029A61F6E7000015
:10EFA00003682DE9F047DD69D3F800909F68D0F839
:10EFB0008C200446222A40F0A980B0F868303BB982
:10EFC000B4F85E309BB2002B40F08380BDE8F08740
:10EFD0004FF0000AB0F860804F4E07F00107AB0613
:10EFE000EED52368A26D5B6A03EA08031370A36D74
:10EFF0000133A365B4F85E30013B9BB2A4F85E30E8
:10F000002368DD6969072AD0EA070AD519F4807FE9
:10F0100007D001221A62D4F8902042F00102C4F80D
:10F020009020A80708D53FB102221A62D4F8902098
:10F0300042F00402C4F89020690708D53FB10422C9
:10F040001A62D4F8903043F00203C4F89030D4F838
:10F05000903023B12046FFF701FFC4F890A0B4F828
:10F060005E309BB2002BBAD1226852E8003F23F4F5
:10F07000807342E8003123680029F5D103F10802CA
:10F0800052E8001F1046314040E80012002AF5D136
:10F090002021C4F88C102267E16E6267012914D127
:10F0A000E26653E8002F22F0100243E80021002915
:10F0B000F7D1DA692046D20648BF1022B4F85C10B6
:10F0C00048BF1A62FFF7CBFE89E72046FFF7C5FE6F
:10F0D00085E7B4F868209A427FF678AF226802F19B
:10F0E000080353E8003F23F08053083242E8003120
:10F0F00022680029F2D1094B636752E8003F43F0D0
:10F10000200342E800310029F7D15FE79A6942F015
:10F1100008029A615AE700BFFEFFFFEF61EE030CA1
:10F1200003682DE9F047DD69D3F800909F68D0F8B7
:10F130008C200446222A40F0A780B0F868303BB902
:10F14000B4F85E309BB2002B40F08180BDE8F087C0
:10F150004FF0000AB0F860804E4E07F00107AB0692
:10F16000EED52368A26D596A08EA010122F8021B54
:10F17000A265B4F85E20013A92B2A4F85E20DD697F
:10F1800069072AD0EA070AD519F4807F07D001223F
:10F190001A62D4F8902042F00102C4F89020A80727
:10F1A00008D53FB102221A62D4F8902042F004023E
:10F1B000C4F89020690708D53FB104221A62D4F838
:10F1C000903043F00203C4F89030D4F8903023B16B
:10F1D0002046FFF743FEC4F890A0B4F85E309BB21F
:10F1E000002BBCD1226852E8003F23F4807342E830
:10F1F000003123680029F5D103F1080252E8001F0D
:10F200001046314040E80012002AF5D12021C4F810
:10F210008C102267E16E6267012914D1E26653E81F
:10F22000002F22F0100243E800210029F7D1DA690B
:10F230002046D20648BF1022B4F85C1048BF1A62BC
:10F24000FFF70DFE8BE72046FFF707FE87E7B4F8D0
:10F2500068209A427FF67AAF226802F1080353E8E9
:10F26000003F23F08053083242E800312268002931
:10F27000F2D1094B636752E8003F43F0200342E8B4
:10F2800000310029F7D161E79A6942F008029A61DA
:10F290005CE700BFFEFFFFEF03EF030CF8B5044689
:10F2A0000368C169826800691D680243606902439E
:10F2B00075480A43284002431A605A68E06822F4FD
:10F2C000405202435A60714AA069934205D002F14C
:10F2D000805293421CBF226A10439A6822F06E4209
:10F2E00022F4306202439A60DA6A606A22F00F0206
:10F2F0000243DA62664A93426ED0A2F574429342A8
:10F3000000F08F8002F58062934200F08C8002F55D
:10F310008062934200F08980B3F1502F00F0878023
:10F3200002F5C052934200F0848002F5A05293424D
:10F3300000F0818002F5806293427ED002F5806207
:10F3400093427CD0A2F5C05293427BD002F58062FA
:10F3500093427AD002F5C052934279D04D4A9342FB
:10F360001CD002F1704293424FF0000035D10021D1
:10F3700000F08EFC70B3616A474A656832F811206C
:10F3800005EB4501B0FBF2F399420AD901204FF099
:10F390000113A3660023C4E91D33F8BD4FF4805068
:10F3A000E5E7B3EB053FF1D80023194622F0CCFD89
:10F3B0000023064619464FF4807768082A46E6FB84
:10F3C000070122F0C1FD354BA0F540729A42DDD80D
:10F3D0002368D8600020DAE70120B1F5004F4FF034
:10F3E000000138D100F054FC0028F3D0616A2A4BA8
:10F3F000626833F81130B0FBF3F0530803EB4003BD
:10F40000B3FBF2F34FF6EF72A3F110019142BDD8B6
:10F4100023F00F02216892B2C3F342031343CB607F
:10F42000D8E70220D9E70420D7E70820D5E7102045
:10F43000D3E72020D1E74020CFE78020CDE74FF46D
:10F440008070CAE74FF40070C7E74FF48060C4E7EC
:10F450004FF40060C1E700F01BFC0028BAD0616ADD
:10F460000D4B626833F81130B0FBF3F303EB52033A
:10F47000B3FBF2F34FF6EF72A3F11001914285D87E
:10F480002268D360A6E700BFF369FFCF00240044E1
:10F490000038015000240054602E040CFFFC0F00C3
:10F4A000836A10B5DA0706D50168C46A4A6822F48F
:10F4B000003222434A609C0706D50168046B4A6803
:10F4C00022F4803222434A60590706D50168446B12
:10F4D0004A6822F4802222434A601A0706D501684E
:10F4E000846B4A6822F4004222434A60DC0606D557
:10F4F0000168C46B8A6822F4805222438A609906AC
:10F5000006D50168046C8A6822F4005222438A609E
:10F510005A0610D50168446C4A68B4F5801F22F47D
:10F52000801242EA04024A6005D14A68846C22F4DF
:10F53000C00222434A601B0606D50268C16C5368AC
:10F5400023F400230B43536010BD2DE9F843054617
:10F550000F4616469846DDF820902A68D36937EAA8
:10F5600003030CBF01230023B34201D0002029E094
:10F57000B9F1FF3FF2D004F0A7FDA0EB0800484529
:10F580002C6802D8B9F1000F1ED154E8003F23F4D3
:10F59000D07344E80032002AF7D104F1080353E89D
:10F5A000003F23F0010304F1080141E80032002A82
:10F5B000F3D12023C5F88830C5F88C300023032010
:10F5C00085F88430BDE8F88323685A07C5D5E36918
:10F5D0001B05C2D54FF40063236254E8003F23F4B7
:10F5E000D07344E80032002AF7D104F1080353E84D
:10F5F000003F23F0010304F1080141E80032002A32
:10F60000F3D12023C5F88830C5F88C30C5F8903088
:10F61000D4E72DE9F7439846D0F888300446202BEC
:10F620000E4617464BD100294BD0002A49D003681B
:10F6300000259A68120642BF9A6822F080029A60FA
:10F640002123C0F89050C0F8883004F03DFDA36835
:10F650008146B3F5805FA4F85470A4F8567003D1C6
:10F6600023690BB935461E46B4F856204B4692B274
:10F67000CDF8008042B940212046FFF766FF48B927
:10F680002023C4F8883006E0002280212046FFF7BE
:10F690005CFF18B1032003B0BDE8F08322685EB9B7
:10F6A00035F8023BC3F308039362B4F85620013ADD
:10F6B00092B2A4F85620D7E716F8013BF4E70220EF
:10F6C000E9E70120E7E773B500260446C0F890603B
:10F6D00004F0FAFC236805461B681A0719D423684E
:10F6E0001B685B070AD56FF07E43002200934FF43E
:10F6F00080012B462046FFF728FFB0B900202023C9
:10F7000084F88400C4F88830C4F88C30E066206740
:10F710000CE06FF07E43324600934FF40011034635
:10F720002046FFF712FF0028D9D0032002B070BD99
:10F7300010B5044650B3D0F888301BB980F8843037
:10F74000FFF78AFB24232268C4F888301368204618
:10F7500023F001031360FFF7A1FD012816D0A36A6F
:10F7600013B12046FFF79CFE23682046BDE81040F9
:10F770005A6822F490425A609A6822F02A029A60EB
:10F780001A6842F001021A60FFF79DBF012010BD08
:10F79000002330B581658168A0F85C20B1F5805FF9
:10F7A000A0F85E20436731D10369002B40F2FF13BC
:10F7B00018BFFF23A0F860300023C0F89030222348
:10F7C000C0F88C30016801F1080353E8003F43F0B2
:10F7D0000103083141E800340368002CF2D1456E82
:10F7E0008468B5F1005F016935D1B0F86850954281
:10F7F00031D8B4F5805F29D1C1B1264A426753E8B8
:10F80000002F42F4807243E8002121E029B9036906
:10F81000002B0CBFFF237F23CCE7B1F1805FC9D160
:10F820000369002B0CBF7F233F23C3E71A4A4267BB
:10F8300003F1080252E8002F42F0805203F1080061
:10F8400040E800210029F3D1002030BD114A426771
:10F850000029D4D1ECE7B4F5805F16D151B10F4A3D
:10F86000426753E8002F42F4907243E800210029D8
:10F87000F7D1E9E70A4A426753E8002F42F0200235
:10F8800043E800210029F7D1DEE7044A4267002956
:10F89000E7D1F1E7A1EF030C21F1030C61EE030CBA
:10F8A00003EF030C38B5D0F88C30202B21D111B3E5
:10F8B0000AB30023C36603689C68650642BF9C6860
:10F8C00024F040049C600D4CA3420ED004F18054FF
:10F8D000A3420AD05C68240207D553E8004F44F0E5
:10F8E000806443E80045002DF7D1FFF751FF002069
:10F8F00038BD0220FCE70120FAE700BF00240044E5
:10F900002DE9F0474A4C0546D4F83490D4F82880C5
:10F91000A36AD4F828A013F47C5FA66BC3F3052078
:10F9200000F0818022F048F9C6F3CC0607460AF0C1
:10F930001000704322F040F94FF0645122F094F926
:10F940000646C9F3080022F037F90146304622F096
:10F9500083F84FF07E5122F07FF808F00303022B6A
:10F9600006465AD0032B5BD023683248C3F3C10349
:10F97000D84022F021F9394622F02AFA314622F005
:10F9800073F92B4A0446106810F0007012D0906A88
:10F9900010F480300ED0506BC0F3462022F00CF9EA
:10F9A0004FF07E5122F058F80146204622F010FA1E
:10F9B00022F0AAFA1E4A2860106810F0007012D0D7
:10F9C000906A10F400300ED0506BC0F3064022F065
:10F9D000F3F84FF07E5122F03FF80146204622F026
:10F9E000F7F922F091FA124B68601A6891011CD560
:10F9F0009A6A520319D5586BC0F3066022F0DCF8FE
:10FA00004FF07E5122F028F80146204622F0E0F91E
:10FA100022F07AFAA860BDE8F08739460648ABE7DD
:10FA200039460648A8E7C5E900000020F2E700BF14
:10FA3000000C02540090D0030024744A20BCBE4B3A
:10FA40002DE9F047444C0546D4F83C90D4F82C807E
:10FA5000E36AD4F82CA013F47C5F266CC3F3052072
:10FA600077D022F0A9F8C6F3CC0607460AF01000BA
:10FA7000704322F0A1F84FF0645122F0F5F80646E9
:10FA8000C9F3080022F098F80146304621F0E4FF5F
:10FA90004FF07E5121F0E0FF08F00303022B0646F1
:10FAA00041D0032B42D023682C48C3F3C103D84074
:10FAB00022F082F8394622F08BF9314622F0D4F850
:10FAC000254B0446D86A10F480300ED0D86BC0F3B2
:10FAD000462022F071F84FF07E5121F0BDFF014623
:10FAE000204622F075F922F00FFA1B4B2860D86AE5
:10FAF00010F400300ED0D86BC0F3064022F05CF852
:10FB00004FF07E5121F0A8FF0146204622F060F917
:10FB100022F0FAF9104B6860DA6A520309D4002027
:10FB2000A860BDE8F08739460D48C4E739460D485E
:10FB3000C1E7D86BC0F3066022F03EF84FF07E516B
:10FB400021F08AFF0146204622F042F922F0DCF93A
:10FB5000E6E7C5E90000E2E7000C02540090D0039C
:10FB60000024744A20BCBE4B2DE9F047444C0546A6
:10FB7000D4F84490D4F83080236BD4F830A013F438
:10FB80007C5FA66CC3F3052077D022F015F8C6F38E
:10FB9000CC0607460AF01000704322F00DF84FF033
:10FBA000645122F061F80646C9F3080022F004F817
:10FBB0000146304621F050FF4FF07E5121F04CFFBE
:10FBC00008F00303022B064641D0032B42D02368E2
:10FBD0002C48C3F3C103D84021F0EEFF394622F090
:10FBE000F7F8314622F040F8254B0446186B10F424
:10FBF00080300ED0586CC0F3462021F0DDFF4FF06E
:10FC00007E5121F029FF0146204622F0E1F822F042
:10FC10007BF91B4B2860186B10F400300ED0586C29
:10FC2000C0F3064021F0C8FF4FF07E5121F014FFD1
:10FC30000146204622F0CCF822F066F9104B6860AD
:10FC40001A6B520309D40020A860BDE8F08739463A
:10FC50000D48C4E739460D48C1E7586CC0F306604B
:10FC600021F0AAFF4FF07E5121F0F6FE014620461A
:10FC700022F0AEF822F048F9E6E7C5E90000E2E735
:10FC8000000C02540090D0030024744A20BCBE4BE8
:10FC90007FB500F17E420A4303462DD1B54AD2F822
:10FCA000F030D2F8F01003F44073890703D5B3F5B0
:10FCB000807F01F08A83D2F8F020120103D5B3F5DA
:10FCC000007F01F08683AB4A106810F4003010D03A
:10FCD000B3F5407F41F08183D36903F47C53B3F5DE
:10FCE000007FC1F07D83D369A348C3F30523B0FB34
:10FCF000F3F007B05DF804FBA0F580120A4300F0B2
:10FD0000C3819E4A904271F1000280F09C80A0F570
:10FD100080620A4300F0CB8440F20142904271F1CC
:10FD200000024AD2A0F120020A4300F06483212895
:10FD300071F1000223D2092871F1000218D250EAB1
:10FD4000010201F05083431E41F1FF31082B71F194
:10FD5000000181F04B83072B01F24883DFE813F0A9
:10FD6000FF014302460B8902460B460B460BC702B6
:10FD7000A0F110030B4300F0FC820020B9E7A0F5CE
:10FD800080720A4300F0078440F20112904271F140
:10FD900000020BD2A0F140020A4300F06E83A0F1F2
:10FDA00080030B4300F0B1830020A2E7A0F50073AD
:10FDB0000B4300F0368400209BE7A0F500420A4385
:10FDC00000F0E48548F20102904271F100021DD278
:10FDD000A0F500520A4300F0858542F201029042EC
:10FDE00071F100020BD2A0F500620A4300F0A0847A
:10FDF000A0F580530B4300F0E184002079E7A0F5E3
:10FE000080430B4300F09885002072E7A0F5802224
:10FE10000A4300F095865A4A904271F100020BD2D3
:10FE2000A0F580320A4300F00B86A0F500330B43A7
:10FE300000F0268600205CE7A0F500230B4300F0CD
:10FE4000DA80002055E700220220814208BF934259
:10FE500001F023829A42884149D303F1704008435C
:10FE600001F0AA804748834271F1000021D2A3F536
:10FE700000020A4300F06281434A934271F100029A
:10FE80000BD2A3F500120A4300F0DB84A3F5800334
:10FE90000B4300F0428100202BE703F17C420A4330
:10FEA00001F03F8203F178430B4301F03A800020D8
:10FEB0001FE74FF00040914208BF834201F0638189
:10FEC000984272EB01000BD303F160420A4301F048
:10FED000C88003F140430B4301F01081002008E784
:10FEE000012908BF934201F09381002001E74020DF
:10FEF000814208BF934200F0E3869A42884145D38D
:10FF00001020814208BF934201F038829A42884112
:10FF100029D3042908BF934200F0E1870020082973
:10FF200008BF83427FF4E5AE124AD2F8E830D2F837
:10FF3000F01003F0C003890702D5002B01F0CC823A
:10FF4000D2F8F020100102D5402B01F0C982094AF5
:10FF5000106810F400703FF4CCAE802B48F2120011
:10FF600018BF0020C5E6202908BF934200F048864C
:10FF70000020BEE6000C025440787D010100100014
:10FF80000100040001000010010080004FF4007027
:10FF9000814208BF934200F08C849A42884122D368
:10FFA000802908BF934200F0F1860020B1F5807FE0
:10FFB00008BF83427FF49DAE9B4AD2F8DC3003F049
:10FFC000E043B3F1405F00F0658700F23F87B3F193
:10FFD000805F00F05187B3F1005F00F05587002B80
:10FFE00000F0F28385E6B1F5806F08BF934200F020
:10FFF000F68400207DE68C4AD2F8E83003F4E02352
:020000040C04EA
:10000000B3F5003F18D007D87BB9002303A80493A9
:10001000FFF776FC04986CE6B3F5403F01F0E98108
:10002000B3F5802F0FD0002063E6002368460093CD
:10003000FFF706FD00985CE6002303A80393FFF793
:1000400093FD039855E6D2F8E830116803F0404379
:10005000880706D52BB913687448C3F3C103D84089
:1000600047E6714A1168890503D5B3F1804F01F065
:10007000C381106810F400303FF43BAEB3F1004F81
:100080006B4818BF002034E6674AD2F8E83003F422
:100090006013B3F5801F18D007D87BB9002303A8DD
:1000A0000493FFF72DFC049823E6B3F5C01F01F07D
:1000B000A681B3F5001F0FD000201AE60023684682
:1000C0000093FFF7BDFC009813E6002303A80393F9
:1000D000FFF74AFD03980CE6D2F8E830116803F008
:1000E0004043880706D52BB913685048C3F3C103B2
:1000F000D840FEE54C4A1168890503D5B3F1804F1D
:1001000001F08081106810F400303FF4F2ADB3F1DB
:10011000004F474818BF0020EBE5434BD3F8E430CD
:100120005B0606D4002303A80493FFF7E9FB0498B9
:10013000DFE56846FFF784FC0298DAE53A4BD3F82E
:10014000E430180606D4002303A80493FFF7D8FB75
:100150000498CEE56846FFF773FC0298C9E5324A79
:10016000D2F8D83013F0070304D107B05DF804EBE0
:1001700001F0ACBA1168090108D5012B06D10023A2
:1001800068460193FFF75CFC0198B2E512689000A5
:1001900008D5022B06D1002303A80493FFF7E4FC43
:1001A0000498A6E5204A1168890707D5032B05D1D5
:1001B00013681E48C3F3C103D8409AE5126892053C
:1001C00002D5042B01F02181174AD2F8F00010F07B
:1001D00002003FF48EADA3F1050CDCF1000343EB0C
:1001E0000C03D80385E5104AD2F8D83013F0380351
:1001F00004D107B05DF804EB01F056BA12681001A3
:1002000008D5082B06D1002368460193FFF718FC98
:1002100001986EE5102B0DD1002303A80493FFF77E
:10022000A3FC049865E500BF000C02540090D003C5
:1002300040787D019B4A1168890707D5182B05D1A5
:1002400013689948C3F3C103D84052E51268920578
:1002500002D5202B01F0DC80924AD2F8F00010F099
:1002600002003FF446ADA3F1280043424341D803C6
:100270003FE58C4AD2F8D83013F4E073B9D0116856
:10028000090108D5402B06D1002368460193FFF7EA
:10029000D7FB01982DE51268900008D5802B06D178
:1002A000002303A80493FFF75FFC049821E57D4A2F
:1002B0001168890707D5C02B05D113687A48C3F3A5
:1002C000C103D84015E51268920503D5B3F5807FC8
:1002D00001F0A180734AD2F8F00010F002003FF460
:1002E00008ADA3F5A07043424341D80301E56D4A30
:1002F000D2F8D83013F460633FF47BAF1168090182
:1003000009D5B3F5007F06D1002368460193FFF7B6
:1003100097FB0198EDE41268900009D5B3F5806F62
:1003200006D1002303A80493FFF71EFC0498E0E421
:100330005C4A1168890708D5B3F5C06F05D1136809
:100340005948C3F3C103D840D3E41268920503D5DA
:10035000B3F5006F01F06280524AD2F8F00010F05D
:1003600002003FF4C6ACA3F5206043424341D803EA
:10037000BFE44C4AD2F8D83013F4E0433FF439AF2D
:100380001168090109D5B3F5805F06D100236846DD
:100390000193FFF755FB0198ABE41268900009D573
:1003A000B3F5005F06D1002303A80493FFF7DCFB3D
:1003B00004989EE43B4A1168890708D5B3F5405F6D
:1003C00005D113683848C3F3C103D84091E41268DB
:1003D000920503D5B3F5804F01F02380314AD2F85E
:1003E000F00010F002003FF484ACA3F5A0404342BB
:1003F0004341D8037DE42B4AD2F8D83013F460335C
:100400003FF4F7AE1168090109D5B3F5004F06D1E5
:10041000002368460193FFF713FB019869E4126813
:10042000900009D5B3F5803F06D1002303A80493BB
:10043000FFF79AFB04985CE41A4A1168890708D50B
:10044000B3F5C03F05D113681748C3F3C103D840C3
:100450004FE41268920503D5B3F5003F00F0E4873E
:10046000104AD2F8F00010F002003FF442ACA3F5BD
:10047000203043424341D8033BE40A4AD2F8D83003
:1004800013F4E0133FF4B5AE116809010ED5B3F5CE
:10049000802F0BD1002368460193FFF7D1FA019812
:1004A00027E400BF000C02540090D00312689000B3
:1004B00009D5B3F5002F06D1002303A80493FFF755
:1004C00053FB049815E4A44A1168890708D5B3F5CD
:1004D000402F05D11368A148C3F3C103D84008E4F5
:1004E0001268920503D5B3F5801F00F0A0879A4AE1
:1004F000D2F8F00010F002003FF4FBABA3F5A0101F
:1005000043424341D803FFF7F4BB934AD2F8D830B3
:1005100013F460033FF46DAE116809010AD5B3F519
:10052000001F07D1002368460193FFF789FA01985D
:10053000FFF7DFBB126890000AD5B3F5800F07D133
:10054000002303A80493FFF70FFB0498FFF7D1BB28
:10055000814A1168890709D5B3F5C00F06D1136820
:100560007E48C3F3C103D840FFF7C3BB12689205AE
:1005700003D5B3F5000F00F05D87774AD2F8F0009D
:1005800010F002003FF4B5ABA3F520004342434115
:10059000D803FFF7AEBB704AD2F8D83013F0E0634F
:1005A0003FF427AE116809010AD5B3F1807F07D166
:1005B000002368460193FFF743FA0198FFF799BBC0
:1005C000126890000AD5B3F1007F07D1002303A879
:1005D0000493FFF7C9FA0498FFF78BBB5E4A1168D2
:1005E000890709D5B3F1407F06D113685B48C3F38F
:1005F000C103D840FFF77DBB1268920503D5B3F164
:10060000806F00F01A87544AD2F8F00010F0020010
:100610003FF46FAB03F17B4043424341D803FFF704
:1006200068BB4D4AD2F8D83013F060533FF4E1ADC7
:10063000116809010AD5B3F1006F07D1002368469C
:100640000193FFF7FDF90198FFF753BB1268900083
:100650000AD5B3F1805F07D1002303A80493FFF705
:1006600083FA0498FFF745BB3B4A1168890709D50F
:10067000B3F1C05F06D113683848C3F3C103D84053
:10068000FFF737BB1268920503D5B3F1005F00F0A6
:10069000D786314AD2F8F00010F002003FF429ABBF
:1006A00003F1584043424341D803FFF722BB2A4A93
:1006B000D2F8DC3013F007033FF49BAD1168090159
:1006C00009D5012B07D1002368460193FFF7B8F93C
:1006D0000198FFF70EBB1268900009D5022B07D1D5
:1006E000002303A80493FFF73FFA0498FFF701BB28
:1006F000194A1168890708D5032B06D113681748D2
:10070000C3F3C103D840FFF7F4BA1268920502D5CB
:10071000042B00F09886104AD2F8F00010F0020086
:100720003FF4E7AA581F43424341D803FFF7E1BA19
:10073000094AD2F8DC3013F070033FF45AAD116867
:1007400009010DD5102B0BD1002368460193FFF74B
:1007500077F90198FFF7CDBA000C02540090D0034E
:100760001268900009D5202B07D1002303A8049319
:10077000FFF7FAF90498FFF7BCBAAE4A1168890787
:1007800008D5302B06D11368AB48C3F3C103D8405A
:10079000FFF7AFBA1268920502D5402B00F05686DB
:1007A000A44AD2F8F00010F002003FF4A2AAA3F18C
:1007B000500043424341D803FFF79BBA9D4AD2F809
:1007C000E03013F0E06304D107B05DF804EB00F013
:1007D0008FBFB3F1807F07D1002368460193FFF7F5
:1007E0002FF90198FFF785BAB3F1007F07D10023F5
:1007F00003A80493FFF7B8F90498FFF77ABA1168D1
:10080000890709D5B3F1407F06D113688A48C3F33D
:10081000C103D840FFF76DBA864A1168880503D531
:10082000B3F1806F00F01586D2F8F00010F00200EE
:100830003FF45FAA03F17B414B424B41D803FFF7E2
:1008400058BA7C4AD2F8E83013F0070304D107B055
:100850005DF804EB00F012BF012B04D107B05DF886
:1008600004EB00F055BE022B05D16846FFF7E8F80F
:100870000298FFF73EBA1268920302D5032B00F0EC
:10088000EB856C4A1168880708D5042B06D11368DC
:100890006948C3F3C103D840FFF72BBA106810F4BE
:1008A00000703FF426AA052B644818BF0020FFF70C
:1008B00020BA604AD2F8E830D2F8F01003F008030A
:1008C000890702D5002B00F0CA85D2F8F00010F09D
:1008D00000603FF40EAA002B14BF4FF4FA40002032
:1008E000FFF707BA534AD2F8E43013F440333FF429
:1008F00080ACB3F5803F05D103A8FFF735F9059823
:10090000FFF7F7B91168880709D5B3F5003F06D19D
:1009100013684948C3F3C103D840FFF7EAB9454A11
:10092000106810F400703FF4E4A9B3F5403F434869
:1009300018BF0020FFF7DDB93E4AD2F8E43013F4C7
:1009400040233FF456ACB3F5802F05D103A8FFF741
:100950000BF90598FFF7CDB91168890709D5B3F5EB
:10096000002F06D113683448C3F3C103D840FFF702
:10097000C0B9304A106810F400703FF4BAA9B3F55A
:10098000402F2E4818BF0020FFF7B3B9294AD2F8EC
:10099000E43013F440133FF417AFB3F5801F05D1D3
:1009A00003A8FFF7E1F80598FFF7A3B911688807D6
:1009B00009D5B3F5001F06D113681F48C3F3C1035F
:1009C000D840FFF796B9106810F400703FF491A971
:1009D000B3F5401F194818BF0020FFF78AB9154A20
:1009E000D2F8E43013F440033FF4EEAEB3F5800FD9
:1009F00005D103A8FFF7B8F80598FFF77AB9116891
:100A0000890709D5B3F5000F06D113680A48C3F367
:100A1000C103D840FFF76DB9064A106810F40070A2
:100A20003FF467A9B3F5400F044818BF0020FFF753
:100A300060B900BF000C02540090D00300093D00D3
:100A4000B24AD2F8E43013F040733FF4D2ABB3F1C2
:100A5000807F05D103A8FFF787F80598FFF749B90C
:100A6000106810F002003FF444A9B3F1007F40F099
:100A7000FA841368A648C3F3C103D840FFF739B915
:100A8000A24AD2F8DC3003F4E063B3F5407F23D010
:100A90000BD8B3F5807F11D0B3F5007F16D0002BB3
:100AA0003FF492AE0020FFF724B9B3F5806F1AD05F
:100AB000B3F5A06F21D00020FFF71BB900236846D3
:100AC0000093FEF7BDFF0098FFF713B903A8FFF7E7
:100AD0004BF80598FFF70DB9D2F8F000C0F34000CD
:100AE000C003FFF706B9D2F8F03013F0006F14BF5F
:100AF0004FF4FA400020FFF7FCB8D2F8E830116854
:100B000003F04043880707D533B913688048C3F31F
:100B1000C103D840FFF7EDB87C4A1168890503D5B9
:100B2000B3F1804F00F0A284106810F400303FF45D
:100B3000E0A8B3F1004F774818BF0020FFF7D9B8FD
:100B4000724AD2F8DC3003F4E043B3F5405F23D0BF
:100B50000BD8B3F5805F11D0B3F5005F16D0002B32
:100B60003FF447AB0020FFF7C4B8B3F5804F1AD06D
:100B7000B3F5A04F21D00020FFF7BBB80023684693
:100B80000093FEF75DFF0098FFF7B3B803A8FEF7E8
:100B9000EBFF0598FFF7ADB8D2F8F000C0F34000C6
:100BA000C003FFF7A6B8D2F8F03013F0006F14BFFF
:100BB0004FF4FA400020FFF79CB8D2F8E8301168F3
:100BC00003F04043880707D533B913685048C3F38F
:100BD000C103D840FFF78DB84C4A1168890503D589
:100BE000B3F1804F00F04584106810F400303FF4FA
:100BF00080A8B3F1004F474818BF0020FFF779B82D
:100C0000424AD2F8DC3003F4E023B3F5403F23D06E
:100C10000BD8B3F5803F11D0B3F5003F16D0002BB1
:100C20003FF4D2AD0020FFF764B8B3F5802F1AD09F
:100C3000B3F5A02F21D00020FFF75BB80023684652
:100C40000093FEF7FDFE0098FFF753B803A8FEF7E8
:100C50008BFF0598FFF74DB8D2F8F000C0F34000C5
:100C6000C003FFF746B8D2F8F03013F0006F14BF9E
:100C70004FF4FA400020FFF73CB8D2F8E830116892
:100C800003F04043880707D533B913682048C3F3FE
:100C9000C103D840FFF72DB81C4A1168890503D558
:100CA000B3F1804F00F0E883106810F400303FF497
:100CB00020A8B3F1004F174818BF0020FFF719B85C
:100CC000124AD2F8DC3003F4E003B3F5401F29D018
:100CD0000BD8B3F5801F11D0B3F5001F1CD0002B2B
:100CE0003FF472AD0020FFF704B8B3F5800F20D0B9
:100CF000B3F5A00F27D00020FEF7FBBF0023684606
:100D00000093FEF79DFE0098FEF7F3BF000C02541F
:100D10000090D00340787D0103A8FEF725FF0598D9
:100D2000FEF7E7BFD2F8F000C0F34000C003FEF7C3
:100D3000E0BFD2F8F03013F0006F14BF4FF4FA4068
:100D40000020FEF7D6BFD2F8E830116803F0404328
:100D5000880707D533B91368AC48C3F3C103D8403B
:100D6000FEF7C7BFAA4A1168890503D5B3F1804FC2
:100D700000F08583106810F400303EF4BAAFB3F190
:100D8000004FA44818BF0020FEF7B3BFA04AD2F816
:100D9000DC3003F0E063B3F1407F23D00BD8B3F134
:100DA000807F11D0B3F1007F16D0002B3FF40CAD43
:100DB0000020FEF79EBFB3F1806F1AD0B3F1A06F91
:100DC00021D00020FEF795BF002368460093FEF770
:100DD00037FE0098FEF78DBF03A8FEF7C5FE059805
:100DE000FEF787BFD2F8F000C0F34000C003FEF763
:100DF00080BFD2F8F03013F0006F14BF4FF4FA4008
:100E00000020FEF776BFD2F8E830116803F04043C7
:100E1000880707D533B913687C48C3F3C103D840AA
:100E2000FEF767BF7A4A1168890503D5B3F1804F91
:100E300000F02883106810F400303EF45AAFB3F18C
:100E4000004F744818BF0020FEF753BFB3F1804F26
:100E500027D0B3F1A04F7EF44CAFD2F8E830116840
:100E600003F04043880726D52BBB13686748C3F3BC
:100E7000C103D840FEF73DBF002368460093FEF74C
:100E8000DFFD0098FEF735BF03A8FEF76DFE05985D
:100E9000FEF72FBFD2F8F000C0F34000C003FEF70A
:100EA00028BFD2F8F03013F0006F14BF4FF4FA40AF
:100EB0000020FEF71EBF564A1168890503D5B3F11D
:100EC000804F00F0E282106810F400303EF411AF61
:100ED000B3F1004F4F4818BF0020FEF70ABF4C4A3D
:100EE000D2F8E830126803F44073900302D5002B67
:100EF00000F0CE82B3F5807F07D1002303A80493CE
:100F0000FEF7FEFC0498FEF7F4BEB3F5007F40F058
:100F1000C282002368460193FEF792FD0198FEF716
:100F2000E8BE3B4AD2F8E03003F00703042B00F29E
:100F3000B582DFE803F0060E16031E003648FEF702
:100F4000D8BE002303A80493FEF7DAFC0498FEF74A
:100F5000D0BE002368460093FEF772FD0098FEF7AE
:100F6000C8BE002303A80393FEF7FEFD0398FEF717
:100F7000C0BED2F8E830116803F04043890707D5B6
:100F800033B913682148C3F3C103D840FEF7B1BE9B
:100F90001F4A1168880503D5B3F1804F00F08182A4
:100FA000106810F400303EF4A4AEB3F1004F1948BD
:100FB00018BF0020FEF79DBE154AD2F8E03003F0BE
:100FC0003803102B19D008D87BB9002303A8049349
:100FD000FEF796FC0498FEF78CBE182B00F0648296
:100FE000202B1BD00020FEF784BE00236846009310
:100FF000FEF726FD0098FEF77CBE002303A80393AE
:10100000FEF7B2FD0398FEF774BE00BF0090D00358
:10101000000C025440787D010080BB00D2F8E8301B
:10102000116803F04043890707D533B91368A54811
:10103000C3F3C103D840FEF75CBEA34A116888051C
:1010400003D5B3F1804F00F03282106810F4003005
:101050003EF44FAEB3F1004F9C4818BF0020FEF79E
:1010600048BE994AD2F8E03003F4E073802B1AD0DE
:1010700008D883B9002303A80493FEF741FC049821
:10108000FEF737BEC02B00F01582B3F5807F12D07B
:101090000020FEF72EBE002368460093FEF7D0FC2A
:1010A0000098FEF726BE002303A80393FEF75CFD1D
:1010B0000398FEF71EBED2F8E830116803F04043F3
:1010C000890707D533B913687E48C3F3C103D840F5
:1010D000FEF70FBE7C4A1168880503D5B3F1804F37
:1010E00000F0EB81106810F400303EF402AEB3F172
:1010F000004F764818BF0020FEF7FBBD724AD2F8B9
:10110000E03013F460633FF430A8116809010AD598
:10111000B3F5007F07D1002368460193FEF790FCEA
:101120000198FEF7E6BD126890000AD5B3F5806F0E
:1011300007D1002303A80493FEF716FD0498FEF7D9
:10114000D8BD614A1168890709D5B3F5C06F06D1CA
:1011500013685C48C3F3C103D840FEF7CABD1268E8
:10116000900503D5B3F5006F00F0AA81564A1068C8
:1011700010F400303EF4BDADB3F5206F534818BFF6
:101180000020FEF7B6BD504AD2F8E03013F4E04339
:101190003FF41AAB116809010AD5B3F5805F07D196
:1011A000002368460193FEF74BFC0198FEF7A1BDB2
:1011B000126890000AD5B3F5005F07D1002303A899
:1011C0000493FEF7D1FC0498FEF793BD3E4A1168E4
:1011D000890709D5B3F5405F06D113683948C3F3D1
:1011E000C103D840FEF785BD1268900503D5B3F55D
:1011F000804F00F06881344A106810F400303EF4EB
:1012000078ADB3F5A04F314818BF0020FEF771BD8F
:101210002D4AD2F8E03013F460333EF4A6AF1168E3
:1012200009010AD5B3F5004F07D1002368460193A1
:10123000FEF706FC0198FEF75CBD126890000AD527
:10124000B3F5803F07D1002303A80493FEF78CFC7D
:101250000498FEF74EBD1C4A1168890709D5B3F5FD
:10126000C03F06D113681748C3F3C103D840FEF747
:1012700040BD1268900503D5B3F5003F00F026810C
:10128000114A106810F400303EF433ADB3F5203F3E
:101290000E4818BF0020FEF72CBD0B4AD2F8E430F0
:1012A00003F00303022B13D0032B17D0012B7FF481
:1012B000CEAA002303A80493FEF722FB0498FEF7AE
:1012C00018BD00BF0090D003000C025440787D018F
:1012D0006846FEF7B5FB0298FEF70BBDD2F8E83082
:1012E000116803F04043890707D533B91368824872
:1012F000C3F3C103D840FEF7FCBC804A11688805DF
:1013000003D5B3F1804F00F0E480106810F4003092
:101310003EF4EFACB3F1004F794818BF0020FEF760
:10132000E8BC764AD2F8E830116803F0300389044B
:1013300002D5002B00F0D8801268920109D5102B3D
:1013400007D1002303A80493FEF7DAFA0498FEF706
:10135000D0BC6A4AD2F8F010880702D5202B00F0E2
:10136000C680D2F8F00010F000603EF4C2AC302B22
:101370000CBF4FF4FA400020FEF7BBBC5F4AD2F826
:10138000E43003F03003102B07D1002303A80493AB
:10139000FEF7B6FA0498FEF7ACBC1168890009D5CF
:1013A000202B07D1002303A80493FEF7DDFB04984C
:1013B000FEF79FBC106810F400503EF49AAC302B3E
:1013C000504818BF0020FEF794BC4FF40040FEF7D1
:1013D00090BC4FF4FA40FEF78CBC0020FEF789BCAD
:1013E0000020FEF786BC0020FEF783BC0020FEF73D
:1013F00080BC4548FEF77DBC4448FEF77ABC4248B5
:10140000FEF777BC4148FEF774BC4048FEF771BC5C
:101410003E48FEF76EBC3D48FEF76BBC3B48FEF70E
:1014200068BC3A48FEF765BC3848FEF762BC3748EE
:10143000FEF75FBC3548FEF75CBC3448FEF759BC8C
:101440003248FEF756BC3148FEF753BC2F48FEF732
:1014500050BC2E48FEF74DBC2948FEF74ABC4FF45D
:101460000040FEF746BC0020FEF743BC2748FEF7CD
:1014700040BC2648FEF73DBC2448FEF73ABC234852
:10148000FEF737BC2148FEF734BC2048FEF731BCDC
:101490001B48FEF72EBC0020FEF72BBC0020FEF7F9
:1014A00028BC1A48FEF725BC1748FEF722BC17488F
:1014B000FEF71FBC1448FEF71CBC1448FEF719BC0D
:1014C0001248FEF716BC1148FEF713BC0F48FEF792
:1014D00010BC0E48FEF70DBC4FF40040FEF709BCEF
:1014E0004FF4FA40FEF705BC0648FEF702BC4FF485
:1014F0000040FEF7FEBB00BF0090D003000C02547A
:1015000040787D01006CDC020080BB0000093D00DA
:101510002DE9F041524CE36903F01803082B00F069
:101520009980E36913F0180F0AD123684D4813F02E
:10153000200F03D02368C3F3C103D840BDE8F08176
:10154000E36903F01803102B00F08680E36903F0D1
:101550001803182B40F08280A76AA36AA66A13F4C6
:101560007C5FD4F83880C3F30520E7D020F024FB5B
:10157000C6F300160546C8F3CC00704320F01CFBF0
:101580004FF0645120F070FB07F00303012B064677
:1015900011D0032B4ED0606BC0F3080020F00CFB81
:1015A000314620F059FA4FF07E5120F055FA294685
:1015B00004462D483BE023689B0629D5236829482B
:1015C000C3F3C103D84020F0F7FA294620F000FC0D
:1015D000676B0446C7F3080020F0EEFA314620F0AE
:1015E0003BFA4FF07E5120F037FA0146204620F0BA
:1015F0003BFB1B4B0446586BC0F34620013020F0E8
:10160000DBFA0146204620F0E3FB20F07DFC95E765
:10161000606BC0F3080020F0CFFA314620F01CFACE
:101620004FF07E5120F018FA294604460F4820F06A
:10163000CFFBDAE7606BC0F3080020F0BDFA31465B
:1016400020F00AFA4FF07E5120F006FA29460446AF
:101650000748ECE7074871E707486FE701486DE77F
:10166000000C02540090D0030024744A0024744CEF
:1016700020BCBE4B00093D0040787D0108B5FFF756
:1016800047FF064B064A1B6A03F00F03D35C03F0C7
:101690001F03D840034B186008BD00BF000C025464
:1016A000802C040CC089033008B5FFF7E7FF054B19
:1016B000054A1B6AC3F30213D35C03F01F03D8402F
:1016C00008BD00BF000C0254782C040C08B5FFF7CD
:1016D000D5FF054B054A1B6AC3F30223D35C03F015
:1016E0001F03D84008BD00BF000C0254782C040C26
:1016F00008B5FFF7C3FF054B054A1B6AC3F3023366
:10170000D35C03F01F03D84008BD00BF000C025497
:10171000782C040C002008B5FCF70AFC07B5194B1F
:1017200083F30A88184801F0C9F808B1FFF7F2FFFF
:1017300001F034F90028F9D11448FDF737FA1448BC
:10174000FDF734FAFCF7E4FF0028EFD10DF10700B4
:10175000FDF762F90028E9D19DF807301BB1FDF7CC
:10176000DBF90028E2D1FDF729F900F079FD01F05D
:1017700033F900F061FD00F0F9F8002003B05DF8E6
:1017800004FB00BF0010033018BC0330782E040C9B
:10179000A52E040C30B5094C0246616800230846AA
:1017A00040B105686D68954205D11BB182686060E3
:1017B0009A60816030BD03468068F1E79CBC0330CD
:1017C00003689A68DB6812F4806F05D18B4234BFDE
:1017D0006FF0FA00002070478B4214BF6FF0FA00E0
:1017E0000020704710B542B10B689B6813F4807FEE
:1017F0000CBF6FF0FC00002010BD0B4B1B680BB939
:10180000FFF788FF1B68996938338A4203D053F881
:10181000044FA04205D191420CBF6FF0FC000020A4
:10182000EAE70132F1E700BFA4BC033070B504461B
:101830000E461546002130220C300CF071FA064B92
:1018400020461B68A6606360656100F081FC002390
:101850002061236070BD00BFA4BC0330034B186837
:1018600010B1006800B14068704700BFA4BC0330ED
:1018700010B500F07DFC044600F096FC50B9FFF76F
:10188000EDFFA3685B681B685B68834218BF002498
:10189000204610BD0024FBE708B5064B1B680BB9BA
:1018A000FFF738FF1B68986800F44060003818BFE5
:1018B000012008BDA4BC03302DE9F04107461646BF
:1018C0000C4619B96FF08000BDE8F0814B0023D5BC
:1018D0001E4B01F01F0253F82250002DF2D02B684E
:1018E000D3F80480FFF7D8FF294602464046FFF7A9
:1018F00079FF28BB2846C4F30721FFF761FF0028C2
:10190000E0D100F04BFC0446E8B132462946FFF72F
:101910008DFF00203C60D7E7084600F029FC044614
:101920000028CFD000F040FC0028CBD16369B3423F
:10193000C8D12368002BC5D1A368002BE9D1C1E72A
:101940006FF08100C0E76FF08200BDE71CBC033080
:1019500010B5044630B100F0E5FBB4EBD07F04D005
:10196000FFF7D8FEFFF77AFFF7E710BD38B500F0B4
:1019700007FC0023114A5360114A536000F0DCFB5E
:101980000E4800F021F80446A0B10D4980230D4A0D
:1019900000F098F80546204600F0E2F82068211D86
:1019A00000F0A8FF08B1FFF7B5FE2946204600F079
:1019B0006FFBE5E7BDE8384000F080BBA8BC033012
:1019C0009CBC03301CBC03300146F8B508B9FFF7D6
:1019D000A1FE374C236813F1350F67D8354A1568D7
:1019E00003F13402AA4261D2DA69986902EB8202F9
:1019F0000F300244186A00EB40000244586A02EBC0
:101A0000C00292009A18E2D29542E0D318682A4D9B
:101A1000060C3604AE42DAD180B2B0F5817FD6D260
:101A200058680028D3DBD3E90A56B542CFDC986862
:101A300010F4406F03D03542C9D5486888B91F4EAD
:101A4000306800F1200535601D4E3668B542BED8BD
:101A5000A842BCD822604C6803608CB9C46148605D
:101A6000F8BD0768D7F808C01CF4406F06D0D7F857
:101A700028C0664502DBFF6ABD42A8DDC069DDE71C
:101A80001E8E002223461D682D8EB54207D9002ADE
:101A9000E4D0D369C361D061E2E72B46F3E7DD69A7
:101AA0001A46002DF9D1C561D861D9E70020D7E7E2
:101AB000CC890330EC2F040C00005F5FC889033031
:101AC000E82F040C2DE9F84F9B4600B109B9FFF748
:101AD00021FE0468204EA569E76904F13C0C0CEB7B
:101AE000850C3568A7B10C2404FB075434601B4EE9
:101AF0003668B442EBD8A542E9D800262C464FF010
:101B00001408B146B74200D025B90020BDE8F88FCF
:101B10003D46F2E708FB06CEC4E900E0DEF808E047
:101B2000C4F808901EF4007F0FD0002ACFD0BBF17C
:101B3000800FCCD11EF0E00F5FFA8EFAC7D152F8B9
:101B40002A30002BC3D142F82A404B680136A360EB
:101B50004C600C34D6E700BFC4890330E42F040C7A
:101B600070478230012808B504D8FFF795FE08B900
:101B7000FFF7D0FD08BDF8B505460E46FFF778FE25
:101B8000044608B9FFF7C6FD80680028FAD0E3686C
:101B9000991C46D05A1C23D1002E3FD016F1820F3B
:101BA0004FF0020318D101252360EFF3108772B6BE
:101BB0003146204600F064FA064687F31088236811
:101BC000022B1CBF0023236025B100232046236085
:101BD00000F0F8FA3046F8BD16F1830FE3D0D1E7F4
:101BE000002BCFDB002304F1280252F8041F19B1A7
:101BF000E16F156C19444D600833202BF5D1036853
:101C00009D6815F4007502D002230125236016F1AA
:101C1000810FCAD16369002BC7DBB3E72E460025CD
:101C2000F5E701250026C0E7002008B5FCF780F99C
:101C30002DE9F04F93B000935F4B0746D3F800B007
:101C40000BB2002B0D461646C1F30268C1F3024ADF
:101C500004DA6FF0800013B0BDE8F08F8B42C360F0
:101C600001D10020F7E708EB0A03042BF1D8CC0FD1
:101C700064014FEAC80931464A46DBF8040044F0E3
:101C8000020300F060FE01460028E2D1202202A8F3
:101C90000CF046F84A46314602A84FEACA060CF054
:101CA0001AF832460099DBF8040044F0060300F00D
:101CB0004AFE81460028CCD1014620220AA80CF019
:101CC0002FF8324600990AA802AE0CF004F8334609
:101CD00009F10109C8452AD815F0006F18BF202462
:101CE0001022002107F11C000CF01AF807F1180966
:101CF0001022002107F12C000CF012F809EB8808E3
:101D000044F00203C1452AD1202C3FD1002D02DB33
:101D1000C5F3C0456C0107F128050AAE05EB8A0A38
:101D200044F00604554533D1009BFB6799E7D3E99E
:101D300000E21EEB020201928BD21A464846404551
:101D400001D10833C4E7D2E902C161448E4503D210
:101D500001998C45FFF47DAF01300832EFE77268DE
:101D6000DBF8040056F8081B019300F0ECFD002896
:101D70007FF46FAF56F8042C019B49F8042F56F8F6
:101D8000082CC9F83000C9F82020BBE70024C2E7BE
:101D90007268234656F8081BDBF8040000F0D3FDF8
:101DA00000287FF456AF56F8043C45F8043F56F837
:101DB000083C28642B63B5E7A4BC0330F7B50D4697
:101DC000164604461F46FFF767FDFFF7C1FD214693
:101DD000024601A8FFF770FD68B93B463246294626
:101DE0000198FFF725FF40B1630002D5019800F08C
:101DF000E9F96FF0800003B0F0BD019800F01CF924
:101E00000122019B1A60F6E740F20110704770B59D
:101E10000546FFF741FD06462846FFF7BBFC044692
:101E200008B9002070BD014632462846FFF7DAFCAB
:101E30000028F6D12368D868F4E700002DE9F041C6
:101E40001F46174B0C461646D3F80080FFF710FDCF
:101E500008B9FFF75FFCC368002BFADB032CF8D846
:101E600000EB8404E569E36CED1AF2D3ADB106230F
:101E70003A463146D8F8040000F065FD0028E8D164
:101E8000BD4228BF3D46E36CE16B2A46194430460B
:101E90000BF021FFE36C2B44E3642846BDE8F0819E
:101EA000A4BC0330F8B51D46154B0C4617461E68FA
:101EB000FFF7DEFC08B9FFF72DFCC368002BFADB47
:101EC000032CF8D800EB8404E26EE36A9A42F2D85D
:101ED0009B1AAB42EFD3706802232A46394600F0C2
:101EE00032FD06460028E6D1E36EE06D2A4639460B
:101EF00018440BF0F0FEE36E30462B44E366F8BD69
:101F0000A4BC03302DE9F843804608460C4616462B
:101F10001F464FEAD379FFF73DFC054620B96FF025
:101F200081042046BDE8F88303689B689B051BD4A9
:101F300001464A462046FFF755FC0028EFD13146BE
:101F40002846FFF73DFC04460028E8D100F026F9BA
:101F5000064660B13A462946FFF768FC4FF0FF336A
:101F6000F360C8F80060DCE76FF08004D9E76FF039
:101F70008204D6E737B50D460446FFF78DFCFFF720
:101F8000E7FC2A460346214601A8FFF7BBFF28B914
:101F9000019C204600F050F80123236003B030BDBF
:101FA00007B50A4678B1430010D4014601A8FFF7EF
:101FB00083FC40B96FF001030198C36000F03CF866
:101FC0000222019B1A6003B05DF804FB6FF08000F1
:101FD000F9E710B50446FFF75FFCFFF7B9FC0146CF
:101FE0002046BDE81040FFF7DBBF00002DE9F041BF
:101FF00005464FF001080E4E0E4B37685C681CB961
:1020000028463760BDE8F0812268936813F40070B9
:102010000CD16369012B09D0D368346023B1984790
:10202000002801DAFFF776FBC4F81480E469E6E7DC
:10203000A4BC0330A8BC033070B50446D0B183689B
:10204000C3B11A68B2B15D68A5B10C4BA8616869EB
:102050001D6020B92B68DB684BB901236B61A36855
:1020600004F10C001B68BDE870401B6918479847D5
:102070000028F2DA6FF0800070BD00BFA4BC03300E
:102080004268024B08461A60704700BFA4BC033088
:102090000022036810B5C0E905229A68044612F4CC
:1020A000406F07D0120503D5D3E90A0100F034F8D8
:1020B000014B1C6010BD00BFA4BC033038B5124BEF
:1020C0001B681C68A36813F4406F01D1FFF722FB63
:1020D00000F07CFC626B23690C49134423F0070376
:1020E000A3F1080543E9021185F30988073222F0BC
:1020F000070282F30B88BFF36F8F054BE268054937
:1021000000F0FAFC002038BDA4BC0330A5EDF5FEBC
:10211000F8170330ED1F040C014BC3E900017047B1
:10212000B0BC0330034BD3E900308342C8BF00206A
:10213000704700BFB0BC033008B500F03BFC034B58
:10214000986000F03DFC80F3888808BD00ED02E057
:10215000054A1368013303F007031360034A013390
:10216000801A03EBC0007047B8BC0330BCBC03301E
:1021700018B1024B013803EBD0007047BCBC0330F0
:1021800008B58022082340F24C41034800F012FDBC
:1021900008B1FFF7BFFA08BDBCBC0330014800F02E
:1021A00031BD00BFBCBC0330014608B5044800F097
:1021B00047FD00280CBF6FF0FC00002008BD00BFE9
:1021C000BCBC03300146014800F02CBDBCBC033050
:1021D000EFF308807146EFF30982EFF30B830CB441
:1021E00006B400F095FC8646009900F0080001F066
:1021F0000801401A02DC12DB04B070471EF0200315
:102200001CBF2DE9F00FBDF1080D0A4C25462646EE
:102210002746A046A146A246A34630B4704704B064
:1022200030BC1EF020031CBF1DF1080DBDE8F00FEF
:1022300004B07047A5EDF5FE084BDA6882F07F42E6
:1022400082F47F0242F48042DA6000221A765A76E3
:10225000DA76DA77702283F82220704700ED00E00A
:1022600070470000009A0A4B9A420FD10122904316
:102270000146024603460446054606460746804692
:10228000814682468346844686460447FEE7000030
:10229000A5EDF5FEBFF34F8F0549064BCA6802F462
:1022A000E0621343CB60BFF34F8F00BFFDE700BF79
:1022B00000ED00E00400FA052DE9F04F5F1CC2F3C9
:1022C000080480460E46C7B04FEA52297F0A2CB94F
:1022D00040F2FF12C3F30801914201D0FFF7DAFF89
:1022E000721E9A42FAD303AD2946FBF77DFD002802
:1022F000F4D1730A01934FF0FF334FF0010E1A46E9
:102300005099DFF89CC001F0020A14F01F0619D1A1
:1023100063099A1CA14503F1220355F8222055F8C0
:1023200023303AD9019901348C42EED11C4B1B6801
:102330002BB929464046FBF7FBFC0028CED147B01D
:10234000BDE8F08FA1450AD8A74208D90EFA06F0D9
:10235000BAF1000F12D022EA000223EA00031F2E76
:10236000E0D1DCF800B06609B01C2236BBF1000FEA
:102370000AD145F8202045F82630D3E7509902438A
:102380000029EAD10343EAE755F820009042A5D19D
:1023900055F826009842C5D0A0E7A742D6D8C1E795
:1023A00008C10330F0B589B06C461A4D06460FCD12
:1023B0000FC495E80F0084E80F000022700B13464D
:1023C0000126154D13F01F0103F101041CD09842A2
:1023D00002D306FA01F73A431F2908D108A95B097D
:1023E00001EB8303296853F8203C41B91A60B4F526
:1023F000807F2346E6D109B0F0BD0A46E9E71B68B5
:102400009A42F4D0FFF746FF9842F6D223460A4696
:10241000D8E700BF6430040C08C1033008B5FFF7EB
:1024200039FF000000234FF0FF30054A03F1A001FF
:102430000133102B42F82100F8D10020704700BF73
:1024400000E100E03E4B88B0D3F88C2042F001025E
:10245000C3F88C20D3F88C2002F001020092009A7D
:10246000D3F88C2042F00202C3F88C20D3F88C20E1
:1024700002F002020192019AD3F88C2042F0040289
:10248000C3F88C20D3F88C2002F004020292029A46
:10249000D3F88C2042F00802C3F88C20D3F88C20AB
:1024A00002F008020392039AD3F88C2042F0100243
:1024B000C3F88C20D3F88C2002F010020492049A06
:1024C000D3F88C2042F02002C3F88C20D3F88C2063
:1024D00002F020020592059AD3F88C2042F04002C7
:1024E000C3F88C20D3F88C2002F040020692069AA2
:1024F000D3F88C2042F08002C3F88C20D3F88C30C3
:10250000104A03F080030793079B00231363C2F86C
:102510003034C2F83038C2F8303C02F58062C2F87C
:10252000303C02F58062C2F8303C02F58062C2F8AD
:10253000303C02F58062C2F8303C08B0704700BF02
:10254000000C025400000252434BF7B518680028F3
:102550003BD1424B4249D3F88C2042F44062C3F84D
:102560008C204A6B22F0E05242F080524A63D3F84A
:10257000D0203C4922F00102C3F8D0200A68013083
:10258000C3F8D8204A68103122F01F02C3F8DC20BB
:1025900011F8044C51F8082C003C18BF012422F01B
:1025A0001F0242EA440242F001020628C3F8E0207A
:1025B000E4D1BFF34F8FBFF36F8FD3F8D02042F039
:1025C0000102C3F8D02003B0F0BD0020254A234902
:1025D0001668C1F8D860157B5368003D18BF012507
:1025E00023F01F049368D1F8D8C023F01F0343EAF7
:1025F00045036645D1F8DC7043F00103D1F8E050A3
:1026000003D1BC4201D1AB4200D0FEE70130062825
:1026100002F11002DCD1D1F8D03003B9FEE7124B41
:102620000093124BD3F8A82042F00202C3F8A8206E
:10263000D3F8A8300E4A03F002030193019BD2F8AD
:10264000483143F00403C2F84831009B1B685B0724
:10265000B9D4FFF71FFE00BF08C1033000ED00E052
:1026600000EF00E0F02F040C48050054000C025469
:10267000000400547FB5774B774D1C68002C40F068
:102680009080764BD3F84831DA0701D4FFF702FE89
:10269000734BDB685B04F9D5724B0126D3F88820B5
:1026A0004FF4802142F08072C3F88820D3F888303C
:1026B000224603F080730393039B03234FF04050A3
:1026C0000093694BFFF7F8FD684B00969D4252D886
:1026D0004FF440324FF480214FF04050644BFFF7ED
:1026E000EBFD644B05F150424FF480214FF0405018
:1026F0000094FFF7E1FD4FF6FF73224600944FF47C
:1027000080315D48FFF7D8FD03234FF4A0210093EB
:1027100000225A4B5A48FFF7CFFD40F6FF72594B43
:1027200059481A610F22C3F81024584AC3F81028D8
:10273000FFF738FE40F203315548FBF757FA54488B
:10274000FBF796FB5348FBF793FB5348FBF790FBD3
:102750005248FBF78DFB5248FBF78AFB5148FBF7C9
:1027600087FBBFF34F8FBFF36F8F4F4804B0BDE8B7
:102770007040FBF7D7BA4FF440324FF480214FF04E
:1027800040503C4BFFF798FD2246484B4FF48031B8
:1027900039480096FFF790FD4FF6FF73444A0094C6
:1027A000ADE70124314B00949D423BD800244FF407
:1027B00040324FF480214FF040502D4BFFF77CFD0D
:1027C0002C4B05F150424FF480214FF040500094C3
:1027D000FFF772FD4FF6FF73224600944FF48031ED
:1027E0002548FFF769FD0323002200934FF4A02141
:1027F000224B2348FFF760FD224B1A6940F6FF7316
:102800009A427FF443AF2B4B1B690F2B7FF43EAFF3
:10281000294B1A691D4B9A427FF438AF1A48FFF7CB
:10282000C1FDA2E74FF440324FF480214FF04050F9
:10283000104BFFF741FD00221C4B4FF480310E4836
:102840000094FFF739FD0023194A00934FF6FF73F8
:10285000C4E700BF08C10330000C0330000400547B
:1028600000ED00E0000C0254FFFF0200FFFF033008
:10287000FF0B0300FFFF030000000430FFFF040014
:1028800000000530002C0350FF3F0400FFFF0F0045
:102890001200002002000030030000301A00003057
:1028A000100000301100003000240350FF0BFFFF28
:1028B000000CFFFF003003500034035038B50023F4
:1028C0000B4D04462B60FFF7D5FEFFF73DFEFFF7EB
:1028D000B9FD01232B60FFF7CDFEFFF735FE01F0B8
:1028E0005FFC08B1FFF79AFD02230020236038BD8A
:1028F00008C10330F0B518B311B31424826900F194
:102900003C0303EB8203C2690C2604FB0233002262
:10291000056A95420AD18368002003F44063003BB6
:1029200018BF012343F002030B60F0BD06FB02F465
:10293000E718BF683F0701D5E4580CB90132E8E752
:1029400043F6DA30F1E710B50446084611460AB9F5
:10295000002010BDF8B103F00602062A19D09A072C
:1029600019D50822A30758BF42F00402E40709D58D
:10297000EFF39483DB074CBF42F0040222F0040221
:1029800042F012021EF0F6FF0028E1D16FF07F0046
:10299000DFE70122E6E74CF2DA20DAE708B562B6B3
:1029A000FBF7F2FAFFF73EFD002843F6DA3008BFE6
:1029B000002008BD014B1868704700BF5030040C60
:1029C000014B1B68186870475030040C014B1B68A2
:1029D000586870475030040C10B5FBF775FC04467E
:1029E000FBF776FC032811D92318013B9C420DD23A
:1029F000074A944202D2B3F1005F07D842F21603AD
:102A000022889A4202BF0122024B1A6010BD00BF09
:102A1000FFFF02200CC10330334B2DE9F74FD0E903
:102A200000868568074618681FFA85F906234A4616
:102A300031464068FFF787FF28B16FF086033B609F
:102A400003B0BDE8F08F294B1B68012BF5D1FEF7D1
:102A500005FF40F2051398421ED15FFA88F3012B5F
:102A6000EBD1FBF731FC0446FBF732FCB4F802A0D3
:102A70008245E2D8ADB2032DDFD942F2160333808E
:102A80000423A2445FFA88F80434738006EB030B36
:102A9000544509D30023D2E740F20F139842CCD11A
:102AA0005FFA88F3022BDBE7042221460DEB0200DC
:102AB0000BF011F9BDF80430BDF80650B8EB133F28
:102AC00005F104050DD1ABEB06032B444B45B4D8FF
:102AD00058462A4621460BF0FEF87388AB442B4437
:102AE00073802C44D4E700BFA4BC03300CC1033076
:102AF00004460D46A546284783F3088896460222D9
:102B0000EFF31483134383F31488BFF36F8F0847E5
:102B100038B501F00C030C2B14BF044614464A06CA
:102B20000D460ED58B0658BF2834A36913F8021C36
:102B3000C5F3C00383F00103C1F38012DBB29A42F4
:102B400001D0FEF7E7FD11F0A00F28D102290FD028
:102B5000032909D0E1B9FEF709FF054601461148EE
:102B6000FFF7C6FF284638BD2046FFF755FFF9E7B7
:102B70000D4B18680B46D4E900124068FFF7E3FEDE
:102B80000028DED1D4E90001FBF71AFA2060E9E75A
:102B90000648FCF70BF86FF083032360E2E7044874
:102BA000F7E700BFF8170330A4BC0330D52E040CA0
:102BB000F92E040C2DE9F8430E4690461F460446B4
:102BC000E0B1DBB102F1080903FB09F30C338B42DE
:102BD00014D10A4600210BF0A3F80025204640F846
:102BE0000C5B10B12368036020600135AF4248449C
:102BF000F7D10020C4E90186BDE8F8836FF0F80042
:102C0000FAE70000034648B1006838B102681A606C
:102C10000022034BC0E9002308307047704700BF13
:102C2000AACCF0F00022A1F1080341F8042C28B14D
:102C300008291EBF026841F8082C03607047000095
:102C4000B8B100F10C03994212D38268CB1A9A42B0
:102C50000ED942680832B3FBF2F002FB1033082BA6
:102C600006D151F8040C034BC31A5842584170471F
:102C700000207047AACCF0F000000000010203041D
:102C8000000000000000000001020304060708091C
:102C900001D4030C19D4030C51D4030C1DD4030C20
:102CA00021D4030C99D4030CA1D5030CC9D6030C71
:102CB00037D4030C3DD4030C49D4030C00000000AE
:102CC00000010000002000000020000010000000B3
:102CD000FF0000000302000100100020000000308F
:102CE0000000000000000060010000000200000081
:102CF00004000000EDFEEFBEA9B454B26D6F90A4C5
:102D0000EA31193564CBA91FEC6F9A002A7DC050B7
:102D10004B92A1937134585F200000001200000014
:102D2000A0A1A2A3A4A5A6A7A8A9AAABACADAEAF2B
:102D3000B0B1B2B3B4B5B6B7B8B9BABBBCBDBEBF1B
:102D4000AAAAAAAAAAAAAAAABBBBBBBBBBBBBBBB5B
:102D5000CCCCCCCCCCCCCCCCDDDDDDDDDDDDDDDD2B
:102D6000303630343536353237323832392D31302D
:102D700030313000000000000000000000000000C2
:102D80007777772E747275737465646669726D7780
:102D90006172652E6F726700000000000000000085
:102DA0005053415F494F545F50524F46494C455F25
:102DB00031000000000000000000000000000000E2
:102DC000121323340A058978A3668C0D975553CACC
:102DD000B576186229C6B67975C85A8D9E118F8549
:102DE000DEC45F662152F939D9779328B05E02FAC2
:102DF00058B416C80F3891BB2817CD8AC9537266CC
:102E0000EDFEDEC0000102030405060708090A0BF7
:102E10000C0D0E0F000102030405060708090A0B3A
:102E20000C0D0E0FD5EB030CEDEB030C59EC030C62
:102E3000F1EB030CF5EB030C35EC030C15EC030C78
:102E4000F9EB030CFFEB030C19ED030C03EC030C83
:102E500007EC030C0BEC030C11EC030C0402020254
:102E6000010002000400060008000A000C00100027
:102E7000200040008000000114426F6F74696E678B
:102E80002054462D4D201B5B313B33346D76322E62
:102E9000332E302A2A2B6733646433613061641B1C
:102EA0005B306D0A00144275696C74201B5B313B0A
:102EB00033346D53756E20313620417567203230C2
:102EC00032362030343A31303A3330205554431BB7
:102ED0005B306D0A003C556E6B6E6F776E20535001
:102EE0004D20535643207265717565737465643A5D
:102EF000203078253038780A003C556E6B6E6F773D
:102F00006E20535643206E756D6265722072657136
:102F10007565737465643A203078253038780A0016
:102F20003C5B57524E5D1B5B313B33316D20003CA7
:102F300054686973206465766963652077617320DE
:102F400070726F766973696F6E65642077697468F3
:102F50002064756D6D79206B6579732E20003C546B
:102F600068697320646576696365206973201B5BFB
:102F7000313B316D4E4F5420534543555245003C33
:102F80001B5B306D0A003C5B494E465D2042656725
:102F9000696E6E696E672054462D4D2070726F7693
:102FA0006973696F6E696E670A003C54464D5F44F1
:102FB000554D4D595F50524F564953494F4E494E0A
:102FC00047206973206E6F74207375697461626C39
:102FD0006520666F722070726F64756374696F6EBE
:102FE0002120000050910330C09003303C8C030C32
:102FF0000000000000840808FF7F1F080000000098
:103000000100000000000020FFFF0320000000007E
:103010000200000000000520FFFF09200000000062
:1030200003000000C05F080C0060080C01000000F5
:103030000400000000000040FFFFFF4F0000000000
:10304000050000000CF8FF080B0800090000000054
:103050000084080800840808FF7F1F08C05F080C70
:103060000060080CC0200250C4200250C82002504A
:10307000CC200250C0210250C4210250C82102506D
:04308000CC2102500D
:1030A0002A0000002A0000002A00000001000000A1
:1030B0000000000000000000000000000000000010
:1030C000092803300000000001000000000000009B
:1030D00000000000000000000000000000000000F0
:1030E000000000000000000000000000902C040C14
:1030F00000000000000000000000000000001000C0
:1031000050080D0000000000902C040C000000008E
:1031100000000000000000000000100000020B0092
:1031200000000000902C040C0000000000000000D3
:10313000000000000000000000000000000000008F
:103140000090D003C0900330608F03302088030CC0
:103150002DD0040C00000000000000000000000062
:103160000000000049D2040C000000000000000034
:103170000000000000000000C9DB040C000000009B
:1031800000000000000000000000000065AD040C1D
:10319000000000000000000000000000000000002F
:1031A00071AF040C000000000000000000000000EF
:1031B000000000004582040C000000000000000038
:1031C00000000000000000004D77040C000000002B
:1031D000000000000000000000000000DDDB040C27
:1031E00000000000000000000000000000000000DF
:1031F00000000000000000000000000000000000CF
:10320000000000001977040C2F28060C4628060C35
:103210008976040C6B28060C8228060C9981040C14
:10322000E029060CF729060CE97F040C172A060C86
:103230002E2A060CC97F040C622A060C792A060C79
:10324000A97F040CAD2A060CC42A060C857F040C49
:10325000F82A060C0F2B060C8181040C432B060C5C
:103260005A2B060C9581040C852B060C9C2B060C06
:103270006D81040CD12B060CE82B060C6181040C2B
:10328000222C060C392C060C5581040C632C060CE0
:103290007A2C060C4981040C9A2C060CB12C060CD5
:1032A0003981040CD12C060CE82C060C2581040C69
:1032B000122D060C292D060C0D81040C492D060C2F
:1032C000602D060CC580040C8E2D060CA52D060C59
:1032D0009D80040CC92D060CE02D060C0981040C00
:1032E000042E060C1B2E060C0581040C372E060C32
:1032F0004E2E060CA581040C722E060C892E060C8F
:103300005D80040C9C2E060CB32E060CD97E040C9A
:10331000F12E060C082F060CCD7E040C2A2F060C6D
:10332000412F060CC17E040C732F060C8A2F060C4D
:103330005180040CA52F060CBC2F060C657F040CD5
:10334000D62F060CED2F060C457F040C2130060C01
:103350003830060C4580040C6C30060C8330060CAB
:103360003980040CB530060CCC30060C2D80040CD2
:103370000231060C1931060C1D80040C6931060C53
:103380008031060C0980040CBF31060CD631060CC6
:10339000257F040C1532060C2C32060C117F040C10
:1033A0006632060C7D32060CFD7E040CC032060C23
:1033B000D732060CF77E040C1933060C3033060C9A
:1033C000E57E040C6D33060C8433060CB57E040CCC
:1033D000A733060CBE33060C85AF040C4250060C16
:1033E0005650060CADB0040C6450060C7850060C18
:1033F0008DB1040CB050060CC450060CC1B1040CC5
:10340000E950060CFD50060C95B2040C1F51060C39
:103410003351060CFDB3040C5151060C6551060CDA
:1034200029B5040C8951060C9D51060CDDB5040C20
:10343000BD51060CD151060C6DB7040C1552060C8B
:103440002952060C19B8040C4E52060C6252060C96
:1034500091B8040C8952060C9D52060C65B9040CF7
:10346000BF52060CD352060C05BA040CF852060CD7
:103470000C53060C05BB040C2C53060C4053060CD5
:1034800035BB040C6553060C7953060C65BB040C64
:103490009B53060CAF53060CA5BC040CCD53060C75
:1034A000E153060C89BD040CF753060C0B54060CB3
:1034B000B5BE040C3654060C4A54060C01C0040C6C
:1034C0008354060C9754060C4DC0040CC454060CCF
:1034D000D854060CEDAC040C1855060C2C55060CF3
:1034E00075AE040CA856060CBC56060C79AD040C3F
:1034F000E656060CFA56060C95CB040C4E65060CE7
:103500005650060CF9CE040C6165060C7465060C69
:1035100001C2040C9465060CC450060C11C3040CC3
:10352000A765060CFD50060CA1CD040CBA65060C6F
:103530003351060C89CA040CCD65060C6551060C86
:103540005DC2040CE065060C9D51060C21CC040CF8
:10355000F365060C0666060CF1C9040C3A66060C07
:103560002952060C9DC1040C4D66060C6252060CD5
:1035700031C9040C6066060C9D52060C05C1040C92
:103580007366060CD352060C31C8040C8666060C12
:103590000C53060CD5CF040C9966060C4053060C50
:1035A000A5CF040CAC66060C7953060C09C7040CB5
:1035B000BF66060CAF53060C25C6040CD266060C7B
:1035C000E153060C0DC5040CE566060C0B54060C05
:1035D00005D0040CF866060C0B67060CD5C3040C6A
:1035E0002167060C4A54060C45D1040CB267060C40
:1035F000BC56060C41D0040CC567060CFA56060CE6
:10360000D9D9040C1C6A060C2F6A060C61D4040C70
:10361000706A060C836A060CC9D8040CC56A060CCD
:10362000D86A060CBDD7040C516B060C646B060CF3
:103630009DD6040CDB6B060CEE6B060C6DD5040CF2
:103640005F6C060C726C060C6DD3040CE76C060CF8
:10365000FA6C060C5DD2040C6F6D060C826D060CC4
:1036600065DB040CF76D060C0A6E060CF1DB040C2E
:103670008A6E060CA36E060C00000000000000001D
:103680000000000000000000010000000000000039
:103690000000000001000000308F03300100000036
:1036A000308F033000000000000000000100000027
:1036B00000800200FF7F0300A5F9040CADF9040CA3
:0436C000A1F9040C5C
:1040000000239C4683F3008870470000009A074B0A
:104010009A4208D110B500F05DF9FFF7F1FF06BC38
:1040200096460C46744700F0A1F90000A5EDF5FE98
:10403000009A074B9A4208D110B500F057F9FFF7E4
:10404000DFFF06BC96460C46744700F08FF900006F
:10405000A5EDF5FE0CB4029A084B9A420CD14FF034
:10406000004319430CBC10B500F04CF9FFF7C8FF32
:1040700006BC96460C46744700F078F9A5EDF5FEAF
:10408000009A074B9A4208D110B500F079F9FFF772
:10409000B7FF06BC96460C46744700F067F900006F
:1040A000A5EDF5FE009A074B9A4208D110B500F035
:1040B00083F9FFF7A5FF06BC96460C46744700F04F
:1040C00055F90000A5EDF5FE37B50020124B01AA09
:1040D0009A4201901DD94FF0E0211048104C8A6996
:1040E0000568236893422B444FF47A753CBF4969B5
:1040F0005B180C499B1A09680360B1FBF5F1994202
:10410000094B04D20025196805600131196018684F
:10411000226003B030BD00BF000C03305491033067
:1041200058910330C08903305091033008B5FDF732
:10413000F1FAFFF7FBFFFEE708B5FDF7EBFAFFF733
:10414000FBFFFEE7034A0020136843F001031360FE
:10415000704700BF0004035038B502230B4CE360E6
:10416000236823F001032360FFF7AEFF05462068B4
:1041700010F0010000D138BDFFF7A6FF401B012859
:10418000F5D92368DB07F2D50320F4E700040350D8
:10419000024B186800F00100704700BF0004035094
:1041A00037B51A49D1E84F3F0133DBB2C1E8423F8E
:1041B000002AF7D1012B23D8154B164DD3F8E81060
:1041C000284621F03001C3F8E810D3F88C1041F4F0
:1041D0008021C3F88C10D3F88C302A7203F480232A
:1041E0000193019B0C4B6A722B60F9F709F80446A6
:1041F00048B969462846F9F79EF8204603B030BD15
:104200004FF0FF30FAE76FF00100F7E700BC033032
:10421000000C025404BC033000080C522DE9F74F87
:10422000002481468A4690462546A3461460D8F865
:104230000030534529D31B4B1B685B6803F0060312
:10424000062B02D10023C8F8003003B0BDE8F08F80
:1042500003F108020DEB020717F8042C013309F8EB
:10426000012BD8F80060042B06F10106C8F80060A5
:1042700007F804BCDBD0D8F800205245E8D3D6E7D5
:104280002B46F8E74FF0FF35D1E7002DD3D1054895
:1042900001A9F9F750F80028F2D0022CF2D8013425
:1042A000E4B2C4E704BC033008B500F05FF808B519
:1042B00000F05CF8002108B50846FDF72FFAFEE78C
:1042C00008B583690BB9FDF725FA1869BDE8084000
:1042D000FDF751BC08B5EFF30583C3F308030BB139
:1042E000FDF718FABDE80840FDF78EBD08B5EFF3FD
:1042F0000583C3F308030BB1FDF70CFABDE80840D2
:10430000FDF785BD70B5EFF30584C4F308040CB167
:10431000FDF700FA084D2E68FDF750FD2B680446A6
:104320009E4205D0BDE8704001461846FFF7C8BF61
:10433000FDF717FC204670BDA4BC033010B5EFF3A9
:104340000584C4F308040CB1FDF7E4F9BDE810409E
:10435000FDF774BD10B5EFF30584C4F308040CB188
:10436000FDF7D8F9BDE81040FDF79CBD08B5EFF3A7
:104370000583C3F308030BB1FDF7CCF9FDF754FC3B
:1043800070B5EFF30583C3F308030BB1FDF7C2F972
:10439000084D2E68FDF7EEFD2B6804469E4205D0C1
:1043A000BDE8704001461846FFF78ABFFDF7D9FB0C
:1043B000204670BDA4BC033070B5EFF30584C4F390
:1043C00008040CB1FDF7A6F9084D2E68FDF701FEB3
:1043D0002B689E4205D02146BDE870401846FFF785
:1043E0006FBFBDE87040FDF7BCBB00BFA4BC03308D
:1043F00010B5036804460233012B86B025D9082383
:1044000004AA00214068FFF799FF40F2E9322368CF
:10441000934206D040F2D172934210D06FF08000E8
:104420000BE00828FAD1DDE9040103AB019302ABEC
:104430000093002201230AF0C7FD06B010BD042836
:10444000ECD1049809F094FDF7E70020F5E70000AF
:104450006FF47A72F0B5474B8DB01860036804466C
:104460001344042B08D8DFE803F0032748677700DC
:1044700003698668082B02D06FF0800559E08569D2
:10448000042DF9D10021406808AAFFF757FF08283A
:10449000F2D12B460221606806AAFFF74FFF0428DD
:1044A000EAD1069B3046019363690093DDE9082356
:1044B00000F096F805463CE00369082BDCD145691D
:1044C000042DD9D10021406808AAFFF737FF08283A
:1044D000D2D12B460121606805AAFFF72FFF0428DF
:1044E000CAD106AB0293236A0193059B0093A0688F
:1044F000DDE9082300F08BF8DCE70369082BBBD16A
:10450000076A0C2FB8D10021406806AAFFF716FFF2
:104510000828B1D1DDE9062308AE0096A06800F0B6
:104520008AF8054628B901463B4632466068FFF7DF
:1045300011FF28460DB0F0BD0369082B9CD1002166
:10454000406808AAFFF7FAFE082895D1DDE908239C
:10455000A06800F080F8ADE7056A042D8CD100F06A
:104560008DF82B4608900021606808AAFFF7F2FE3C
:104570000025DEE72000033000F01EB838B5074BF9
:1045800002461D680C460B4668680121FFF7D6FEFF
:10459000844214BF6FF08000002038BD200003303B
:1045A0000B46044910B40C6802460021606810BC38
:1045B000FFF7D0BE2000033008B5074907480BF0CD
:1045C00021F800F071F830B100F0B0F918B9BDE889
:1045D000084000F069B808BD00025005EC23060C45
:1045E00030B4194604461046DDE9022350EA0105BD
:1045F00006D0072B08D80292224630BC00F09EB8A5
:104600006FF0860030BC70476FF08500FAE770B439
:10461000194604461046DDE9033250EA0106059DBD
:1046200005D0CDE90325224670BC00F04BB86FF0F1
:10463000860070BC7047194610B40446104650EA14
:104640000102019B03D0224610BC00F001B96FF0BB
:10465000860010BC7047194652EA010310B50446A3
:10466000104608D0224600F023F910F1950F08BF3C
:104670006FF0830010BD6FF08600FBE700207047ED
:1046800038B5084D2B4600F0F1FA044618B9BDE8DC
:10469000384000F07FBB002128680AF0E5FC204686
:1046A00038BD00BF2400033008B5044800F014FAF8
:1046B000024B034A383B536008BD00BF680003301B
:1046C000240003302DE9F3471F460023DFF864A0E0
:1046D0000193534681468846164600F01DFB04466A
:1046E00008BB154DDAF80000294601AAC5E904986F
:1046F000AE6100F0D7FC044678B9AE6ABE4216D36C
:104700000A9BF61B9E4228BF1E4605F13800314623
:104710003844FFF745FF0B9B1E6040F6480200211E
:10472000054809F0FDFA204602B0BDE8F0876FF0B9
:104730008604F2E724000330300003302DE9F04F07
:10474000002585B0DDF838A00746BAF5006F0E46A3
:1047500090469B46039571D8DFF8E8904B4600F0F1
:10476000DBFA044600283AD1374DD9F80000294633
:1047700003AAC5E90476C5F8188000F093FC044646
:1047800038BB2B6BDB074ED4C5E90BAB4FF0010BED
:104790005B46D9F8005051462C480193FFF7EEFED6
:1047A000044698B9019B2749184600F033FA04469D
:1047B00060B9254BD9F800001946C3F828A000F0CD
:1047C000A8FC0446F0B10DB1C9F80050BBF1000FD0
:1047D0001FD0424638463146FFF752FF19E010F12C
:1047E0008C0F1CD1184C40F648022946204609F08F
:1047F00097FAC4E90BAB0223AB46C4E90476C4F8CC
:104800001880C8E7424638463146FFF739FF04466C
:1048100060B140F6480200210B4809F081FA2046B9
:1048200005B0BDE8F08F6FF08404D2E7002DF0D022
:10483000214628460AF018FC0446EAE76FF0860491
:10484000EDE700BF24000330300003306800033080
:104850002DE9F3471E460023DFF84CA00193534691
:1048600081468846174600F057FA0446B8B90F4DFE
:10487000DAF80000294601AAC5E90498AF6100F002
:1048800011FC044628B9AB6A7360EB6A33602B6B8A
:10489000B36040F648020021044809F041FA20467E
:1048A00002B0BDE8F08700BF2400033030000330C1
:1048B00000232DE9F7431B4F01933B4680460E46EC
:1048C000914600F029FA044620BB174D3868294666
:1048D00001AAC5E90486C5F8189000F0E3FB044678
:1048E00090B92B6BDB0719D44A464046314600F09D
:1048F00029FA044640B900F04DFA044620B9214691
:1049000038680AF0B1FB044640F648020021064828
:1049100009F006FA204603B0BDE8F0836FF0840486
:10492000F2E700BF240003303000033000F0B0B8DD
:10493000F0B500250A4CD4E910768E4208BF8742B4
:1049400005D1A66C964202D100201D60F0BD013554
:104950000B2D04F12004EED16FF08B00F6E700BFC1
:1049600078080330F0B551F82070DDB0CB6801ADA8
:104970004FF4B47206460C46284607F128015B93B3
:1049800009F0A9F94FF4B6722946384600F056FBF3
:1049900080B1236983B14FF4B672294638465B93E0
:1049A00000F04CFB00280CBF032301233444237286
:1049B0005DB0F0BD0223F9E70123F7E70020F0B571
:1049C000DFB0029000F0E6FB02AD0246C0BB294614
:1049D00000F0D2FB024698BB2B4E029F304600F0FF
:1049E0004BFA024660BB03AC4FF4B47206F12801E7
:1049F0002046C4F8687109F06EF94FF4B67221468A
:104A0000304600F0E9FA0246D0B996F891714FF4B9
:104A1000C872009033460021781C0AF0B7FA0246AB
:104A200070B996F89031206021460120029D86F8E9
:104A3000913186F8907100F09FFB68B16FF08302AE
:104A400010465FB0F0BD012000F0A4FB0246002834
:104A5000F6D123680133236023689D42F3D82146B1
:104A6000022000F089FB0028E8D123689D4201D88C
:104A70000022E5E7022000F08DFB02460028DFD18E
:104A8000236801332360F0E778080330000000005A
:104A900008B54FF4CC7200210D4809F041F94FF4EC
:104AA00080730B498B6108A3D3E90023C1E9042378
:104AB0000123A1F8903181F82830BDE80840FFF7C4
:104AC0007DBF00BFAFF3008000BD40DFE143E14E9A
:104AD0007808033000000000002230B54C4C89B04B
:104AE00002AD04904FF4C87301200021CDE90045C8
:104AF000CDE906220394ADF814200AF065FA10B14E
:104B000001238DF81430049B0022009302204FF4FF
:104B1000C873002101950AF057FA10B101238DF8EE
:104B200015304FF4807238A1D1E90001039BC3E92D
:104B300004019A61049BC3E904019A61002006A95B
:104B400000F01AFB002858D12946012000F014FB80
:104B5000002852D1022007A900F00EFB00284CD1FA
:104B6000079A029B9A429DF8143018BF0790012BB8
:104B700003D0002003A9FFF7F5FE9DF81530012BA7
:104B800003D0012003A9FFF7EDFE039B049993F8DE
:104B90002830012B1CBF01238DF8143091F82830E8
:104BA000012B1CBF01238DF8153040F20113BDF815
:104BB00014209A4225D09DF81430012B07D14FF4D0
:104BC000C8721348A4F8903109F085F807E09DF801
:104BD0001530022B13D04FF48073A4F8903194F861
:104BE0009101002101300AF03FFA10B110F18C0F51
:104BF00003D1074800F038F9002009B030BD012387
:104C0000DDE76FF08300F8E700BD40DFE143E14EF0
:104C10007808033070B50D4610B300231C46124AC5
:104C2000D2E91016314308BF234604F1010408BF3E
:104C300000F1FF300B2C0ED020320028F0D1DC1C0C
:104C4000204600210AF010FA10B110F18C0F01D1AA
:104C500000202C6070BD0028F1D06FF08D00F9E7C6
:104C60006FF08600F6E700BF780803302DE9F047C3
:104C70001E4600238146884617468AB0244D02AC62
:104C800001930FCD0FC495E80F0084E80F003A465A
:104C90004846414601ABFFF74BFE1E4D824668B9C0
:104CA000019C202205EB44143034214602A809F06F
:104CB00012F820225146204609F032F83368716814
:104CC000DC1E05EB431343E9089805EB44131C462F
:104CD0003034102220469F6408F0FDFFFFF76EFE7F
:104CE000064688B1DDE90632134308D0019B202235
:104CF00005EB431502A905F1300008F0ECFF202276
:104D00000021204609F00CF830460AB0BDE8F087D3
:104D1000D070060C7808033037B51D4601ABFFF79D
:104D200007FE044648B9019B0549DA1C2A606868F9
:104D3000102201EB431108F0CEFF204603B030BD36
:104D4000A8080330002330B58BB0019301ABFFF707
:104D5000EFFD0446C8B9019B0D4D202205EB43151C
:104D6000294602A808F0B7FF21462022284608F06D
:104D7000D7FFFFF723FE044620B12022284602A9D0
:104D800008F0A9FF20460BB030BD6FF08B04F9E7A7
:104D9000A8080330034B002193F8910101300AF079
:104DA00063B900BF780803301FB5D0E904230C466F
:104DB000CDE90223042283690DEB02012046019311
:104DC00008F089FF0822201D0DEB020108F083FF87
:104DD00004B010BD30B589B004460D461422002140
:104DE00003A808F09DFF00234FF440710193194B75
:104DF00001A8CDE904134FF41053ADF80830802317
:104E00001549ADF80A300AF029F800BB40F201114B
:104E1000124A01A809F004FFA0B90C232A4640F267
:104E2000032101A80AF05EF860B9224601A902A890
:104E30000AF080F830B901A809F016FF38B12068EF
:104E400009F096F801A809F00FFF6FF0830009B090
:104E500030BD00BF00025005090100085C81FF7FE2
:104E60000F3000090130704700F11C010C2201488D
:104E700008F031BF100A03301FB508221849044654
:104E80000DEB020008F027FF042216490DEB02008B
:104E900008F021FF029B039A013342F10002CDE9A1
:104EA0000232134314D008220D480DEB020108F022
:104EB00012FF04220B480DEB020108F00CFF0C223C
:104EC000074904F11C0008F006FF002004B010BDE3
:104ED000019B01330193002BE5D16FF08300F5E7CF
:104EE000100A0330180A03302DE9F04399460023D5
:104EF0008DB00E4609A904469046159F179D08934C
:104F0000FFF752FF09A908A8FFF764FF18BB169B1B
:104F1000CDE90068CDE90473149B1049CDE90293F3
:104F200008980C23069504F11C0209F0FBFA28B13D
:104F3000089809F01DF86FF083000CE02968102232
:104F4000103929602046394408F0C5FE089809F058
:104F50000FF80028EFD10DB0BDE8F0830002500536
:104F60002DE9F04104461D4600238CB0129E0F46E9
:104F700009A990460893FFF717FF21461022A819A8
:104F800008F0A9FE09A908A8FFF724FFC0B9159BDE
:104F900010360693149BCDE902560593139BCDE979
:104FA000007804930B490C23089804F11C0209F0C3
:104FB00009FB0346089833B108F0DAFF6FF094005C
:104FC0000CB0BDE8F08108F0D3FF002818BF6FF0E7
:104FD0008300F5E700025005002370B58EB00D4642
:104FE0000BA9044616460A93FFF7DEFE0BA90AA892
:104FF000FFF7F0FEF0B909AB06931023CDE90200EC
:10500000CDE90443CDE900560C230B490A9804F17D
:105010001C0209F087FA03460A9813B9099B102B62
:1050200004D008F0A5FF6FF0830003E008F0A0FFB4
:105030000028F8D10EB070BD00025005002370B5F5
:105040008EB00D460BA9044616460A93FFF7ACFE38
:105050000BA90AA8FFF7BEFEC0B909ABCDE905034D
:1050600010230490CDE9024304F11C020C23CDE986
:1050700000560B490A9809F0A5FA0346DDE9092014
:10508000134305D008F074FF6FF094000EB070BDAC
:1050900008F06EFF002818BF6FF08300F6E700BF2E
:1050A00000025005F0B51546002289B005AB01930A
:1050B00001F11C030F460093114640F61C030646FF
:1050C00009F082FF00BB059C0B2C1FD90C3CB4F5EA
:1050D000016F1BD820460696FFF7C2FE07AB28607B
:1050E00003934FF4026307F12806CDE9016304221C
:1050F00033463846009406A9FFF732FF10B9079BE4
:105100009C4201D06FF0830009B0F0BD6FF09700B2
:10511000FAE72DE9F04186B00490064608460D46B0
:105120008F6AFFF7A9FE0446B0B905AA03924FF4AF
:10513000026207F1100805F12803CDE90132284683
:105140000422CDF8008004A9FFF7CEFE10B9059B1C
:10515000984505D06FF08304204606B0BDE8F08185
:1051600021460094304605F11C0307F11C0209F0AA
:105170000DFF0446F0E7000002289FBF044B53F8E0
:10518000203000200B6088BF6FF08300704700BFA5
:1051900000000330084B1B785BB1022809D8074A8E
:1051A00052F82030591C04D0013342F8203000203E
:1051B00070476FF0830070470C000330000003302D
:1051C0000022014B1A7070470C0003300122014B82
:1051D0001A7070470C000330FFF7CEBFFFF7DABF3D
:1051E000022808D8054A52F8203023B1013B42F882
:1051F0002030002070476FF08300704700000330BC
:10520000036833B1B3F5805F01D100F01FB86FF0D0
:105210008003184670470368002B05DA0233B4BFD9
:105220006FF0850000207047B3F5805F01D100F07A
:105230000DB86FF085007047036801330CBF6FF045
:1052400081006FF08500704700207047F7B5054674
:105250000024124B124F019300F10C0656F8043F44
:1052600073B9336933B10423214668680DEB030237
:10527000FFF770F80134042CF0D1002003B0F0BD2A
:1052800004236A4621466868FFF758F8042802D1CB
:10529000009BBB42E5D04FF0FF30EFE7BEBAFECA3D
:1052A000EFBEADDE0149024800F0F6B8D089033008
:1052B0000824060C10B504461F2000F03DF92146D5
:1052C000BDE8104001480AF09DB900BF0F24060C4C
:1052D00008B523B90448FFF7EDFF012008BDD860E9
:1052E000C3E901120020F9E71F24060C10B41BB912
:1052F000054810BCFFF7DEBF0124C3E901011C70A3
:10530000DA6010BC704700BF3C24060C2DE9F04366
:10531000044685B010220021684608F001FD34B92A
:105320004F48FFF7C7FF012005B0BDE8F0832368B1
:10533000002BF5D020469847E368002BF0D0A368F7
:10534000002BEDD04FF0000847464646212000F0E4
:10535000F3F8E16843480AF055F965680C35A3682D
:1053600043451FD8002E78D0002000F0E5F83146E4
:10537000A2683D480AF046F9002F66D0002000F0F0
:10538000DBF83946A26839480AF03CF9002E5CD1B6
:10539000202000F0D1F836480AF034F9002300202C
:1053A0002374C1E755F80C3C13B155F8083C23B9F8
:1053B0003048FFF77FFF0220B6E74FF000090020DA
:1053C00000F0BAF855E902122B480AF01BF98DF8E3
:1053D000009055F80C3C684698479DF80030012B2A
:1053E0001ED11F2055F8089C00F0A6F8019989B13C
:1053F00022480AF007F9029919B1039A20480AF0E5
:1054000001F949461F480AF0FDF8013608F1010884
:105410000C35A4E702990029F3D0039A1A48EEE765
:10542000022B09D1484600F087F855F8081C1748A8
:105430000AF0E8F80137E9E7202000F07DF855F898
:10544000081C13480AF0DEF8E0E71F2000F074F8AB
:1054500010480AF0D7F80123A1E7002F98D08DE774
:105460001F24060C5E24060C1E25060C4225060C85
:105470006725060C3C24060C7A24060CA424060C92
:10548000AA24060CD524060CC024060CED24060C18
:105490000625060C7C25060CF8B506460C46212090
:1054A00000F04AF831461E480AF0ACF827463D683D
:1054B0009DB9212000F040F831461A480AF0A2F8C0
:1054C00027689FB9212000F037F8314616480AF0C6
:1054D00099F8384600F030F806E03846FFF716FF36
:1054E000143705460028E2D02846F8BD002000F019
:1054F00023F8E1680D480AF085F8237C3BB92020A9
:1055000000F01AF80A480AF07DF81434D8E71F2092
:1055100000F012F807480AF075F80325F5E700BF18
:105520009125060CC425060C1326060CE825060C4E
:10553000FD25060C0826060C014601480AF062B853
:105540003626060C2DE9F047DCB006AC84E80C00EA
:1055500042228046894625A9CDE90C120DF1230788
:1055600010AD0CAB0597049502AE93E803000DF166
:10557000240A86E803000EAECDE9002640465246D6
:10558000494614AB00F090FB002852D194E8060085
:1055900036A801F008FE052136A801F01EFF012201
:1055A000002336A801F0BCFE0222002336A801F039
:1055B000B7FE099C4FF0FF324FEAE4784FF0FF331B
:1055C00036A801F0ADFE2246434636A801F0A8FEFB
:1055D000DDE90E866FF001024FF0FF3336A812AC02
:1055E00001F09EFEC4E90086022194E80C0036A872
:1055F00001F0ABFE2E68FEB99DF823406FF0020269
:105600004FF0FF3336A801F08BFE04F1140233464D
:105610003146D2B236A801F0C5FE052136A801F008
:10562000F9FE649936A801F04EFF10B136A800F0DB
:10563000B3F85CB0BDE8F0876D6836A86FF0020281
:105640004FF0FF3301F06CFEC4E90065022194E8DD
:105650000C0036A801F079FEDFE770B58EB00BAB19
:1056600007930A2308930023044604AD09AE85E896
:1056700006003046CDE90223079900930A2202234F
:1056800001F0A6FD96E80600204600F0E5FA95E850
:105690000600204600F0E0FA0EB070BD2DE9F84F8C
:1056A0009046DDE90A6A0446002218460F465FFA72
:1056B00081FB4146994601F06BFCA4F108030D46BD
:1056C0001A4652F8084F5168B1F1FF3F08BFB4F1D4
:1056D000FF3F09D10024F90500D51CB1BA0509D551
:1056E000002C3FD0202019E08D4208BFA042E8D115
:1056F0000124F0E7BBF1000F12D05846002503E06B
:10570000954208BF8B450CD053F8081F5A68B2F178
:10571000FF3F08BFB1F1FF3FF2D15620BDE8F88F3F
:105720001CB3CAE9000520223046FF2108F0F8FA30
:10573000A6F10805183622464146484601F028FCE5
:10574000B1F1FF3F08BFB0F1FF3F04F1010405D004
:10575000B54205D045F8080F6960ECE70020DDE7A9
:105760002520DBE7BBF1000FC7D15520D6E7034664
:105770003C2B08460CD0A3F11402132A0AD93D2B66
:1057800009D0432B07D0002B14BF2E2000207047D8
:105790002520704709207047837B1BB101230374C8
:1057A00019207047007C10B10128F9D018207047EB
:1057B000043951F8043F0BB9184670478342F8D1B9
:1057C00001207047B0F9003002468B4204D013F537
:1057D000004F00F10400F5D1B2F90200704700005B
:1057E00008B500F50043B3F5803F04D201B2034889
:1057F000FFF7E8FF08BD0020FCE700BFF070060CD3
:1058000030B587B00C46CDE90023FFF7E9FF6D46C0
:10581000014678B304A800F005FA30BB236933BB16
:105820000C23154ACDE9022304A81A46029900F078
:1058300013FA94E8060004A8FFF70FFF236923B1C9
:105840001946626904A8FFF708FFD4E9021204A808
:10585000FFF703FFD4E9061204A8FFF7FEFE95E860
:1058600006000A9B04A800F005FA07B030BD0B2320
:10587000024AD7E70120F8E74926060C3D26060C28
:1058800003680BB9016070471A461B68002BFBD1F7
:105890001160704773B50446267A0D46122EC06813
:1058A0002BD0622E25D0542016E000230193019BBB
:1058B0002269C3B90192A36813F4806303D132460D
:1058C000284601F066FD0421284601F086FD2246A7
:1058D0002846019900F064FC02B070BD019301A953
:1058E00083689847E3E719461B6A002BFBD10A62DD
:1058F000E1E70028D9D12B20EEE70028FBD0036890
:10590000002BEBD02C20E7E782B0F0B58BB0139FD3
:1059100005463846CDE900121193FFF73DFF0446D6
:10592000F0B995E803000AAA02AB83E80300DDE9B9
:10593000110102E90300DDE9000104AA82E8030085
:105940002A7ACDE90644122A10D1E8683A46046959
:105950001946A047044650B1532801D101232B75A5
:1059600020460BB0BDE8F04002B07047522404213D
:10597000384601F04FFDF3E770B504460D46164674
:105980000021F82208F0CCF9C4F8E85018220021D0
:105990002046C4F8D86045F0120508F0C1F9A560AA
:1059A00004F118052846D4F8D81000F09FF82946CD
:1059B00004F10C00BDE87040FFF762BF30B504464B
:1059C00000F1EC0503A9C0E9382303C985E8030009
:1059D000C4E90E23C4E90C0130BD4369F0B58C461F
:1059E00004460021012095B0C4E90C010121DA1719
:1059F000C4E91032A16300230221A26984F83C109B
:105A000023651AB3E1690420CDE9042100210622AF
:105A10006E46CDE9000102938DF80C200AAD089383
:105A20000FCE0FC50FCE0FC596E803000AAF04F1E5
:105A3000580685E803000FCF0FC60FCF0FC695E8B5
:105A4000030004F1580386E8030023653034CCF8E2
:105A5000004015B0F0BD522070472DE9F04397B0DB
:105A60000EAB06932023064610460D4617460793B5
:105A7000FFF792FE044698B90DF1200938464946D1
:105A800001F0F9FC3B68706973B90DAB0093D6E97E
:105A900008230C9400F066F838460D9901F004FDD7
:105AA000204617B0BDE8F0830DF128082946DDE94E
:105AB0000623CDF80080FFF7A3FE04460028EFD1AF
:105AC0000CAB059303AB99E8030083E8030001AB3B
:105AD00098E8030083E80300B36A00937069D6E98D
:105AE000082300F071F80446D6E7000038B5882294
:105AF0000D460021044608F013F944F67353A380C1
:105B0000034BA360034BE360034BC4E9043538BD8A
:105B1000DB59040C575A040C5B5A040C10B50446AC
:105B20001822002108F0FCF8204610BD0346073378
:105B300007B5104610D1089B08490193079B0093B5
:105B4000DDE9052308F0A0FF01B20548FFF73AFEA2
:105B5000C0B203B05DF804FB0120FAE709060006B5
:105B60000C71060C10B50730144686B027D1684674
:105B7000FFF7D4FF6946204608F018FA01B2114831
:105B8000FFF720FE10F0FF000DD144F20101BDF837
:105B90000020BDF8023022F440548C4205D1073376
:105BA000DB08089A136006B010BD02F44F42B2F54C
:105BB000824F05BF0733DB0803465B00F1E7012096
:105BC000F1E700BF0C71060CF0B5C11D87B014469B
:105BD000119D1ED105AF00970F9EFFF7C3FFB0B90F
:105BE000059B109A9A4216D3CDE90137DDE90D23C2
:105BF0000A492046009608F01BFF01B20848FFF74B
:105C0000E1FD10F0FF0002D1059B2E606B6007B034
:105C1000F0BD0120FBE70620F9E700BF09060006FA
:105C20000C71060C00234FF6FF7210B50360084B91
:105C3000044611F1100F08BF1A46114608F010FB78
:105C4000606001B20348FFF7BDFDC0B210BD00BFE8
:105C500009000002F870060C13B502AB03E9060058
:105C6000436804461BB911B108F01EFB606002B026
:105C700010BD000073B502AC04E90600416805469A
:105C80001C4639B9009E0433314608F02FFB01460B
:105C90006860266009B20348FFF794FDC0B202B005
:105CA00070BD00BFF870060C82B02DE9F047B4B0AB
:105CB0009146DDE942573D93852203AB12A9824606
:105CC00008F0BCF910BB0CA89DF84840039EFFF7F4
:105CD00025FF50460CA908F069F9BDF8303003F4EF
:105CE0004F42B2F5824F02D0B2F5884F0ED1DBB2EF
:105CF000122B0BD1BDF83230B3F5C07F0CD040F27F
:105D0000092293421BD0B3F5807F1AD0112034B002
:105D1000BDE8F04702B070470223032C06F1FF36BE
:105D2000C9F8003051D0042C0DD0022CEED1002344
:105D3000C5E900330123039C013C3B7027E00323AA
:105D4000EBE70123E9E7039BDDE94001013BB6EB0B
:105D5000530F38BF00224FEA530431BF13460DF1F1
:105D600049031B19321BCDE9043208AA82E803005B
:105D7000184605990DF128088DE80300002306CA8E
:105D8000404601F0BBFB98E8030085E80300DDE92D
:105D90003D01A6423ABF002423460DF1490308AA5B
:105DA00082E803001846CDE9063407990AAC8DE86D
:105DB0000300002306CA204601F0A0FB94E803007C
:105DC0003F9B83E803000020A1E70023039CC5E973
:105DD0000033013CB1E7034670B583B9184670BD86
:105DE000D2E90064D3E900518C4208BFAE4201D130
:105DF000934206D1126A002AF2D11B6AEDE70246ED
:105E0000F9E70120EBE72DE9F04FABB0ADF8041056
:105E10001746DDE93596002205210446984601F033
:105E2000E7F85022002116A807F07AFF4FF0000A89
:105E3000204602A901F070F894F8EE5084F8EEA024
:105E4000432D00F09C8025B10A212846FFF78FFCE6
:105E50004BE09DF80930022B40F0B280DDE90801EB
:105E6000831E0B4344D1002F00F0AC802A4604214E
:105E7000204601F0BDF8AB4620460CA901F056F8CB
:105E800094F8EE3084F8EEA0432B20D063BB9DF84D
:105E900030300EAA022B0CD1BBF1030F24D8DDE960
:105EA0000E012AAB03EBCB0343E914010BF1010B09
:105EB000E2E7072B18D1032D16D892E803002AAB8E
:105EC00003EBC503283B83E803000135D4E7042135
:105ED000204601F0E3F8DDE916321343A8D1219BF7
:105EE00013B1209B002BA3D124202BB0BDE8F08F51
:105EF000D9E90023934267D228225A430133D9F8C3
:105F000008C0C9F804309DF80830BDF804E00CEB77
:105F1000020B022B8BF80C30ABF80AE04CF80200B5
:105F2000CBF804108BF808708BF80950CBF8205090
:105F300011D0063B012B13D8DDE904010BF110034E
:105F400083E80300204602A901F042F833689BB9B8
:105F5000C6F800B06CE7DDE90423CBE90423F1E7E0
:105F6000B8F1000FEED05A4621463498C0470028B9
:105F7000ECD04328E6D0B8E7CBF82030E8E720465D
:105F8000052101F08BF894F8EE0084F8EEA008B13A
:105F90000A215BE701253368002BA6D0D3E900670F
:105FA00016AAD2E9004154EA010C02F1080201D11B
:105FB0001B6AF1E78F4208BFA642F2D15D72F7E794
:105FC0000A2092E7232090E71A208EE72DE9F34775
:105FD0000E46052105461746344601F0FEF94FF0FE
:105FE000000ACCB9BAF1000F10D0002F67D02846B4
:105FF0000222002301F094F90421284601F0EDF972
:10600000002E53D10421284601F004FA2846052128
:1060100001F000FA00200FE0237A17B11BB9246ABF
:10602000DFE7002BFBD1237B072B20D007D8022BE7
:106030000DD0062B2CD0272002B0BDE8F087642BB2
:10604000F9D1294620462369984760B1F4E7D4E99D
:1060500000232846D4E9048901F062F942464B4600
:10606000284601F05DF9637A4AEA030AD7E7D4E9E2
:1060700000232846D4E9049801F052F90321CDE920
:10608000009802AB13E90C00284601F05EF9EAE73C
:10609000D4E900232846D4E9049801F041F9CDE978
:1060A000009802AB022113E90C00EDE7737A23B1EB
:1060B000D6E90023284601F033F9366AA0E7282004
:1060C000BAE7002130B500B930BD447AD0E90032DA
:1060D00034B15D1E42F1FF34062D74F100040AD282
:1060E000053B42F1FF32022B72F1000201D221B9CD
:1060F0000121006AE7E71B20E6E72220E4E72DE91B
:10610000F0471F46002388B0129CADF814101646C5
:10611000DDE91098224601210793054600F0E1FFD2
:1061200063680DF11C0A8BB9284600F0F2FF334674
:1061300000222846CDE9019A05990097FFF763FEF2
:10614000044680B1204608B0BDE8F08733460122FE
:106150002846CDE9019A05990097FFF754FE0446B9
:106160000028E1D0EEE795F8EE4034B10A21204650
:1061700008B0BDE8F047FFF7FABA079D2846FFF7D9
:106180002AFE58B9D8F8003013B9C8F80050D9E73A
:106190001A461B6A002BFBD11562D3E72224D1E7F4
:1061A0002DE9F341054608460E461746FFF713FE54
:1061B000044670BBB046B8F1000F13D1CCB9CDE99D
:1061C000004402AB022113E90C00284601F0BDF89F
:1061D000C7E9004400223146284602B0BDE8F0413C
:1061E000FFF7F4BE98F80830D8F820801C43E4B2DA
:1061F000E1E70221284601F0F0F801223146284665
:10620000FFF7E4FE30B93A464146284601F00BF963
:10621000E0E7222002B0BDE8F08110B500B910BD62
:10622000D0E90041994208BF9442F8D0006AF5E7EE
:1062300010B5012200230C46FFF7EFFF80B1037B6E
:10624000022B0ED1D0E9043253EA020109D06FF0DB
:1062500000418B4272F1000203DA027A1846227082
:1062600010BD0020FCE710B50422044600230846B8
:10627000FFF7D3FF40B1037B062B05D1D0E9040122
:1062800084E80300204610BD0023C4E90033F9E789
:10629000F8B50D4604461C220021284607F040FDB3
:1062A00005F1140605F10C0705F1040C0CB92046A4
:1062B000F8BDD4E90032013B42F1FF32062B72F106
:1062C00000020DD2052B0BD8DFE803F00C0A0A03FD
:1062D0001D27237B062B2ED1D4E904018CE8030073
:1062E000246AE3E7237B022B25D1237AFBB1D4E98F
:1062F000043253EA02011CD0B3F1004F72F10002E4
:1063000017DA2B60ECE7237B062B14D16B69A3B95A
:10631000D4E9040187E80300E2E7237B062B0AD1D6
:10632000EB6853B9D4E9040186E80300D8E72320D9
:10633000BEE71E20BCE70A20BAE72220B8E74BF2EE
:106340000F0382899A4205D1D0E90103834201D823
:10635000C01A7047002070470378062B04D080686D
:10636000013018BF0120704701207047D0F8C420C9
:1063700008B58AB1D0F8C0000378062B0CD0FFF71F
:10638000EBFF40B14FF6FE73D088002818BF98424B
:106390000CBF0120002008BD0020FCE70378062B7D
:1063A00006D04FF6FF738088C01A18BF01207047CF
:1063B00000207047031F202818BF012B94BF012025
:1063C000002070474FF6FE72D0F8D430D988C0F85C
:1063D000D03091421CBF9A88DA809B684268934211
:1063E0008ABF012383608373704730B585B001ACE9
:1063F00084E807009DF80400197820F08002000668
:1064000004D4188C4FF6FF73984207D142B914F8A0
:10641000013F994216D00132042AF8D13D2012E002
:10642000002302A810F8015FA9420BD00133042B0E
:10643000F8D1012AF2D014F8012F914202D0013B89
:10644000F9D1EBE7002005B030BD00002DE9F04F99
:106450000C46074600218BB090462046282207F0C4
:106460005FFC0121384601F0F5F8F0B190F800909A
:1064700009F01F0AAAF11803032B28D80025704B36
:10648000534413F818BC2B46BBF1000F0FD1BE7B51
:10649000002E40F0C9804FEA69118A1E052A1ED8D5
:1064A000DFE802F0333382828F968146E0E71E02F6
:1064B0000121384646EA15662D0201F0CBF800B1FD
:1064C0000078451946F100030BF1FF3BDCE7AAF128
:1064D0001C03022B40F2A68055460023D7E7BAF1F1
:1064E0001F0F00F0A78041B9002BC4E9025301DB64
:1064F000022300E00323237013E0002BC0F29680F8
:10650000ED43DB43C4E90253F2E70431BAF11F0F54
:106510004FF00009217008D14FF0FF33C4F8089004
:10652000E36030460BB0BDE8F08F6FF00402AA4282
:1065300079EB030336D33846294601F08BF807463A
:10654000002871D0B8F1000F29D00DF1100A2B46A8
:106550004A465046D8F804B0D8F80010D847049BF3
:10656000DBB19AE803000DF1180C8CE80300384603
:10657000CDE90275039908AD8DE803004B469CE810
:106580000600284600F0BAFF95E8030004F108036E
:1065900083E8030001232371C3E72E26C1E7C4E982
:1065A0000205BEE72B26BCE7BAF11F0F4FF6FF72BC
:1065B00004D0954273F100033AD2AAB2228121702D
:1065C000AFE7BAF11F0F35D0C4E90253FE2392E7BB
:1065D000AAF1140284F800A00B2A1FD801A151F8D7
:1065E00022F000BF2365040C2365040C2365040C12
:1065F0002365040C1566040C3966040C3966040C1A
:106600003966040C1D66040C1D66040C1D66040C22
:106610002365040C202D73F100030FD30D23257285
:1066200023707EE716267CE71F267AE7402678E768
:106630002A2676E7182674E74D2672E7142670E7B7
:106640002471060C2DE9F04F06464FF0000B97B071
:106650000D460822FF2106A807F062FB06F1D803C9
:106660000393D6F8DC30FBB196F8ED30DDF80C8002
:10667000002B14BF4246002229463046FFF7E6FEB3
:10668000044668B92F78BB1F012B24D8EB6801336F
:106690000DD0082206A905F1200007F01CFB5C467E
:1066A000204617B0BDE8F08F98461A46E4E7B8F1E7
:1066B000000F73D082468146002230460CA9FFF7B6
:1066C000C5FE002866D19DF830301F2B35D101233F
:1066D000C5E9029A2B712B78FE2BDAD14FF6FF73A6
:1066E000BDF81E204FF03C0B9A42BAD1062206A9F3
:1066F0000DF11A0007F0A6FAD5E902214FF6FB7357
:106700009A4271F1000347D3002306F1E80050F8E4
:1067100008CF4768B7F1FF3F08BFBCF1FF3F3FD04C
:10672000B94208BF62453BD00133042BEFD10023AF
:106730003C24A346ADF8183093E79F4229D10F9B24
:106740005A1C26D0002BB7D053444A46D8F8001024
:10675000D8F804C00AA8E0470A9B63B92E24B9F10F
:10676000000F9DD000234A46D8F80450D8F80010F6
:1067700004A8A84794E70EAB93E803008DE8030054
:106780000AAA534606CA08A800F0B8FEDDE9089A2E
:1067900092E71E200446E2E793B2CAE72D247FE782
:1067A00003F11E0006EBC007053B46F830209BB204
:1067B0007960BEE72DE9F04104460D468AB000F14C
:1067C0001006D4F8D010B14224D00B78062B21D07B
:1067D0000846FFF7E3FD0746B8B92046FFF7AFFDCF
:1067E000C0B13A4669462046D4F80880FFF72EFE2D
:1067F00088B99DF800301F2B10D0636898458ABF78
:106800000123C4F80880A37304E0CB88013B9BB24A
:10681000CB801BB100200AB0BDE8F081D4F8D020B5
:106820001046FFF799FD20B1002DF3D00023D3804F
:10683000F0E70C3AC4F8D020C3E700002DE9F84F88
:1068400006460C46FFF77BFD002800F0958006F118
:10685000100A5046FFF78AFD002840F08D80304630
:10686000FFF7F0FE0546002854D127781F2F28D0C7
:1068700096F8EC30022B41D0D6F8D0301B78052B9F
:106880001FD1D4E902892146304694F804B0FFF7BD
:10689000D9FEA0F11E03DBB21D2B05463FD9072F01
:1068A00084F805B003D1C4E90689677009E096F859
:1068B000EC30012B20D0022F1AD10223C4E9068923
:1068C000637027781F2F5BD0D6F8D0202E49A2EB1B
:1068D0000A039B104B433846A370FFF76BFD08BBC0
:1068E00001213046FFF766FF002835D0054616E047
:1068F000032FD8D0062FD6D02F2510E0052FE0D1BA
:10690000B4F908202389002A38DB20225B0022709A
:106910002381D6E7A0F11E03DBB21D2BD1D8284678
:10692000BDE8F88F21890029DAD006F1C4039A4224
:1069300028D202F10C03C6F8D0304FF0FF331773A2
:106940005182118253612078FFF734FD0028C7D0AF
:106950004FF6FF739942C3D05046FFF707FD10B1C1
:106960000023E370DBE7D6F8D000074BA0EB0A006A
:1069700080105843E070D2E74325D0E72A25CEE7C0
:106980002025CCE72925CAE7ABAAAAAA70B50B78BF
:106990000646042B0C4694B003D02C23184614B0A2
:1069A00070BD8D786946FFF749FF03460028F5D191
:1069B0009DF802300135AB42EFD19DF80030022B3B
:1069C000EBD1DDE902233046C4E902230AA900F035
:1069D00021F803460028E1D19DF82A20AA42DCD103
:1069E0009DF82820022A227009D1DDE90C01C4E9B2
:1069F00004019DF82B20AA42CFD0E270CEE7093ADD
:106A0000012ACAD8DDE90C0104F1100282E8030072
:106A1000EFE700002DE9F84307460C46FFF70EFFAD
:106A20000546A8B94FF6FF78DFF8E490268C464576
:106A30000ED0012E1AD12378032B66D003D8022B57
:106A400009D0302504E01A3B012B94BF4B2530259B
:106A50002846BDE8F8830C232370638C2384A38C21
:106A60006384E38CA4F82680A384DFE7642E09D135
:106A70002378022B04D0032B14BF30254125E7E7F0
:106A80004E23E9E7331F012B12D821463846FFF782
:106A90007DFF042E14BF11230E232278022A1EBF6D
:106AA000083A9B18DBB223700028D6D00546CFE702
:106AB000242E03D040F201139E4208D12378072BE5
:106AC00001D13023C8E7062BBBD14C23C4E74FF6D6
:106AD000FA739E42BCD8002339F823109A0041452E
:106AE00001D08E4204D14A4493781BB91D46AFE7CA
:106AF0000133F1E713F0800F14BF0622072221783B
:106B000091429ED103F07F03A6E74125A0E700BF95
:106B10002871060C436810B5994284BF0123837322
:106B2000D0F8D43098BF81600C3B0021C0F8D03041
:106B30000446FFF73FFE024690B904F11001D4F875
:106B4000D4308B4208D00C3BD4F8D000C4F8D430F9
:106B5000FFF702FC0028F2D04FF0FF33C4F8E83012
:106B6000104610BDF0B504460F461E4685B013B161
:106B70000023C6E9003394F8EE5015BB8DF80420CD
:106B8000214A9369CDF80530D36904AACDF80930BC
:106B900012E907003B46FFF728FC054680BBD4F806
:106BA000D0201046FFF7FAFB10B1D3880133D38011
:106BB0001EB1D7E9020186E803006368191D03D9F5
:106BC0002825284605B0F0BD2168B8680029F7D00F
:106BD0008842F5D3401A8342F2D9F9680144C4E9E6
:106BE000011004F1C4018A420CD2062602F10C0104
:106BF000C4F8D010C2E904301673C4F8D410E0E72A
:106C00003D25DEE72925DCE75871060C37B502ADD6
:106C100005E906004FF48C72002104461D4607F07A
:106C20007FF80023A360A3734BF20F03A381009BA3
:106C300006222360019B84F8EC5063602346FF2109
:106C400003F8102F202204F1F000C4F8D03003B074
:106C5000BDE8304007F064B810B50C46FFF7DAFE27
:106C600008B10023238010BD70B50C4606468AB0DB
:106C700020781546C978FFF79DFB90B1A3788B4229
:106C80000FD269463046FFF7E7FFA0F11E02D2B2ED
:106C90001D2A08D9432806D09DF80310E3788B42BB
:106CA000EFD9002029700AB070BD00002DE9F04F27
:106CB00090F8EE40D9B005468B4602920593002C21
:106CC0005BD1D0F8D46016B13378052B04D09BF893
:106CD0000130002B40F0E5804FF6FE73F2889A42B7
:106CE00048D005F110042146341B00263746C8223F
:106CF00026A806F0F0FF2846FFF764FB754BA410AA
:106D00005C43E3B203930DF12009AB684946284682
:106D10000493FFF77FFEA0F11E03DBB21D2B044698
:106D200018D9432816D04FF00008DA46CDF8048071
:106D30009AF8013043BB019B002B00F097800DF1C6
:106D40001F08424649462846FFF78EFF04460028A2
:106D500000F09880C82226A905F1100006F0BBFFBC
:106D60005B4600215A78002A40F09F80204659B0A7
:106D7000BDE8F08F9BF8013013B100263746EFE7EE
:106D8000B368C5F8E830F8E799F801E0D9E90602F8
:106D9000AEF1020E0092DAE906C1BEF1050F2CD861
:106DA000DFE80EF003322B2B301A022B25D1009B8B
:106DB000994208BF844520D1C8F1200107FA01F1AA
:106DC000A8F1200226FA08F30B4327FA02F2134334
:106DD000D9071BD53E24BDE7072B0ED1009B0DF133
:106DE000600E199318900B46CDE922C19EE803006E
:106DF000624600F09EFB0028DED008F101080AF18F
:106E0000280A95E7062BE8E7032BCFE7002CA1D152
:106E100099F800209AF80030934203D0012A01D05B
:106E2000012B3CD1D446CE46BEE80F00ACE80F00A3
:106E3000BEE80F00ACE80F009EE80300029B8CE860
:106E400003007BB90122A8F12003C8F1200122FA36
:106E500001F102FA03F30B4302FA08F10E431F4358
:106E60000192CAE7029B049A1A60EBE7629B002B2F
:106E70003FF465AF494605989847044600283FF41B
:106E80005EAF67E798F80030039A9342BFF43DAFD6
:106E9000AB681A1D8CBF2824C5F8E8305AE73D249A
:106EA00058E70026472437465AE7C1F12005A1F1EB
:106EB000200026FA01F207FA05F52A4327FA00F026
:106EC000024312F0010204BF1A705A7001312833D4
:106ED00048E700BFABAAAAAAF0B504460E46B7B071
:106EE00000F110073946C82204A806F0F4FE94E821
:106EF0000F008DE80F0031462046FFF7ADFE064635
:106F000004A9C822384606F0E6FE9DE80F0084E892
:106F10000F00304637B0F0BD10B590F8EE300446A3
:106F20001BB9FFF7D9FF84F8EE0010BD10B590F83B
:106F3000EE3004461BB9FFF78FFE84F8EE0010BD5B
:106F400008B509B183680B6090F8EE1051B9D0F81C
:106F5000D02000F110039A4206D1FFF7F0F9002883
:106F600018BF1521084608BD1721FBE737B5D0F833
:106F7000DC5004462DB10023D0F8D8101A466846DC
:106F8000A8470021204603B0BDE83040FFF7D8BF36
:106F900010B50B780446BBB1032A15D84FF6FA7327
:106FA000103231F81200984201D8002110BD4FF67E
:106FB000FF73984208D0A0F57F43DD3B04EBC3028A
:106FC00054F833005168F1E74FF0FF300146EDE728
:106FD00038B504460D46FFF7A9FF94F8EE3033B9F3
:106FE00029462046EA1CFFF73FFE84F8EE0038BD34
:106FF0002DE9F04190F8EE3006460D4614468AB071
:10700000002B44D16946FFF727FE074600283CD1F4
:107010009DF80030AB423FD108A9082206F58870E0
:1070200006F059FE9DF803809DF80210884511D89E
:10703000D6F8D0201046FFF7B1F910B1D38801334C
:10704000D38006F1C4039A423EBF02F10C03C6F896
:10705000D03015734FF0FF33B268C6F8E830131D17
:1070600018D8D6F8D0308845C6F8D4309A6002D8FF
:107070004FF6FE72DA8044B16D460FCD0FC40FCDCE
:107080000FC495E8030084E8030086F8EE700AB0A8
:10709000BDE8F0812827EEE73D27F6E710B590F828
:1070A000EE3004468CB0C3B9D0F8D420BAB112780F
:1070B0008A4214D1D0F8E820013207D11A46009351
:1070C00002A98DF80930FFF7F1FD20B92046D4F868
:1070D000E810FFF71FFD84F8EE000CB010BD422051
:1070E000F9E770B590F8EE3004460D4616468AB0C2
:1070F0006BB96946FFF7B0FD84F8EE0038B9334646
:107100002A4669462046FFF72DFD84F8EE000AB0B6
:1071100070BD10B590F8EE30044663B9D0F8D430A5
:1071200053B11A78062A07D15B6841684360FFF7BC
:10713000F1FC84F8EE0010BD422384F8EE30FAE74B
:10714000F0B58FB001AD85E80E0090F8EE30064640
:10715000149F33B904A9FFF77FFD044618B186F8E0
:10716000EE000FB0F0BD95E8070004ABFFF73DF966
:1071700086F8EE0020B9DDE9060187E80300F0E7B4
:10718000C7E90044EDE7027C10B55AB9D0F8944045
:10719000A388C3F57F41FE310129D2BF0622013306
:1071A000A380027410BD37B50446CDE900129822C1
:1071B000002106F0B5FDDDE90012204600F0E7F9F8
:1071C00004F11403C4F894300423A37603B030BD53
:1071D0002DE9F74302AC04E90600DDE90C29019929
:1071E0009DF82850092939D90099802B01F109010E
:1071F0000ED90C461F2283F08003651E02EB43125A
:1072000004F8012C491BC0E9005103B0BDE8F0832C
:10721000182A79F1000402D20DB90C46EDE70C46AC
:107220000026DFF840E052EA090704D1002D02DC15
:1072300006F11702E1E7A4461EF8017BA4EB0C0857
:10724000474503DCE41BED1B0136ECE70CF8012D90
:10725000120A42EA09624FEA1929EFE70025294696
:10726000D1E700BF9871060C10B58EB004460BA88C
:1072700005900A20CDE902239DF840300690009346
:1072800007A80B460A220599FFF7A2FF03C809AA1F
:1072900082E80300A368204606CA00F088F90EB011
:1072A00010BD10B5037C3BB9D0F8942000F1140454
:1072B000A24203D107230374012010BD92798A42B0
:1072C00001D00523F7E71846F7E770B58CB0044600
:1072D0001646FFF7E6FF08BB09AB05930A230C2906
:1072E00006934FF00A0214BF0B460223CDE9026059
:1072F0000599009007A8FFF76BFF90E80600D4F807
:10730000943020461B6800F052F9D4F8943004F110
:107310001402934284BF083BC4F894300CB070BD93
:1073200013B504460020002BA8BF01460090B8BF4B
:10733000D2432046BCBFDB430121FFF795FF204627
:1073400002B0BDE81040FFF71EBF70B586B002AEB8
:10735000092905460C4686E80C000FD196E8030083
:1073600004AA82E80300AB68284606CA00F01FF9A9
:10737000284606B0BDE87040FFF705BF00230B2983
:1073800008BF0221039A0093FFF76EFF0B2CE5D193
:10739000EEE707B5002100910621FFF765FF03B076
:1073A0005DF804FB37B50446007C58B9B2F1180506
:1073B00043F1FF30082D70F1000003D20223237443
:1073C00003B030BD204600910721FFF74DFF204656
:1073D00003B0BDE83040FFF7D6BE38B50D46FFF725
:1073E000D2FE8168044611F1660F11D8D0F89420BE
:1073F00000F18C039A421DBF02F10803C0F89430DB
:10740000002304231EBF938191609573237438BDBC
:107410000323FBE7D0F894309A889B79052B08BFAB
:107420005208FFF752BF2DE9F3411646D0F89430C9
:10743000D0F808801C680F46A8EB0402022105461C
:10744000FFF743FF8EB11FB9AB68A4EB08041C44DF
:107450002946684600F0ECF8019B9C4208D8009A47
:107460001B1B02B12244C6E9002302B0BDE8F08133
:1074700000231A46F7E710B4D0E901341B1B0DD0E6
:10748000026802B12244C1E90023D0F894309B790C
:107490000C2B05D1092310BC037470471A46F2E780
:1074A0000C2110BCFFF799BF38B504460D4600F01B
:1074B000ABF8A37B33B92A462046BDE838400C21FF
:1074C000FFF703BF38BD73B5827B0C460AB10122BA
:1074D0000274057C6DB9D0F8941000F11402914249
:1074E0000AD10146684600F0A3F8DDE9000184E80E
:1074F0000300284602B070BD0825FAE7F7B59342AD
:10750000064602A81C4600E906000FD8099FD31AB8
:10751000BB420BD30D463A462819089906F0DBFB0F
:107520003C443046C6E9005403B0F0BD00252C466B
:10753000F7E784B00DF1100C0CE90300CDE900234E
:10754000039A934204D807D3009904B006F06ABBAB
:107550004FF0FF3004B070470120FBE737B502ABB6
:1075600003E90300084671B1009B73B15C1819462A
:10757000A142084602D34FF0FF3004E00578013104
:107580009542F5D0C01A03B030BD1846FBE782B073
:10759000CDE9001240F60F31034681810021816060
:1075A0008173DDE9000183E8050002B07047F7B59B
:1075B000044602A800E90600A27B32B940F60F3269
:1075C000A189914203D00123A37303B0F0BDD4E994
:1075D00001128A42F7D8019E891AB142F3D39A4226
:1075E000F1D3256865B11D44009F2946D21AA81918
:1075F00006F028FB27B132463946284606F022FB22
:10760000A3683344A360E0E7837B83B940F60F337C
:1076100082899A4202D0012383737047D0E9012303
:107620009342F8D8D21A9142F5D80B448360704740
:107630008B7B23B100231A46C0E90032704740F625
:107640000F338A899A4202D001238B73F2E70B68C9
:107650008A68F1E710B5827B03466AB984894BF2E8
:107660000F00844204D1D3E90140A04298BF221AFE
:10767000914203D901229A73002010BD9A681868BC
:1076800010440A449A60F8E770B594B04022002193
:10769000044603AE04A806F043FB4FF41473212103
:1076A000174A009604A806F0A9FB873007D02346A6
:1076B000622214491448FDF719FE14B070BD31461A
:1076C000402006F0B3FB054640B101460F4807F0E5
:1076D00099FF23466B220B490D48ECE7039B4021A1
:1076E000074A0096013B04A806F088FB8A3004D0C4
:1076F0002346792203490748DDE72570DDE700BF0F
:1077000010C103305626060CBE26060CF426060CC5
:107710002827060C5627060C10B5044600F0E6F89C
:10772000014650B1064807F06DFF2346BDE8104002
:10773000412204490448FDF7D9BD207010BD00BFA7
:107740008A27060C5626060CB327060C034602228F
:1077500001490248FDF7BCBD848A0330E427060CCA
:107760002DE9F04140270021ADF5DB6D3A460DA82B
:10777000CDE9021142AE06F0D3FA03AB00933246D4
:107780004FF4BA6339460DA806F038FB02AD044643
:10779000002851D10AA8029600F0AAF895E8060040
:1077A0000AA800F061FB0446002845D12DAD29460A
:1077B0000AA800F0A7F8044600283DD12B6DD90790
:1077C0007DD51DAE01463A46304606F0A9FA95E849
:1077D0000300CDE9046708AC04AB84E803000CCBDC
:1077E000FFF7A7FE28B92B6D9A072AD46FF0330450
:1077F00022E06B68032B1DD92F6807B10437402B9B
:1078000018D14FF03C082760C4F80480002294E8A7
:107810000300FFF7A3FE01300CD11EABC4E9003812
:10782000CDE9067894E8030006AB0CCBFFF781FEA8
:107830000028D8D06FF0320420460DF5DB6DBDE88E
:10784000F0815F073ED5DC063FD5580640D5990646
:1078500041D5EB6A002B41DB06AD29460AA800F0B2
:1078600031F904460028E7D12B68002B39DBE3D03F
:10787000014632460AA800F057F9A8BBB36A9A0736
:1078800002D46FF06504D7E71F0702D46FF06904D4
:10789000D2E7980602D46FF06B04CDE72B68012B7A
:1078A000CAD9324601210AA800F03EF9E0B9B36A0C
:1078B0009907E6D51A07E9D59B06BDD4EBE76FF02B
:1078C0003104B9E76FF03504B6E76FF03904B3E778
:1078D0006FF03B04B0E76FF03D04ADE76FF03E049E
:1078E000AAE76FF00404A7E70446A5E7FFF738BF4F
:1078F00010B50C220021044606F012FA1023237260
:1079000010BD000070B50C46ADF5567D06465422FC
:107910000021204606F004FA4FF0FF33604A46ADDE
:10792000CDE946234FF0FF335E4AC5E90C234FF003
:10793000FF335D4AC5E918234FF0FF335B4AC5E9C1
:1079400024234FF0FF335A4AC5E930234FF0FF3369
:10795000584AC5E93C234FF0FF33574AC5E948234D
:107960004FF0FF33554AC5E954234FF0FF33544AD3
:10797000C5E9602300230022C5E98423337A002B64
:1079800040F0898096E806006846FFF73FF92946EF
:10799000684600F093F9034600287CD12A7A062A2B
:1079A00008D14AAA92E80300226D84E8030042F05D
:1079B0000102226595F83820062A09D104F108024F
:1079C00056A903C982E80300226D42F00202226533
:1079D00095F86820062A09D104F1100262A903C9AA
:1079E00082E80300226D42F00402226595F8982097
:1079F000072A09D104F118026EA903C982E803001D
:107A0000226D42F00802226595F8C820062A09D1A5
:107A100004F120027AA903C982E80300226D42F032
:107A20001002226595F8F820022A06D1D5F8002127
:107A3000E262226D42F02002226595F82821022A96
:107A40000DD1D5E94C206FF0010191424FF00001BA
:107A50008141A1BFA262226D42F04002226595F8E9
:107A60005821072A09D1DDE99E0104F1300282E89C
:107A70000300226D42F08002226595F88821072AD2
:107A800009D1DDE9AA0104F1380282E80300226D80
:107A900042F48072226518460DF5567D70BD00BF18
:107AA00000DBFEFFFFDAFEFF04DBFEFF03DBFEFF71
:107AB00005DBFEFF07DBFEFF06DBFEFF08DBFEFF4C
:107AC000FEDAFEFFF0B5057A04460E468DB0C5B964
:107AD00002AF00970423D0E90001114A00F090F9A9
:107AE000B0B111281AD10097022394E803000D4A7F
:107AF00000F086F940B9049B059A013B134305D178
:107B0000356028460DB0F0BD112807D11225F8E7E1
:107B1000BDF81030002BF9D03360F2E70546F0E7EE
:107B200002DBFEFF01DBFEFF2DE9F0430646007A93
:107B30000D461446E7B0D8B996E80600034602AEF3
:107B400020A8FFF763F832464D4920A800F00AF953
:107B500070B99DF80830042B40F08D809DF80B60C3
:107B60000CAF394620A8FFF777F8024618B1052078
:107B700067B0BDE8F083FB78B3427ED9002D71D1A8
:107B80003B78052B6CD129462C22204606F0C8F8FC
:107B900016AD04F1200818AE294620A8FFF75CF8BE
:107BA0000028E4D16B78022B1AD1D5E90632013BCB
:107BB00042F1FF32062B72F1000211D2052B0FD8D1
:107BC000DFE803F0031C0E2936432B78072B52D134
:107BD00096E80300A36A84E8030043F00103A3626C
:107BE0000DF104094A46294620A800F04BF8002868
:107BF000BDD1FA78019B9A42CED9B9E72B78062BF2
:107C000039D196E8030004F1080383E80300A36A6E
:107C100043F00203E3E72B78072B2CD196E803000F
:107C200004F1100383E80300A36A43F00803D6E7D6
:107C30002B78062B1FD196E8030004F1180383E884
:107C40000300A36A43F02003C9E72B78072B12D166
:107C500096E80300A36A88E8030043F04003BEE708
:107C6000062085E7394620A8013D00F00BF80028E2
:107C70003FF477AF7BE707207AE7112078E700BF72
:107C800002DBFEFF70B50B780646043B012B0D4668
:107C900014468AB00ED869463046FEF7DDFF38B983
:107CA0009DF80330EA789A42F5D904B123600020A8
:107CB0000AB070BD002AFAD0CB78F7E72DE9F0477B
:107CC00001F1300906464B4600208CB0303353E9B1
:107CD00018210A4313D1304602A9FEF7BDFF9DF8D3
:107CE0000880B8F1050F3AD19DF80B309DF80AA035
:107CF0000193019B534505D84FF0000812E003F8AB
:107D0000580CE3E7304602A9FEF7A6FF50B99DF8EC
:107D10000930022B0AD0304601AA02A9FFF7B2FFB0
:107D20000028E6D040460CB0BDE8F0874F46DDE9BC
:107D300008CE57E90C2352EA0301ECD09E4508BF58
:107D400094450AD1A7F1280402AD0FCD0FC40FCD81
:107D50000FC495E8030084E803003037E9E74FF0EB
:107D60000608DFE7F0B58BB00E46694605461446B7
:107D7000FEF772FF9DF80030052B1FD1F717214643
:107D80002846FEF769FF10B105200BB0F0BD6378FF
:107D9000022B05D1D4E90623BB4208BFB242F4D07E
:107DA000002221462846FFF76DFF0028ECD1E2783B
:107DB0009DF803309A42E2D21120E6E70620E4E77C
:107DC00070B5CB1798B0CDE90013144600230022FC
:107DD0006946CDE90C23FFF771FF064658B99DF8B7
:107DE00008305BB102AD0FCD0FC40FCD0FC495E8C5
:107DF000030084E80300304618B070BD1126FAE78E
:107E000070B5D2B016461D46CDE9000130B3DDE9AC
:107E1000001200230CA802ACFEF7F8FE3146224601
:107E20000CA8FFF7CDFF064640B90CA8FFF79EF857
:107E3000064630B1082814BF05260626304652B043
:107E400070BD2378AB420BD10FCC569D0FC50FCC24
:107E50000FC594E8030085E80300EFE70A26EDE785
:107E60000726EBE70000000030B5EFB002AD044696
:107E700085E8060004A8002119F0EDFB0BA3D3E967
:107E8000002304A819F00AFC0023009304A8234649
:107E900095E8060019F008FC30288EBF0320024B3D
:107EA000185C20726FB030BD9C71060C5D81FF7F45
:107EB0000000000001464FF0082001F097BF0000CD
:107EC0000146014801F092BF09010008014601483E
:107ED00001F08CBF090300080146014801F086BF8C
:107EE0000902000810B5044602F0CCFD003818BFA6
:107EF0000120207010BD02F025BD000003461422B1
:107F00004FF41050014900F06DBB00BF0041400428
:107F100003460C224FF41050014900F063BB00BF30
:107F20000041400407B580230090044A4FF41050EC
:107F3000034900F059FD03B05DF804FBED71060C38
:107F40000041400407B580230090044A4FF41050CC
:107F5000034900F049FD03B05DF804FBED71060C28
:107F60000044400407B580230090044A4FF41050A9
:107F7000034900F039FD03B05DF804FBED71060C18
:107F80000012C00407B54FF480730090044A4FF408
:107F90001050044900F028FD03B05DF804FB00BF59
:107FA000CD71060C0010C00407B580230090044A70
:107FB0004FF41050034900F017FD03B05DF804FBC7
:107FC000ED71060C0010C00407B580230090044A30
:107FD0004FF41050034900F007FD03B05DF804FBB7
:107FE000ED71060C0011C00407B580230090044A0F
:107FF0004FF41050034900F0F7FC03B05DF804FBA8
:10800000ED71060C0040400410B50446024807F02C
:10801000F9FA0023237010BDB628060C0246002191
:10802000014802F033BB00BF0906000601460148C3
:1080300002F0C4B9090700060146014802F0D0B8B1
:10804000000200070146014802F0CAB80903000710
:108050000146014801F042BE0000020930B501238B
:10806000102585B00446CDE90053029080234FF4DB
:108070001050084A084901F091F900234FF41050BC
:10808000CDE90053034A80230349029401F086F9A5
:1080900005B030BDED71060C000148051FB5102379
:1080A00001220290CDE900324FF410508023034AA0
:1080B000034901F073F905B05DF804FBED71060C9E
:1080C0000002500530B50123102585B00446CDE9E6
:1080D0000053029080234FF41050084A084901F0E1
:1080E0005DF900234FF41050CDE90053034A80237B
:1080F0000349029401F052F905B030BDED71060C50
:108100000001500501F04ABD01F00EBD03464FF4D9
:1081100080720249024801F031B800BFCD71060CEF
:1081200008008003034680220149024801F026B876
:10813000ED71060C09008003024602494FF4885095
:1081400000F0C2BF050080030146014800F036BFC1
:10815000090000020146014800F030BF080000029B
:108160000146014800F016BF050000020346102238
:108170004FF48850014900F0AFBE00BF0011C004A9
:10818000034610224FF41050014900F0A5BE00BF75
:108190000900800301F094BC01464FF4105000F038
:1081A00075B9000070B50446214A8CB002AB02F1EB
:1081B00010061D4610685168083203C5B2422B46AE
:1081C000F7D1182200210DEB020005F0A9FD0123D3
:1081D00008934FF410531022ADF8183002A901ABE8
:1081E00006A805F099FE40B1234640F20622114947
:1081F0001148FDF77BF80CB070BD042240F2D1703D
:108200000DEB020105F0DBFD883005D0234640F27E
:108210000F2208490948ECE7019805F0A9FE00285B
:10822000E9D0234640F2162202490548E1E700BFA3
:108230009929060CDA28060C3429060C4929060C63
:108240008229060C0346252201490248FDF740B861
:108250009C8A0330A929060C10B504461822002177
:1082600005F05EFD204610BD0368D90444BF43F409
:10827000806303609A0444BF43F400630360704763
:1082800003463038C0B209280DD9A3F16102052A8E
:1082900002D8573BD8B27047A3F14102052A01D852
:1082A000373BF7E70020704770B505461446114488
:1082B0008C4205F1020500D170BD15F8020CFFF7E4
:1082C000DFFF064615F8010CFFF7DAFF00EB06109A
:1082D00004F8010BECE700002DE9F0414FF0000835
:1082E00098B004460F461546414616220DF10A0085
:1082F0001E46CDF8008005F013FD4FF4884308A812
:108300000893CDF80480FFF7AFFF089B2146049344
:10831000364B102205934FF4105302A8ADF80830E5
:108320006B4605F0F9FD014658B1314807F06AF98E
:108330006FF08304009805F01BFE204618B0BDE8DE
:10834000F0814FF0082101A806F088FD044620B115
:108350000146284807F056F9ECE72A2101A806F063
:10836000A1FD044638B10146234807F04BF901A8A6
:1083700006F07AFCDEE740F20111009A01A806F04F
:108380004FFC044610B101461C48EEE720233A4654
:1083900040F2012101A806F0A5FD044610B10146F6
:1083A0001748E2E765B15EB131232A4640F2062163
:1083B00001A806F097FD044610B101461148D4E724
:1083C0002A2208A901A806F007FC044610B10146BC
:1083D0000D48CAE72A221E9908A805F023FC0028A8
:1083E000C5D00A4807F00EF9C1E700BF0002C0037C
:1083F000EB33060C0B34060C2F34060C4F34060CF2
:108400006D34060C8D34060CAF34060CD834060CD3
:108410002DE9FF478C461446451E02EB410E74457C
:1084200005D1002302F81C3004B0BDE8F087E9460E
:108430006F4615F8016F144B360903F11008CA4650
:10844000186859680833AAE803004345D146F6D1B5
:1084500006F110030DEB030616F8103C0A4E2370CC
:108460002B7803F00F03B946306871680836A9E825
:10847000030046454F46F6D110336B4413F8103CC9
:10848000023404F8013CCAE7F334060C0023F0B5CB
:1084900005460C4699B00193474B04AA03F1100717
:1084A000164618685968083303C6BB423246F7D1EE
:1084B0001022002108A805F033FC00230CA8029329
:1084C000FFF7CAFE12A8FFF7C7FE012303A8039314
:1084D000FFF7CAFE1022039B0DEB02010E930CA8BE
:1084E00001ABADF8305005F017FD38B123465122ED
:1084F00032493348FCF7FAFE19B0F0BD019812A9D1
:1085000005F054FD20B1234657222C492D48F1E7B0
:10851000BDF84A30802B04D023465C2227492A48E4
:10852000E8E7BDF84830AB4204D023466122234936
:108530002648DFE712A806F025FD1022019802ABBD
:1085400008A905F055FD20B123466D221B4920489E
:10855000D0E7029B102B04D02346722217491D48F6
:10856000C8E708AB04AA13F8015B12F8011B8D429F
:1085700004D02346792211491748BBE7013010285F
:10858000F1D1019805F0F4FC054620B12346802284
:108590000A491248AEE7019812A905F007FD883094
:1085A00004D02346862205490D48A3E712A806F009
:1085B000E9FC2570A0E700BF9929060C0435060CDC
:1085C0004C35060C6235060C7D35060CAF35060CB5
:1085D000DE35060CF435060C2C36060C5836060C27
:1085E0007136060C2DE9F0431C46002306460F4663
:1085F000ADB0CDE903330593A54B154603F1100E3D
:1086000008AA9446186859680833ACE80300734513
:108610006246F6D106F4E043B3F5005F09BF4FF0C0
:1086200001084FF00008C6F3022308FA03F8994B3B
:108630000CAA03F1100E9446186859680833ACE888
:10864000030073456246F6D1934B10AA03F1100E56
:108650009446186859680833ACE8030073456246CD
:10866000F6D14FF0000918682022CCF800004946E6
:108670001CA8CDF8549005F053FB4946202224A8AD
:10868000CDF8189005F04CFB16A8FFF7E5FD39462C
:10869000304605F013FC40B92346A7227F498048A5
:1086A000FCF724FE2DB0BDE8F083B8F1100F04D024
:1086B0002346AF2279497B48F2E7182D04D9234697
:1086C000B42276497848EBE74FF4407307A884F862
:1086D00000900793FFF7C8FD079B4246CDE9183786
:1086E00008A905AB16A8ADF8586005F015FC20B137
:1086F0002346C22269496D48D2E7059816A905F0BC
:1087000055FC80B12346C82264496948FCF7EEFD58
:10871000059805F02DFC0028C4D0234640F2B9127C
:108720005E496448BCE7BDF85A30802B04D023462C
:10873000CD225A496048E9E7BDF85830B34204D029
:108740002346D22255495D48E0E73A46059903A8F9
:1087500005F0BCFC50B18630234603D1DA224F49E4
:108760005748D3E7DC224D495648CFE742460CA98B
:1087700003A805F089FC80B12346E422474952480A
:10878000FCF7B4FD03A805F01BFD0028C0D023466C
:1087900040F2B31241494D48B8E706AE0F2D01969D
:1087A0002CD84FF020082A46CDF8008024AB10A921
:1087B00003A805F0D7FC20B12346F12237494448ED
:1087C000DEE7069B23B12346F92234494148D7E727
:1087D0003346424624A903A805F014FD28B12346D8
:1087E0004FF481722D493C48CAE7069B102B35D0C7
:1087F000234640F2071229493848C1E720231022B6
:10880000009310A924AB03A805F0ACFC18B12346D3
:1088100040F21312D2E7DDF81880B8F1100F03D040
:10882000234640F21912D0E7CDE9008628AB05F0C7
:108830000F0214A903A805F095FC18B123464FF4C4
:108840009272BBE7069B1BB123464FF49572BCE7BF
:108850003346424628A903A805F0D4FC3A460599B8
:1088600004A805F059FC18B1234640F23D127AE7FE
:1088700010220CA90DEB020005F006FC90B3234674
:1088800040F2471205491648FCF730FD04A87AE784
:108890009929060C4039060C4C7F060C0435060C51
:1088A0008E36060CCD36060CFD36060C4C35060C05
:1088B0006235060C8229060C7D35060CAF35060C98
:1088C0002E37060C5C37060C8537060C2339060C50
:1088D000B937060CE337060C1838060C3E38060C80
:1088E0007338060C2027102206AE0F2D0196009734
:1088F0001CAB24A90DEB020026D805F033FC28B1EF
:1089000023464FF4AB7232493248BDE7069B2BB188
:1089100023464FF4AE722E492F48B5E733463A4608
:108920001CA904A805F06EFC28B1234640F265128C
:1089300027492A48A8E7069A95423BD023464FF498
:10894000B57223492448E1E605F00CFC28B1234622
:108950004FF4BB721E49224896E7069B1BB1234683
:108960004FF4BE72D7E71022CDE900761CAB28A9E0
:108970000DEB020005F0F6FB18B1234640F2891218
:10898000C1E7069A102A03D0234640F28F12C2E7AD
:10899000334620A904A805F035FC18B1234640F25F
:1089A0009912C5E7069A1032954203D0234640F249
:1089B0009F12C6E71CA910A805F034F900283FF45F
:1089C000A7AE234640F2A712014906489EE600BF23
:1089D0000435060C9738060CC138060C1838060CFE
:1089E000B937060CF638060C2DE9F04FD5B0CDE9B5
:1089F00004320023CDE90633089300F4E043B3F5D5
:108A0000005F80460D465E9C17D10127C0F302230C
:108A100010F4E06F07FA03F70FD0A64A21F4807331
:108A2000934216D002F50072914212D0A24A9142AE
:108A30000FD0A2F53F4293420BD042F20403984577
:108A400002D19E4B9D423AD09D4FBD420CBF0D2797
:108A50000027102200210AA805F062F9994B14AEF4
:108A600003F1300C324618685968083303C2634575
:108A70001646F7D14FF0000A4022002120A80DF53C
:108A8000807905F04DF90EAE514650224846CDF89A
:108A900024A005F045F93046FFF7DEFB29464046A5
:108AA0000DF1240B05F00AFA58B9234640F263424F
:108AB00085498648FCF71AFC55B0BDE8F08F0C27B5
:108AC000C7E7102F05D923464FF48D627E498048B1
:108AD000F0E74FF4407384F800A030A83093FFF71C
:108AE000C3FB309B0DF1200AC6E90235049B3046DA
:108AF000DA1D05995346D208A6F8008005F00CFA55
:108B000028B123464FF48F626F497248D2E731464D
:108B1000DAF8000005F04AFA90B1234640F27E42AE
:108B200069496D48FCF7E2FBDAF8000005F020FA2D
:108B30000028C1D0234640F27C5263496748B9E718
:108B40007388049A9A4205D0234640F283425E49D4
:108B50006348E7E73388434505D023464FF49162E5
:108B600059496048DEE7304606F00CFA5023CDE95B
:108B70000093CDF808B030232946DAF8000014AA93
:108B800006F0E8F8064660B18636234604D14FF475
:108B900093624D495448C5E740F29A424A495348C6
:108BA000C0E7DBF8002009EB0701D21B30A805F075
:108BB00092F84B46CDF810900AAAB74218D14FF060
:108BC00040090DF1240820AECDF80880CDF80490BE
:108BD00000962946D8F80030DAF8000040AA06F0DE
:108BE000E5F858B123464FF496623749404899E773
:108BF00013F8011B013602F8011BDEE7D8F800204C
:108C0000302A05D0234640F2B5422F49394889E73A
:108C1000314614A805F006F8804628B1234640F2F4
:108C2000BC42294934487DE70146502240A805F05E
:108C300077F84A464146304605F072F82A46DAF897
:108C4000001006A805F042FA50B18630234602D142
:108C500040F2CD429DE740F2CF421B49274861E7F1
:108C6000274B9D4269D03A460AA906A805F00CFA9E
:108C7000002862D023464FF49B6213492148FCF739
:108C800035FB06A805F09CFA00283FF44DAF2346BB
:108C900040F276520C491C4844E7D8F80030102BBB
:108CA00036D0064A954233D023464FF49E62064999
:108CB0001648E4E70010C00400FF400400018004EF
:108CC0000013C004DD3A060C0435060C8E36060C83
:108CD0005039060C4C35060C6235060C8229060C00
:108CE0007D35060CAF35060C2E37060C8B39060C7D
:108CF000B539060CDF39060CF638060C5C37060C65
:108D0000004440048537060C2339060CF839060C5C
:108D1000A9F1100919F1300F1E4413D14346C6F1D1
:108D200040020BEB060106A805F06CFA10B32346CF
:108D300040F2FF425B495C48A1E74FF000094E4614
:108D40000DF5807BC6F140030DF1240814A90093B2
:108D50001022CDF804800BEB0603A1EB090106A855
:108D600005F000FA002898D0234640F2E7424D492A
:108D70004E4884E74E4AD8F80030954207D1102B70
:108D80000FD023464FF4A16246494A4877E743B1E2
:108D9000494A954205D0234640F20D524149474881
:108DA0006DE703EB06094A4640A930A804F03AFFF4
:108DB00028B1234640F21B523A494148B2E62A46BE
:108DC000DAF8001007A805F0A7F9064618B12346FF
:108DD00040F2235241E73B4B9D4212D03A460AA94A
:108DE00007A805F051F940B1234640F22E522D4913
:108DF0003548FCF77BFA07A844E72D4EAB1B5E42D3
:108E00005E4100270DF1800B23E00B46CDE90028E1
:108E10000499102207A805F0A5F928B1234640F2CD
:108E2000465220492948E4E7D8F8003056B9102BBB
:108E300008D0214A954205D0234640F24B521949A9
:108E40002348D6E700261F44049BA9F110091033DC
:108E500004930BEB0701C7F14002B9F1000FD4D125
:108E6000434607A805F0CEF928B1234640F25B52ED
:108E70000C490D48BDE7D8F800203A44302A05D007
:108E8000234640F26452074912484BE6594614A85B
:108E900004F0C8FE00283FF447AE234640F26B5270
:108EA000BFE600BF0435060C1838060CB937060CAF
:108EB00000414004213A060C000180044C3A060CA3
:108EC0007A3A060C004440047338060C9738060CB6
:108ED000E337060CAF3A060CF0B507460D461C46C4
:108EE000002399B002A81646CDE90033FFF7B4F984
:108EF0002946384604F0E2FF40B1234640F28E5244
:108F00001F492048FCF7F2F919B0F0BD4FF4407347
:108F100008A80893FFF7A8F9089B32464121CDE93C
:108F20000435ADF8087004F0FBFE324601AB08A929
:108F300002A804F0F1FF28B1234640F29D521049E7
:108F40001148DFE72A466846019905F0BFF850B995
:108F5000234640F2A4520A490C48FCF7C7F901988D
:108F600005F006F8D0E7019805F002F828B123468D
:108F700040F2AC5202490648C4E72070C4E700BF83
:108F80000435060C0D3B060C4C35060C4C3B060C10
:108F90008229060C10B50C4604F06AFF40B1234646
:108FA000BDE810404FF4B76202490348FCF79EB990
:108FB000207010BD0435060C7C3B060C0023F0B578
:108FC00085B005460C46039304F052FF40B9234692
:108FD00040F2F4522F493048FCF788F905B0F0BD53
:108FE000294603A805F03CF948BB19222B4903A8E0
:108FF00005F05AF948BB2022294903A805F054F985
:1090000018BB284B9D4226D1EAB242F0007202F111
:109010007E42033A102A8CBF0027234B234E98BF71
:109020009F5C06EB80163A46314603A805F08CF9A2
:10903000E0B1234640F2126216491D48CCE72346B0
:1090400040F2FC5213491B48C6E7234640F2066231
:1090500010491948C0E7194B9D4205D01848854270
:1090600014BF03200220CFE70120CDE70B4804F016
:1090700029FE3346024609492846009705F0BAF909
:1090800028B1234640F21C6202490E48A4E7207032
:10909000A4E700BF0435060CB53B060CF23B060CFA
:1090A0000B3C060C08000002FD71060C3C7E060C11
:1090B0007C3C060C2C3C060C533C060C09000002C0
:1090C0000A000002A63C060CF0B50D4600218FB048
:1090D000074614460DF122001622CDE9011104F0D5
:1090E0001FFE214B04AA03F1100C1646186859689C
:1090F000083303C663453246F7D1002323704FF48B
:10910000005303A80393FFF7AFF81022039B0DEB66
:109110000201CDE90A3508A801ABADF8207004F0D2
:10912000FBFE40B123464FF4C76210491048FCF7DC
:10913000DDF80FB0F0BD2A46019902A805F082F9CA
:10914000863006D0234640F23F6208490948FCF7C2
:10915000CDF8019804F00CFF0028EAD0234640F235
:10916000466202490448E2E79929060C0435060CD8
:109170004C35060CC63C060C5836060C2DE9F0435F
:109180000025A5B0074608A80E4690461C46CDE926
:1091900005550795FFF760F80EA8FFF75DF84FF447
:1091A00040530DF15009484625701493FFF75CF8C1
:1091B000149B08F10702CDE90A374FF48853314672
:1091C000ADF82030D20806AB08A804F0A5FE48B1DF
:1091D00023464FF4D2625E495E48FCF787F825B01B
:1091E000BDE8F08306980EA904F0E0FE054688B1BC
:1091F000234640F2966256495748FCF777F806989E
:1092000004F0B6FE0028EAD0234640F2EE62504950
:109210005248E2E7BDF83A30984505D0234640F27F
:109220009B624B494E48E8E7BDF83830B3F5885F9C
:1092300005D023464FF4D46245494A48DDE70EA8DD
:1092400005F0A0FE2B46FEB2474A46F0007652F8E3
:10925000041BB1421ED1B8F5807F18BF434A444871
:1092600014BF02EB8318DFF80C81069D04F02AFD81
:1092700005AA029240220346CDE9009239462846CB
:109280003B4A05F013FD38B1234640F2B562304940
:109290003948B2E70133DAE741464846059A04F017
:1092A000C1FC054628B1234640F2BC622849334838
:1092B000A3E72F48DDF8189004F004FD06F17E4680
:1092C000033E102E98BF2E4A034698BF955D39463F
:1092D0004846CDE90085264A05F014FD28B123460D
:1092E00040F2C6621A49274887E73A46069907A816
:1092F00005F0A8F8C8B919221D4907A805F0C8F853
:1093000000BB2022204907A805F0C2F8D0B92A46A0
:10931000414607A805F0DEF800283FF470AF234669
:1093200040F2E7620A49194867E78630234609BFD9
:1093300040F2CF6240F2D362054915481CBF044990
:1093400014485AE7234640F2DD620149124854E7C7
:109350000435060C4C35060C6235060C5836060CE6
:109360007D35060CAF35060C3C7F060C3C7D060CAB
:10937000FB3C060C207D060C353D060C673D060CBB
:10938000FD71060C943D060C143D060C073E060CC0
:109390002E37060CC63D060CEC3D060C2DE9F04FB1
:1093A0004FF00009ADF5217D9246B54A98469DF8EB
:1093B000AC3207460D46106851680B9316AB03C3D9
:1093C0009068B0491860442230A8CDE90F99AA9E50
:1093D000AC9CCDF8449004F07EFCAB4BCDE94199B8
:1093E000CDF80C9125AA03F1280E94461868596807
:1093F0000833ACE8030073456246F6D14FF000092C
:1094000019889B78ACF800108CF80230602200219B
:1094100058A804F085FC5022002144A804F080FCE8
:109420006022002170A804F07BFC19A8CDE91299F4
:10943000FEF712FF1FA8FEF70FFF07F4E04B6022B4
:10944000494688A804F06CFCBBF5005F45D107F4E1
:10945000E063B3F5806F40D185F0AA6383F4807335
:1094600033F47E1344D085F0AA6383F4007333F49D
:109470007E133DD0CDF82890002314930B9B002B36
:109480003CD1502230A958A804F025FC6CAB0C93B9
:10949000002323704FF4407315A81593FEF7E4FEE4
:1094A00003680DF1640C0DF1440908F10702CDE9E0
:1094B0001B3551464B466046D208ADF8647004F047
:1094C0002BFDE8B1234640F2357270497048FBF736
:1094D0000DFF0DF5217DBDE8F08F42F204039F42A0
:1094E0000AD185F0052383F4801333F47E1303D16E
:1094F000C5F305430A93BFE70023FBE784ABC6E748
:109500000DF17C0A5146D9F8000004F04FFD38B146
:10951000234640F23B725D495E48FBF7E7FEEAE016
:10952000BAF80230984505D023464FF4E86257490F
:109530005948F2E7BAF80030BB4205D0234640F262
:10954000457252495548E8E7504605F01BFD0B9B14
:1095500013BB58AB9846099360230593099B0DF103
:10956000480A04935023CDE902832B23019325ABB2
:109570000093CDF818A016AA0C232946D9F80000AC
:1095800004F0D0FF024688B18632234609D14FF459
:10959000EC623E494248C0E770AB09930DF1C00848
:1095A000DAE740F2647239493E48B6E7BBF5005F3E
:1095B0001CD107F4E063B3F5806F17D185F0AA637F
:1095C00083F4807333F47E131BD085F0AA6383F495
:1095D000007333F47E1314D0DAF80030934216D0BF
:1095E000234640F26A7229492F4896E742F2040363
:1095F0009F420AD185F0052383F4801333F47E1350
:1096000003D1C5F305425032E6E70022E4E7602AC1
:1096100005D9234640F272721C4924487DE7099916
:1096200088A804F058FB0B9B03BB4346DDF824A03D
:1096300050224FF02B09CDE904A2129A13AFCDE9C5
:10964000023225AB00930DF1440B0697CDF8049040
:109650000C232946DBF8000016AA04F0B3FF48B338
:109660008630234606D14FF4F16292E70DF5887AF1
:1096700070ABDDE740F28A7204490D484DE700BF48
:10968000C241060C647F060CCE41060C0435060C64
:109690004C35060C6235060C7D35060CAF35060CD4
:1096A0002E37060C313E060C523E060C833E060C4D
:1096B000BD3E060C3F68502F05D0234640F2917204
:1096C000A949AA4829E73A46514630A804F0AAFA1F
:1096D00028B123464FF4F362A349A5481DE72A4663
:1096E000DBF800100FA804F0BDFFB0B186300ED13A
:1096F000A04805F087FF119804F03AFC00283FF4D9
:10970000E8AE234640F6A70297499B48DFE623468A
:1097100040F2A97294499948FFE63A4649460FA893
:1097200005F00EF8E0B1964B25F47E159D420FD161
:1097300086300DD1934805F065FF0FA805F002F9BA
:109740000028D8D0234640F2C17287498E48E4E60B
:10975000234640F2BD7284498C48FBF7C7FDECE715
:109760000C2216A90FA804F0C9FFD0B1884B25F42C
:109770007E159D420DD186300BD1864805F042FF03
:109780000FA805F0DFF80028B5D0234640F2D772C5
:10979000DBE7234640F2D37273497F48FBF7A6FD0F
:1097A000EEE74A4625A90FA804F0ECFF78B17B4804
:1097B000234640F2E1726C49FBF798FD0FA805F0D3
:1097C000C1F8002897D0234640F2E472BDE70B9B16
:1097D00023B93A4630A958A804F07DFA06F14F03A0
:1097E000B3FBF6F34FF0000B7343B3FBF6F3D9462C
:1097F0000D930DF1480A099BC9F1600203EB0901C1
:109800000D9B5B451BD10A9B14AF01930C9B0297E8
:1098100000930FA8534605F017F8A8B360482346F5
:1098200040F618025049FBF761FD0FA805F08AF8D1
:1098300000283FF460AF234640F61B0285E7BE4296
:109840000B46CDE9002A414632460FA828BF3A46CA
:1098500004F0C4FFBF1BB04480B15248234640F619
:1098600005024149FBF742FD0FA805F06BF80028FF
:109870003FF441AF234640F6080266E7DAF80030CD
:109880000BF1010B9944B6E7DAF800303A6809EBBE
:1098900003080DF508790C9909EB080004F0C2F9EA
:1098A00028B1234640F626022F493F4835E6424676
:1098B0004846099904F0B6F928B1234640F62F022C
:1098C00029493A4829E62A46119910A804F0F0FEE1
:1098D00028B1234640F63702234935481DE6502279
:1098E0002B2110A804F02CFF80B1284823464FF408
:1098F00004621D49FBF7FAFC10A805F023F80028C4
:109900003FF4F9AE234640F643021EE70C2216A9A7
:1099100010A804F0F3FE80B11F48234640F64B0226
:109920001149FBF7E3FC10A805F00CF800283FF400
:10993000E2AE234640F64E0207E72B2225A910A8E7
:1099400004F020FFB0B31548234640F658020649FC
:10995000FBF7CCFC10A804F0F5FF00283FF4CBAED9
:10996000234640F65B02F0E60435060CDE3E060CAC
:10997000F638060C113F060C8229060C763F060CC1
:1099800000014005993F060C2339060CFC3F060CEC
:10999000000240051240060C7340060C8740060C7E
:1099A000A640060CB937060CCA40060CF840060C57
:1099B0003141060C0B9B83BB0DF5B07A751E4544F7
:1099C000B5FBF6F54FF0000B75435F46B5FBF6F5BA
:1099D00009990DF14C095D450AEB0700C7F15002EA
:1099E0001ED10A9B014601930C9B10A800934B4685
:1099F00004F06AFF00283AD02D48234640F68B0237
:109A00002C49FBF773FC10A804F09CFF00283FF4DE
:109A100072AE234640F68E0297E60DF5887ACDE7C2
:109A200046450346CDE9002910A8324628BF4246E4
:109A3000099104F0D3FE0999A8EB0608314480B1DE
:109A40001D48234640F679021A49FBF74FFC10A83F
:109A500004F078FF00283FF44EAE234640F67C0227
:109A600073E6D9F800300BF1010B1F44B3E7D9F8C6
:109A700000203A44502A10D01048234640F6950260
:109A80000C49FBF733FC10A804F05CFF00283FF4FE
:109A900032AE234640F6980257E6514630A804F00D
:109AA000C1F800283FF427AE23464FF40A6213E6BC
:109AB0006641060C0435060C4E41060C8941060C25
:109AC00030B500258FB0044608A8FEF7C5FB132269
:109AD000294603A8019504F023F94FF4807302A8E6
:109AE0000293FEF7C1FB029B13220A930B4B03A9BF
:109AF0000B934FF4105308A8ADF8203001AB04F0DD
:109B00000BFA873008D0234640F6E702044905489F
:109B1000FBF7ECFB0FB030BD2570FBE700404004C5
:109B20000435060CF941060C10B588B0044602A8AD
:109B3000FEF792FB049B2BB123464FF410621349AE
:109B4000134806E0059B4BB1234640F606120F4929
:109B5000104808B0BDE81040FBF7C8BB012301A8BE
:109B60000193FEF781FB019B012B03D0234640F6B6
:109B70001112E4E7039B2BB123464FF41262034911
:109B80000548E6E7237008B010BD00BF0435060C99
:109B90003342060C4A42060C6542060C70B500259D
:109BA00092B004460CA80195FEF756FB404B029577
:109BB00004AA03F11006154618685968083303C54E
:109BC000B3422A46F7D100223A4B22701E6806F0B3
:109BD000FE41B1F1806F04D1002A49D10122043342
:109BE000F4E70132D2B2072AF9D1002232493348D0
:109BF00005F008FD5AE02A46029901A804F066FA29
:109C000088B1234640F661122D492E48FBF76EFBC2
:109C1000029804F0ADF9002848D0234640F67D12A2
:109C20002749294840E001A804F0CAFA28B1234690
:109C300040F6671222492548E8E73246029901A812
:109C400004F044FA853005D0234640F66E121C49D4
:109C50001F48DBE71022029803AB08A904F0C8F9FB
:109C60008530D5D0234640F6761215491948CDE700
:109C70004FF4407308A80893FEF7F6FA089B1022E9
:109C80000E934FF410530C4DADF830300DEB020134
:109C900002AB0CA80F9504F03FF90028ABD0234687
:109CA00040F65A1206490C48FBF720FB12B070BD73
:109CB0009929060C007D060C004040045B43060C0D
:109CC0000435060C9A42060C4543060CBB42060CB2
:109CD000DC42060C0E43060C8342060CF0B500264F
:109CE00005468FB00C461822314608A8049604F0A9
:109CF00017F825F47F03B3F1106FCDE9056608D09E
:109D0000234640F62F222E492E48FBF7EFFA0FB0DC
:109D1000F0BD4FF4804307A80793FEF7A5FA079B11
:109D20002022CDE90A3547F212132749ADF8203039
:109D30000DEB020004AB04F0EFF828B1234640F627
:109D40003B221F492148E0E764222149049806ABE1
:109D500004F074F950B1234640F6452218491D48D5
:109D6000FBF7C4FA049804F003F9D0E730271A4E41
:109D700005AB02932846069B154A04990197009665
:109D800005F040F828B1234640F651220C4913480B
:109D9000E6E7059B202B05D0234640F656220849CE
:109DA0000F48DDE73A4630460E4903F03BFF28B145
:109DB000234640F65E2202490B48D1E72070D1E7E6
:109DC0000435060CA743060CDE7C060CCB43060CC0
:109DD000B8C30330EB43060C88C303301744060CAA
:109DE0004644060C0C7C060C7244060C2DE9F04728
:109DF0004FF000080546CCB018220C460DA841468D
:109E0000CDF80880CDF80C8003F08AFF4146182277
:109E100013A803F085FFB5F1082F4FF010024FF0A3
:109E2000A501AE4807BF4FF410584FF4884AA94621
:109E30004FF4905814BF4FF4804ADFF8A49203F017
:109E40006FFF0822A521A74803F06AFF0822A62178
:109E5000A54803F065FF0822A721A44803F060FF8E
:109E600000233FA80493CDF8FCA0FEF7FDF93F9B2B
:109E700002AECDE90F391022334698490DA803AF41
:109E8000ADF8348004F048F848B1234640F63E323D
:109E900097499848FBF72AFA4CB0BDE8F087294665
:109EA00004A804F0DBFF78B1234640F64432904921
:109EB0009148FBF71BFA306804F05AF8386800281C
:109EC000EAD004F055F8E7E78C4B25F4FF7222F056
:109ED00001029A422ED108234FF40171834A04A84B
:109EE00005F000F850B1234640F64F3280498448CF
:109EF000FBF7FCF904A804F0B7FEDCE740F201111F
:109F0000326804A804F08CFE28B1234640F657328C
:109F100077497C48ECE7082340F20121714A04A804
:109F200004F0E0FF00286BD023464FF436627049FE
:109F30007548DDE7754B25F0FF029A4227D10823CB
:109F400040F20221694A04A804F0CCFF28B123465C
:109F500040F6693266496E48CAE740F2011132683C
:109F600004A804F05DFE18B1234640F67132CFE735
:109F7000082340F203215B4A04A804F0B3FF002841
:109F80003ED0234640F67A3259496248B0E7B5F1EF
:109F9000082F2FD1202104A804F084FF28B12346E4
:109FA0004FF4386252495C48A2E740F2011132682E
:109FB00004A804F035FE18B1234640F68832A7E71E
:109FC000082340F20121474A04A804F08BFF18B18E
:109FD000234640F69132AAE7082340F20621424A7E
:109FE00004A804F07FFF58B1234640F69A32404956
:109FF0004A487DE7234640F69E323D49484877E788
:10A000004FF480733FA83F93FEF72EF93F9B3A46EB
:10A010001593444B04A91693434B13A8139304F0D0
:10A0200089FF28B123464FF43B6231493F485FE73F
:10A03000B5F1082F01D020705CE7012323703C4B61
:10A040000DF1140C03F110056246186859680833C5
:10A0500003C2AB429446F7D1364B0DF1640C03F1C9
:10A06000200E624618685968083303C27345944647
:10A07000F7D1314B3FAA03F1300E94461868596866
:10A080000833ACE8030073456246F6D129AA90462E
:10A090001B788CF80030294B03F1280E9446186881
:10A0A00059680833ACE8030073456246F6D11B8853
:10A0B0002348ACF8003005F0A5FA3123CDF8008034
:10A0C0003FAA19A905A8FEF707F900283CD02346A6
:10A0D00040F6F12206491B480AE700BF78C3033067
:10A0E0000002C00370C3033068C3033060C3033091
:10A0F0000435060CA744060CBF44060C00020008F9
:10A10000E444060CF944060C0D45060C0001000859
:10A110002345060C3845060C4D45060C6445060CD7
:10A120007C45060C00404004002400019D45060CBF
:10A130006A46060C7B46060C9C46060CCE46060C70
:10A14000B245060CE745060C1E4B0DF1240C624689
:10A1500018685968083303C2AB429446F7D11A4BCA
:10A1600021AA03F1200C154618685968083303C565
:10A1700063452A46F7D134AA9046144B03F1280CC4
:10A18000154618685968083303C563452A46F7D150
:10A190001B880F482B8005F035FA0023CDF800808E
:10A1A0001A4621A909A8FEF797F828B1234640F6D8
:10A1B0000E32084908489BE62070084805F022FA4C
:10A1C00098E600BF6A46060C7B46060CB47F060C78
:10A1D000F845060C0435060C3046060C4146060CC4
:10A1E00000232DE9F04706460C46EAB00793644B7E
:10A1F00007AF10AA03F1300C1546186859680833E8
:10A2000003C563452A46F7D11B7831222B70002500
:10A210001DA829460DF12408089503F081FDC8F812
:10A2200000500AAD2846FEF717F84FF440732AA8ED
:10A230002A93FEF719F8036826F0FF02C5E90236F3
:10A24000504B0DF120099A4203D0A3F580739E4232
:10A2500010D147F201034FF495622B8028463B460C
:10A26000494903F059FE78B1234640F65642474922
:10A27000474804E0234640F64E4244494548FBF730
:10A2800035F86AB0BDE8F087284604F07BFE294621
:10A29000386803F08BFE38B1234640F65D423B49F7
:10A2A0003D48FBF723F81FE06B88B3F5006F05D03E
:10A2B000234640F6634235493848F2E74FF480734D
:10A2C0000DF1A80ACDE9010A0393CDF81090009092
:10A2D00031233146386810AA04F0FEFBA8B186305D
:10A2E0000DD12F4805F08EF9386803F041FE0028A3
:10A2F000C7D0234640F6964224492A48BFE7234662
:10A3000040F66F4221492848CBE76A88D9F8001007
:10A310000732B1EBD20F4FEAD20305D0234640F605
:10A3200078421A492148BCE731221DADCDE901052B
:10A330000392CDF81080009052463146386804F000
:10A340000BFC28B123464FF4486210491848A8E78F
:10A35000D8F80020312A05D0234640F685420B4923
:10A3600014489EE7294610A803F05CFC28B1234658
:10A3700040F68C420549104893E72070B4E700BFCF
:10A380004B48060C000300076477060C0435060CE6
:10A390004C35060CF946060C2547060C5247060CB0
:10A3A0007947060C8229060CD147060CF047060CAB
:10A3B0000C48060C2F48060CF638060C2DE9F04F19
:10A3C0000C460021D5B01822064609A8049103F0D6
:10A3D000A7FC994B04AD17AA03F1280C174618687F
:10A3E0005968083303C763453A46F7D118689B8814
:10A3F0004FF04009BB80386000270DF18C084A46B9
:10A400000021404603F08CFC3946412243A80597C1
:10A4100003F086FC394620220FA8069703F080FC43
:10A4200039464A4633A8079703F07AFC3946277025
:10A430004A4633A803F074FC2022804933A803F075
:10A440004AFC20227E493BA803F045FC40F601432C
:10A450000DF1200A5046CAF80030FDF705FFDAF882
:10A46000003009AFC7E9023647F2121320223B80C1
:10A4700038462B4673490DF1140B03F04DFD48B1DE
:10A48000234640F63D5270497048FAF72FFF55B009
:10A49000BDE8F08F4122286806AB43A903F0CEFD4A
:10A4A00040B3234640F6445267496948FAF71EFF15
:10A4B000286803F05DFD2378012BE8D04FF40053AA
:10A4C0005046CAF80030FDF7CFFEDAF800304122DE
:10A4D000C7E9023644F2121338463B805D492B46E9
:10A4E00003F01AFD002865D0234640F68F525649E6
:10A4F0005948CAE7069A412A05D0234640F64A52EF
:10A5000051495648D2E7534943A803F08BFB28B181
:10A51000234640F651524C495148C7E7CDE9019BCB
:10A52000CDF800802D233146286817AA04F02CFAB4
:10A5300058B1863014D14B4805F064F84A4640467D
:10A5400033A9CBF8009003F0C6FB059A0DF114096E
:10A55000402A0BD0234640F667523B494248A5E7C4
:10A56000234640F65F52384940489FE7404633A9AA
:10A5700003F058FB28B1234640F66E5232493C485E
:10A5800094E7D9F800303146CDE9008317AA2D238E
:10A59000286804F025FA00288AD08630234609BFAF
:10A5A00040F6775240F67952274932481CBF264977
:10A5B00031487BE707AB0193202316F0FF07009398
:10A5C00008BF38460FAB4FF02D0218BF47F00070A0
:10A5D00017A903F0E1FE034650B1234640F6975217
:10A5E00019492648FAF782FE286803F0C1FC4EE7B5
:10A5F00047F0007202F17E42033A102A9CBF204BC2
:10A600009B5C079A9A4205D0234640F69C520E491D
:10A610001C48E7E7DBF800203146CDE900820FAAAD
:10A62000286804F031FA0028DED0234640F6A45210
:10A6300005491548D6E700BF9A4A060C407C060C2F
:10A64000637C060CDE7C060C0435060CCB43060C42
:10A650007C48060C9D7C060C084A060C9648060CA5
:10A66000BC48060CF448060C6649060C4E49060C1C
:10A670008249060CAA49060CE949060C274A060C31
:10A68000FD71060C3C4A060C684A060C2DE9F04F99
:10A6900088460021ADF5297D064614460BA81822F0
:10A6A000069103F03DFB974B0DF1180911AA03F138
:10A6B0002807154618685968083303C5BB422A465F
:10A6C000F7D118689B88B8F1010F2860AB800AD9D0
:10A6D000234640F6CA528C498C48FAF707FE0DF51E
:10A6E000297DBDE8F08F0C220027894B16F0FF056D
:10A6F00002FB08339B684FF060024FF000012DA869
:10A700000CBFAA4645F0007ACDE907770593099773
:10A7100003F006FB6122002145A803F001FB0C2396
:10A7200003FB08F37A480599C05827705EAAFDF725
:10A73000BBFD43F2010377A87793FDF795FD779B67
:10A740000BAFC7E9023647F2121338463B80059A31
:10A750004B465EA90DF1240B03F0DEFB28B1234626
:10A7600040F6F35268496B48B7E708AB6122D9F865
:10A77000000045A903F062FC08AB002832D0234654
:10A7800040F6FA5260496448FAF7B0FD069803F0C3
:10A79000EFFB237806AD012BA1D04FF400530AA89C
:10A7A0000A93FDF761FD0368594AC7E9023644F28E
:10A7B00012133B80059B59000C2303FB0823013136
:10A7C00058685EAAFDF770FD2B463846089A5EA9C8
:10A7D00003F0A2FB00287FD0234640F63D624A49A1
:10A7E0004E487AE7059A1B6822F060494FEA49090A
:10A7F00009F101029A4205D023464FF460624249B2
:10A800004748C1E7402311A900932E225046CDF8B6
:10A8100004B01DAB03F0C0FD014628B1234640F64D
:10A82000076239493F48AFE745F0007505F17E45BD
:10A83000033D102D9CBF3C4B595D09AD2B688B42ED
:10A8400005D0234640F60C622F4938489CE777AA8A
:10A850001DA8FDF7DDFD1146354804F0D3FE602349
:10A860000DF11C0B0DF1B40ACDF808B00193CDF831
:10A8700000A031462B6806981DAA04F0D9F828B12B
:10A88000234640F6156220492A487DE7DBF8003070
:10A89000994505D0234640F61B621B49264873E7BD
:10A8A00077AA49465046FDF7B3FD1146234804F008
:10A8B000A9FEDBF800303146CDE900A306982B68ED
:10A8C0001DAA04F0E1F800283FF460AF234640F6EB
:10A8D00026620D491A4857E7079B314601932DAB75
:10A8E00000932868099B1DAA04F0CEF830B12346D6
:10A8F00040F6436204491248FAF7F8FC286803F06E
:10A9000037FBECE69A4A060C0435060CC84A060CDE
:10A910004C77060CCB43060C7C48060C084A060C08
:10A920009648060CED4A060CFD71060C224B060CEF
:10A930003A4B060C464B060C6649060C5B4B060C64
:10A940006C4B060CF0B50025A1B016222946044632
:10A950000DF11A00039503F0E3F9202229460CA813
:10A9600003F0DEF93B4B049514AA03F128061546C3
:10A9700018685968083303C5B3422A46F7D11868E6
:10A980009B882860AB804FF4005305A80593FDF722
:10A990006BFC059B304D089344F201034FF4877222
:10A9A000ADF818302D4903AB06A8099503F0B4FAA9
:10A9B00040B1234640F6EA6229492A48FAF796FC54
:10A9C00021B0F0BD4FF48077274E2D232946039800
:10A9D0000197009614AA04F003F888B18630234644
:10A9E00009BF40F6F86240F6FC621D491F481CBFD3
:10A9F0001B491F48FAF77AFC039803F0B9FADFE71E
:10AA000004AB019320232D2200931A480CAB14A908
:10AA100003F0C2FC28B1234640F6097210491648DB
:10AA2000E8E7049B202B05D0234640F60E720C4924
:10AA30001248DFE72946CDE9006703980CAA04F025
:10AA400023F828B1234640F6167205490C48D1E791
:10AA50002070D1E79A4A060C090300063E76060CE0
:10AA60000435060CCB43060C3E75060C2E37060C3F
:10AA7000A14B060C09000002274A060C3C4A060CB2
:10AA8000684A060C2DE9F04F9BB0162200210DF10B
:10AA9000520003F045F900230893804B0CAA03F100
:10AAA0001005144618685968083303C4AB4222469F
:10AAB000F7D100267A4F7B4B7B4C0BA8002E08BFAA
:10AAC0001C464FF440730B93FDF7CEFB0B9B1022FB
:10AAD000CDE916344FF410530CA9ADF8503014A83A
:10AAE00008AB03F019FA40B1704804F08BFD4FF049
:10AAF000010948461BB0BDE8F08F102305934FF4C1
:10AB0000B67301936A4B0DF1280B10ADCDE9030527
:10AB10000290009321460C23664A0898CDF818B09D
:10AB200003F000FD8046A8B10146634804F06AFDC9
:10AB300022463146614804F065FD4FF0010908984E
:10AB400003F016FA002ED4D101262037B9F1000FF8
:10AB5000B1D0CCE75A4804F055FDA9460A9B4345BD
:10AB60001FD8584804F04EFD00234FF0100A4FF450
:10AB7000B679CDE904334E4B0DF1240821460093FC
:10AB8000CDE9027A0C234B4A0898CDF81880CDF80D
:10AB9000049003F017FD014658B14B4804F032FD14
:10ABA000A5E719F8011B494804F02CFD08F101083C
:10ABB000D4E70A9B2146039310ABCDE901933C4BAC
:10ABC000CDE90508049000933A4A0C23089803F055
:10ABD000F9FC014608B13E48E0E7CDE905ABDFF8F6
:10ABE000F4A010ABCDE90303CDE901900C2321467D
:10ABF000394A0898CDF800A003F094FC814618B1BA
:10AC000022463146354896E7354804F0FBFCCB46F2
:10AC10000A9B5B4539D82B4804F0F4FC0023CDE9AE
:10AC2000043310230393FB1802934FF4B6732146A9
:10AC3000CDE900A3284A0C230898CDF8188003F02A
:10AC4000C1FC10F1950F014604D0264804F0DAFC4F
:10AC50004FF001090023CDE904330A9B21460393F9
:10AC600010AB02934FF4B6731B4ACDE900A30898CA
:10AC70000C23CDF8188003F0A5FC014600283FF412
:10AC80005EAF194804F0BEFC57E715F8011B0F48EA
:10AC900004F0B8FC0BF1010BBAE700BF204D060C25
:10ACA000FE74060C0002500500015005D64B060C40
:10ACB0000E72060CE674060CF24B060C024C060CE7
:10ACC000484C060C5D4C060C614C060C554C060CB1
:10ACD0007C4C060C7A73060CF274060C964C060C2F
:10ACE000DE4C060CEB4C060C064D060CDFB52A2696
:10ACF0000027002304460093212230463946144B96
:10AD0000CDE9026704F042F938B123465C221149CB
:10AD10001148FAF7EBFA04B0D0BD082240F2E9304E
:10AD20000DEB020103F04BF88C3004D02346652272
:10AD300008490A48EDE73046394604F095F920B154
:10AD400023466C2203490648E3E72070E3E700BF8F
:10AD5000194F060C3B4F060C914F060CA54F060CE5
:10AD6000D74F060C0346162201490248FAF7B0BA3B
:10AD7000588C0330FD4F060C70B50446334B98B029
:10AD800004AA03F12006154618685968083303C55C
:10AD9000B3422A46F7D11B880DAA2B802C4B03F116
:10ADA0002806154618685968083303C5B3422A4671
:10ADB000F7D11B882B800025039501350F222946EA
:10ADC000244804F01FFC00232122009302200021CC
:10ADD00004AB04F0DBF8024638B1234684221E4956
:10ADE0001E48FAF783FA18B070BD03AB01930EAB9F
:10ADF000009302202123002104F0E6F820B123462D
:10AE00008D2215491648ECE72A2216490DA802F0B2
:10AE100009FF20B1234693220F491348E1E702209E
:10AE2000002104F021F9064620B123469A220A495E
:10AE30000E48D6E72A2206490DA802F04CFF0F2D36
:10AE4000BBD10B4804F0DEFB2670CCE7194F060C93
:10AE50005156060C5E55060C7755060CCF55060C60
:10AE6000F255060C0656060C3056060CD74F060C4B
:10AE70007B56060C70B50446334B98B004AA03F118
:10AE80002006154618685968083303C5B3422A4698
:10AE9000F7D11B880DAA2B802C4B03F128061546F1
:10AEA00018685968083303C5B3422A46F7D11B888E
:10AEB0002B800025039501350F222946244804F0F4
:10AEC000A1FB0023212200930220002104AB04F007
:10AED0005DF8024638B123464A221E491E48FAF759
:10AEE00005FA18B070BD03AB01930EAB00930220BE
:10AEF0002123002104F068F820B12346532215498C
:10AF00001648ECE72A2216490DA802F08BFE20B164
:10AF1000234659220F491348E1E72A220B490DA87D
:10AF200002F0D9FE0F2DC6D10F4804F06BFB0220B2
:10AF3000002104F099F820B12346662205490B4808
:10AF4000CDE72070CDE700BF194F060C5156060C17
:10AF50005E55060C7755060CCF55060CF255060CBF
:10AF60000656060C3056060C7B56060CD74F060CC0
:10AF70000346022201490248FAF7AAB9608D03305C
:10AF80007E56060C002230B53D4B89B004930092EA
:10AF900004460021022003AB8DF80C2003F0F6FFDD
:10AFA000024638B12346222236493748FAF79EF93D
:10AFB00009B030BD009003AB0220002103F0E6FF92
:10AFC000034620B1234629222E493048EEE70246A7
:10AFD00000900021032003F0D9FF20B12346302246
:10AFE00028492B48E2E7042200900021032004AB0B
:10AFF00003F0CCFF024620B12346372221492548E1
:10B00000D4E705AB06AD019303200523002100958D
:10B0100003F0DAFF059A042A04D023463E22194998
:10B020001D48C3E7284604A902F0FCFD024620B1F2
:10B030002346432213491948B8E700900021002015
:10B0400003AB03F0A3FF873004D023464A220D4907
:10B050001348ABE70220002104F006F820B1234694
:10B06000512208490F48A1E70320002103F0FCFF0B
:10B0700020B12346562203490B4897E7207097E7F3
:10B0800054574F001C57060CCF55060C5E57060C44
:10B090009157060CB157060CEB57060C0958060CD5
:10B0A0002258060C4E58060C7C58060C70B5044607
:10B0B0002D4B8EB005AA03F1200615461868596875
:10B0C000083303C5B3422A46F7D11B8821222B80BF
:10B0D00000230120CDE9023304930093002105AB46
:10B0E00003F054FF18BB0123242200930120002108
:10B0F0001E4B03F04BFF38B1234671221C491D48FB
:10B10000FAF7F4F80EB070BD0120002102AA03F096
:10B1100081FF20B12346772215491748F0E7049BA9
:10B12000012B09D023467D2211491448E8E78530D8
:10B1300012D1134804F066FA4FF000432122009325
:10B140000320002105AB03F021FF863009D0234600
:10B15000912207490B48D3E723468A2204490A482B
:10B16000CEE700232370CDE7194F060CAA58060C32
:10B170001C57060CCF58060C0359060C1759060C21
:10B180003E59060C075A060CE559060C002313B568
:10B190001A46044600210420009303F0F7FE40B154
:10B1A0002346A2220449054802B0BDE81040FAF740
:10B1B0009DB8207002B010BD1C57060C315A060C09
:10B1C00070B504462B4B98B003AA03F12006154630
:10B1D00018685968083303C5B3422A46F7D11B885B
:10B1E000254A2B8002F128060CAB1D4610685168D9
:10B1F000083203C5B2422B46F7D110681279286095
:10B200002A710025212201200021009503AB02951F
:10B2100003F0BCFE853007D02346B92217491848F1
:10B22000FAF764F818B070BD02AB01930DAB009350
:10B230002A4624230120002103F0C6FE20B1234624
:10B24000C1220E490F48EBE72D220F490CA802F04E
:10B25000E9FC20B12346C82208490C48E0E7029BDC
:10B26000242B04D02346CE2204490948D8E7207075
:10B27000D8E700BF194F060C175B060C1C57060CCD
:10B280006B5A060CF255060C935A060CC05A060C63
:10B29000E85A060C70B504464B4B98B004AA03F16B
:10B2A0002006154618685968083303C5B3422A4674
:10B2B000F7D11B880DAA2B80444B03F128061546B5
:10B2C00018685968083303C5B3422A46F7D11B886A
:10B2D00021222B800023032003930093002104AB41
:10B2E00003F054FE024638B12346E4223849394877
:10B2F000F9F7FCFF18B070BD03AE0EAD212303209B
:10B3000000210196009503F05FFE20B12346EC2258
:10B310002F493148ECE72A2230490DA802F082FC7F
:10B3200020B12346F3222A492D48E1E7039B212B34
:10B3300004D02346F92226492A48D9E72A2223495C
:10B340000DA802F0C8FC1D23022203200021CDE934
:10B35000005603F039FE18B1234640F20712D7E732
:10B36000042221490DA802F05DFC28B123464FF4C8
:10B37000877217491D48BBE71D2228460DF11201AF
:10B3800002F050FC28B123464FF48B721049184844
:10B39000AEE7042214490DF1550002F043FC28B138
:10B3A00023464FF48F720A491248A1E70320002177
:10B3B00003F05AFE28B1234640F2251204490E48F4
:10B3C00096E70023237095E7194F060C5156060C9B
:10B3D0001C57060C914F060CF255060C0656060C2F
:10B3E000445B060C6D5B060C2B56060CA75B060C2B
:10B3F000CB5B060CDF5B060CD74F060CF0B50446A2
:10B40000404B99B004AA03F1200615461868596804
:10B41000083303C5B3422A46F7D11B880DAA2B80F7
:10B42000394B03F12806154618685968083303C5D7
:10B43000B3422A46F7D11B8801272B800023212203
:10B440000093042004AB0021039703F09FFD034603
:10B4500040B1234640F23B122C492D48F9F746FFF4
:10B4600019B0F0BD03AE0EAD0246002104200196D6
:10B47000009503F0A9FD28B1234640F24312234969
:10B480002448EBE72A2220490DA802F0CBFB28B183
:10B4900023464FF4A5721D491F48DFE7039B2BB1DC
:10B4A00023464FF4A87219491C48D7E70522042007
:10B4B0000021CDE90056039703F086FD28B123460D
:10B4C00040F25B1211491648C8E72A220E490DA81E
:10B4D00002F0A8FB18B123464FF4B172DBE7039BDF
:10B4E0001BB123464FF4B472DDE70420002103F0C2
:10B4F000BBFD28B1234640F26F1204490948ADE76D
:10B500002070ADE7194F060C5156060C1C57060C5F
:10B51000914F060C045C060C2B5C060C5B5C060C65
:10B52000F255060CD74F060C70B50446264B8EB06C
:10B5300003AA03F12806154618685968083303C59D
:10B54000B3422A46F7D100221B8802AE2B8004ADFD
:10B5500001230220002101960095029203F034FDA0
:10B560008C3008D023464FF4C27218491848F9F7B6
:10B57000BDFE0EB070BD2A22134903A802F052FB93
:10B58000024628B1234640F28B1210491148EEE7DB
:10B59000012300200021CDE9005603F015FD87307E
:10B5A00005D0234640F2931208490B48DFE72A22D0
:10B5B000054903A802F036FB18B123464FF4CD72BB
:10B5C000E3E72070D5E700BF5156060C1C57060C68
:10B5D000845C060CA85C060CD25C060CF0B5044634
:10B5E000534B99B004AA03F1200615461868596810
:10B5F000083303C5B3422A46F7D11B880DAA2B8016
:10B600004C4B03F12806154618685968083303C5E2
:10B61000B3422A46F7D11B8821222B800023032026
:10B6200003930093002104AB03F0B0FC40B1234628
:10B630004FF4D87240494148F9F758FE19B0F0BDAF
:10B6400003AE0EAD012322220320002101960095B6
:10B6500003F0BAFC873005D0234640F2BB123649CE
:10B660003748E9E72A2233490DA802F0DBFA0246FF
:10B6700028B123464FF4E1722F493248DCE72223F8
:10B6800003200021CDE9005603F09EFC28B123469B
:10B6900040F2CD1228492C48CEE7039F212F05D038
:10B6A000234640F2D31224492848C5E72A222849D4
:10B6B0000DA802F0B7FA28B123464FF4ED721E49E7
:10B6C0002448B9E72A221B490DA802F004FB3B4697
:10B6D000012203200021CDE9005603F075FC28B1BA
:10B6E00023464FF4F57214491B48A5E7039B202B12
:10B6F00005D023464FF4F8720F4918489CE72A22D8
:10B7000017490DA802F08EFA28B123464FF4FC72B7
:10B710000949144890E70320002103F0A5FC28B153
:10B7200023464FF4007204490F4885E7207085E7EF
:10B73000194F060C5156060C1C57060C914F060C5F
:10B74000F15C060C2B5C060C1E5D060C5B5D060CAA
:10B750000656060C8C5D060CB95D060C085E060CE0
:10B760005A5E060C845E060CD74F060C70B5044674
:10B77000234B8CB003AA03F12006154618685968BC
:10B78000083303C5B3422A46F7D11B8821222B80F8
:10B790000023042002930093002103AB03F0F6FB87
:10B7A000034640B1234640F2132216491648F9F7E2
:10B7B0009DFD0CB070BD02AACDE900020021024639
:10B7C000042003F001FC28B1234640F21A220D495F
:10B7D0000E48ECE7029B2BB123464FF4087209494F
:10B7E0000B48E4E70420002103F03EFC28B1234687
:10B7F0004FF40A7203490748D9E72070D9E700BF20
:10B80000194F060C1C57060C914F060CC45E060C13
:10B81000FE5E060CD74F060C1FB500230446002120
:10B82000012001AACDE90133039303F0F3FB40B1FA
:10B8300023464FF40E7211491148F9F757FD04B031
:10B8400010BD029B242B05D0234640F23E220B491B
:10B850000C48F2E7019B242B05D0234640F24322FB
:10B8600006490948E9E7039B012B05D023464FF41D
:10B87000127202490548E0E72070E0E71C57060C09
:10B88000425F060C6E5F060C905F060CB65F060CFE
:10B89000002370B504468EB0CDE902330493294BE2
:10B8A00005AA03F12006154618685968083303C530
:10B8B000B3422A46F7D11B8821222B800023022085
:10B8C0000093002105AB03F061FB40B1234640F239
:10B8D0005A221D491D48F9F709FD0EB070BD02201E
:10B8E000002102AA03F096FB28B1234640F2612210
:10B8F00015491748EFE7039B212B05D0234640F25B
:10B90000672211491348E6E7029B212B05D0234605
:10B910004FF41B720C491048DDE7049B2BB1234602
:10B9200040F2712208490D48D5E70220002103F0BA
:10B930009BFB28B123464FF41E7203490848CAE70F
:10B940002070CAE7194F060C1C57060C914F060CC5
:10B95000D95F060C0160060C1E60060C3F60060CE9
:10B96000D74F060C1FB5002304460021032001AA6F
:10B97000CDE90133039303F04DFB8C3008D023460F
:10B980004FF4227219491A48F9F7B0FC04B010BDFF
:10B99000029B2BB1234640F28E2214491548F3E74F
:10B9A0000020002101AA03F035FB873005D0234693
:10B9B00040F295220D491048E6E7029B1BB1234651
:10B9C00040F29B22E9E7019B2BB123464FF42872FA
:10B9D00006490A48D8E7039B2BB1234640F2A5222B
:10B9E00002490748D0E72370D0E700BF1C57060C78
:10B9F0005D60060C8860060CA560060CD260060C23
:10BA0000F360060C0023F0B504469BB0CDE9033388
:10BA10000593344B06AA03F12006154618685968A9
:10BA2000083303C5B3422A46F7D10FAA16461B882E
:10BA30002B802D4B03F128071546186859680833E9
:10BA400003C5BB422A46F7D11B8821222B80002345
:10BA5000022002930093002106AB03F097FA40B155
:10BA6000234640F2BA2221492148F9F73FFC1BB096
:10BA7000F0BD0220002103F0F7FA054628B1234665
:10BA800040F2C12219491B48EFE70220002103AA16
:10BA900003F0C0FA8C3005D023464FF432721349BC
:10BAA0001548E2E702ABCDE900632A4621230220D4
:10BAB000002103F089FA8C3005D0234640F2CF22D2
:10BAC0000A490E48D1E70220002103F0CDFA8C305C
:10BAD00005D0234640F2D62204490948C5E725701F
:10BAE000C5E700BF194F060C5156060C1C57060C33
:10BAF000914F060CD74F060C1161060C3E61060CE7
:10BB00006661060C10B500210446012003F0ACFA72
:10BB1000853008D02346BDE8104040F2E5220349B5
:10BB20000348F9F7E3BB0023237010BD1C57060C34
:10BB30009161060C10B500210446002003F094FA30
:10BB4000873008D02346BDE810404FF43D720349CA
:10BB50000348F9F7CBBB0023237010BD1C57060C1C
:10BB6000BF61060C70B5434A9AB05168044610682C
:10BB700003AB03C31189927A19809A703E4B06AACF
:10BB800003F12006154618685968083303C5B34207
:10BB90002A46F7D11B880FAA2B80384B03F12806C1
:10BBA000154618685968083303C5B3422A46F7D1C9
:10BBB0001B880B222B80002303200293009300217B
:10BBC00003AB03F0E3F940B123464FF443722C4931
:10BBD0002C48F9F78BFB1AB070BD0090212204208D
:10BBE000002106AB03F0D2F928B1234640F213320C
:10BBF00023492548EDE70320002103F035FA0246EA
:10BC000028B123464FF447721D492048E1E702ABB3
:10BC1000019310AB009304202123002103F0D4F9F9
:10BC200028B1234640F2263215491948D1E72A2285
:10BC300018490FA801F0F6FF28B123464FF44B72C4
:10BC40000F491548C5E7029B212B05D0234640F23A
:10BC500031320B491148BCE70420002103F004FAFB
:10BC600028B123464FF44E7205490D48B1E72070C4
:10BC7000B1E700BFDC62060C194F060C5156060CEA
:10BC80001C57060CEA61060C0862060C2662060CBC
:10BC90004762060C0656060C6562060C8462060CAA
:10BCA000BB62060CF0B505462F4B99B004AA03F110
:10BCB0002006144618685968083303C4B342224664
:10BCC000F7D11B880DAA2380284B03F128061446C0
:10BCD00018685968083303C4B3422246F7D11B8859
:10BCE000212223800023022003930093002104AB30
:10BCF00003F04CF9044640B12B4640F24E321C4949
:10BD00001C48F9F7F3FA19B0F0BD03AE0EAF3B19BA
:10BD100000932246012302200021019603F054F9EA
:10BD200028B12B464FF4567211491348E9E7013404
:10BD3000212CECD12A2211490DA801F073FF28B162
:10BD40002B4640F25F320A490D48DAE70220002113
:10BD500003F08AF928B12B4640F2663204490948BB
:10BD6000CFE72870CFE700BF194F060C5156060CDD
:10BD70001C57060C914F060CE762060C0656060C83
:10BD80006562060C0C63060CF0B593B007AA154665
:10BD90003D4B0446029303F5202303F6051303935A
:10BDA0003A4B18689B880590ADF81830384B03F172
:10BDB0002807164618685968083303C6BB4232463E
:10BDC000F7D11B88042233800023032004930093BF
:10BDD000002102AB03F0DAF840B1234640F27D3295
:10BDE0002C492D48F9F782FA13B0F0BD00900422D7
:10BDF0000320002103AB03F0C9F828B123464FF418
:10BE0000617224492548EDE70622009000210320B5
:10BE100005AB03F0BBF8024628B1234640F28B3253
:10BE20001C491F48DEE704ABCDE90053032006237D
:10BE3000002103F0C9F828B1234640F29232154997
:10BE40001848CFE70622284605A901F0EBFE28B1E5
:10BE5000234640F299320F491348C3E7049B062B4F
:10BE600005D0234640F29E320A491048BAE7032023
:10BE7000002103F0F9F828B1234640F2A532054924
:10BE80000B48AFE72070AFE74F4E45007263060CDA
:10BE90005156060C1C57060C2363060C3D63060C1A
:10BEA0005863060CF255060C6562060C8462060C9B
:10BEB0000C63060C2DE9F04F002593B0444F0CAEF7
:10BEC00004460FCF0FC697E80300083786E8030043
:10BED00097E807002F4606AE86E8070005950DF1A6
:10BEE0003009DFF8F08056F804ABF9E802230021AE
:10BEF000CDE9022340464FF40072CDE909770B9754
:10BF000001F00EFFDDE902015246334B009703F0CA
:10BF10003DF848B1234640F2C93230493048F9F77C
:10BF2000E5F913B0BDE8F08F09AADDE9020103F0DD
:10BF300071F828B123464FF4747228492948EEE776
:10BF4000DDF828B0D34505D0234640F2D632234948
:10BF50002548E4E70B9A2AB1234640F2DB321F4919
:10BF60002248DCE705ABCDE90083DDE902015B4651
:10BF700003F02AF828B1234640F2E33217491C485F
:10BF8000CDE75A464046144901F04CFE28B12346FD
:10BF900040F2EA3211491748C1E7059B5B4505D0DD
:10BFA000234640F2EF320D491348B8E7DDE90201BC
:10BFB00003F05AF828B1234640F2F63207490F48F9
:10BFC000ADE70135EDB2032D8BD12070A9E700BF9D
:10BFD000E081060C1CC40330DE7F060C1C57060CE7
:10BFE000CF55060CD95F060C0160060C3F60060CAD
:10BFF0007863060C9B63060C8462060CD74F060C14
:10C0000030B50025ADF5057D40F201220021044642
:10C0100003A801F085FE40F20122022000210095D4
:10C0200003AB02F0B3FF873009D0234640F205424C
:10C0300004490548F9F75AF90DF5057D30BD25701D
:10C04000FAE700BF1C57060CCC63060C70B504461B
:10C05000264A96B002AB02F120061D4610685168D0
:10C06000083203C5B2422B46F7D112880BAB2A80A7
:10C070001F4A02F128061D4610685168083203C5A0
:10C08000B2422B46F7D10023128803202A800021D8
:10C090002122009302AB02F079FF024640B1234611
:10C0A00040F2154213491448F9F720F916B070BD53
:10C0B0000CAB0190009303200123002102F084FFC8
:10C0C000873005D0234640F21B420A490B48EBE774
:10C0D0000320002102F0C8FF28B1234640F222428B
:10C0E00004490748E0E72070E0E700BF194F060C5D
:10C0F0005156060C1C57060C0964060C1B64060CF2
:10C10000D74F060C1FB5002304460021032001AAC7
:10C11000CDE90133039303F039F88C3008D023467E
:10C1200040F2D22218491948F9F7E0F804B010BDDE
:10C13000029B2BB123464FF4367213491448F3E7A0
:10C14000039B2BB1234640F2DD220F491148EBE758
:10C150000020002101AA03F019F8873005D02346FA
:10C160004FF4397208490C48DEE7029B1BB12346A5
:10C1700040F2EA22E1E7039B1BB1234640F2EF22A3
:10C18000E3E72370D2E700BF7864060C5D60060C1D
:10C190008860060CF360060CA560060C1FB5002332
:10C1A00004460021012001AACDE90133039302F0E6
:10C1B000EDFF40B1234640F283220D490D48F9F7C7
:10C1C00095F804B010BD029B242B05D0234640F205
:10C1D000892207490848F2E7039B012B05D0234633
:10C1E00040F28E2202490548E9E72070E9E700BFE6
:10C1F0007864060C425F060C6E5F060CB65F060C98
:10C200001FB5002304461A4604200021009303931F
:10C2100002F078FF024638B12346F2220C490D485D
:10C22000F9F764F804B010BD03AB019302AB0093BF
:10C2300004200123002102F083FF039B184304D054
:10C240002346F92202490448EAE72070EAE700BFE2
:10C250007864060C315A060CF255060C70B504468B
:10C26000264B8EB003AA03F12806154618685968B4
:10C27000083303C5B3422A46F7D100221B8802AE19
:10C280002B8004AD0123022000210196009502922B
:10C2900002F056FF8C3008D023464FF4E57218495F
:10C2A0001848F9F723F80EB070BD2A22134903A8E5
:10C2B00001F0B8FC024628B123464FF4E872104959
:10C2C0001148EEE7012300200021CDE9005602F0DD
:10C2D00037FF873005D023464FF4EC7208490B48EE
:10C2E000DFE72A22054903A801F09CFC18B1234688
:10C2F0004FF4EF72E3E72070D5E700BF5156060C0C
:10C300007864060C845C060CA85C060CD25C060CF7
:10C3100070B50446284A98B003AB02F120061D46CA
:10C3200010685168083203C5B2422B46F7D1128813
:10C330000CAB2A80214A02F128061D46106851687C
:10C34000083203C5B2422B46F7D110681279286033
:10C350002A710025212201200021009503AB0295BE
:10C3600002F0D0FE853008D0234640F21312144963
:10C370001448F8F7BBFF18B070BD02AB01930DABCA
:10C3800000932A4624230120002102F0D9FE28B17F
:10C39000234640F21B120A490B48EAE72D220B49BB
:10C3A0000CA801F03FFC28B1234640F221120449B9
:10C3B0000748DEE72070DEE7194F060C175B060C16
:10C3C0007864060C6B5A060CF255060C935A060C50
:10C3D000C05A060C2DE9F04F404E91B00AAD04460C
:10C3E0000FCE0FC596E80300083685E8030096E8EF
:10C3F00007000026374604AD85E807000DF128093F
:10C40000DFF8DC8055F804ABF9E802230021CDE920
:10C41000022340464FF40062CDE90777099701F007
:10C420007FFCDDE9020152462E4B009702F06AFEC6
:10C4300048B1234640F233422B492C48F8F756FFC7
:10C4400011B0BDE8F08F07AADDE9020102F09EFEFF
:10C4500028B1234640F23A4223492548EEE7DDF869
:10C4600020B0D34505D023464FF488621E492148A9
:10C47000E4E7099A2AB1234640F245421A491E4888
:10C48000DCE71E4BDDE90201CDE900835B4602F0EB
:10C4900057FE28B1234640F24D4213491848CDE7D4
:10C4A0005A4640460F4901F0BDFB28B1234640F2F1
:10C4B00053420D491348C1E7DDE9020102F090FE45
:10C4C00028B1234640F25A4207490F48B6E70136E1
:10C4D000F6B2032E94D12070B2E700BF088A060C92
:10C4E00020C603300482060C7864060CCF55060C77
:10C4F000D95F060C0160060C3F60060C1CC60330B9
:10C500007863060C9B63060CD74F060CF0B593B00E
:10C5100007AA1546394B0446029303F5202303F678
:10C5200005130393364B18689B880590ADF81830B7
:10C53000344B03F12807164618685968083303C6B8
:10C54000BB423246F7D11B880422338000230320EC
:10C5500004930093002102AB02F0D4FD40B12346C6
:10C5600040F2D93228492948F8F7C0FE13B0F0BD8F
:10C57000009004220320002103AB02F0C3FD28B188
:10C5800023464FF4787220492148EDE706220090B7
:10C590000021032005AB02F0B5FD024628B1234679
:10C5A00040F2E73218491B48DEE704ABCDE90053FF
:10C5B00003200623002102F0C3FD28B1234640F2E8
:10C5C000EE3211491448CFE70622284605A901F0AA
:10C5D00029FB28B123464FF47D720B490F48C3E76E
:10C5E0000320002102F0FCFD28B1234640F2FB327B
:10C5F00005490B48B8E72070B8E700BF4F4E45002B
:10C600007263060C5156060C7864060C2363060C04
:10C610003D63060C5863060CF255060C6562060C69
:10C620000C63060CF0B505462F4B99B004AA03F134
:10C630002006144618685968083303C4B3422246DA
:10C64000F7D11B880DAA2380284B03F12806144636
:10C6500018685968083303C4B3422246F7D11B88CF
:10C66000212223800023022003930093002104ABA6
:10C6700002F048FD044640B12B4640F2A7321C4967
:10C680001C48F8F733FE19B0F0BD03AE0EAF3B19EE
:10C6900000932246012302200021019602F050FD62
:10C6A00028B12B4640F2B13211491348E9E7013471
:10C6B000212CECD12A2211490DA801F0B3FA28B19E
:10C6C0002B4640F2B9320A490D48DAE70220002130
:10C6D00002F086FD28B12B464FF4707204490948D8
:10C6E000CFE72870CFE700BF194F060C5156060C54
:10C6F0007864060C914F060CE762060C0656060C91
:10C700006562060C0C63060C70B53E4A9AB051681F
:10C710000446106803AB03C31189927A19809A709A
:10C72000394B06AA03F120061546186859680833E4
:10C7300003C5B3422A46F7D11B880FAA2B80334B7F
:10C7400003F12806154618685968083303C5B34233
:10C750002A46F7D11B880B222B800023032002934B
:10C760000093002103AB02F0CDFC40B123464FF40F
:10C770005A7227492748F8F7B9FD1AB070BD0090E2
:10C7800021220420002106AB02F0BCFC28B1234684
:10C7900040F26F321E492048EDE70320002102F0ED
:10C7A0001FFD024628B123464FF45E7218491B480C
:10C7B000E1E702AB019310AB009304202123002199
:10C7C00002F0BEFC28B1234640F2823210491448E0
:10C7D000D1E72A2213490FA801F024FA28B12346F1
:10C7E00040F287320A491048C5E70420002102F0D0
:10C7F000F7FC28B1234640F28E3205490B48BAE7D0
:10C800002070BAE7DC62060C194F060C5156060C74
:10C810007864060CEA61060C0862060C2662060CB7
:10C820004762060C0656060C6562060CBB62060CD7
:10C830000023F0B504469BB0CDE903330593344B98
:10C8400006AA03F12006154618685968083303C57F
:10C85000B3422A46F7D10FAA16461B882B802D4BD0
:10C8600003F12807154618685968083303C5BB4209
:10C870002A46F7D11B8821222B8000230220029315
:10C880000093002106AB02F03DFC40B123464FF47B
:10C89000427221492148F8F729FD1BB0F0BD022062
:10C8A000002102F09DFC054628B1234640F20F32DC
:10C8B00019491B48EFE70220002103AA02F066FC99
:10C8C0008C3005D0234640F2163213491548E2E772
:10C8D00002ABCDE900632A4621230220002102F0A9
:10C8E0002FFC8C3005D0234640F21D320A490E48F9
:10C8F000D1E70220002102F073FC8C3005D02346E2
:10C900004FF4497204490948C5E72570C5E700BFDF
:10C91000194F060C5156060C7864060C914F060C04
:10C92000D74F060C1161060C3E61060C6661060CC1
:10C93000002370B504468EB0CDE902330493254B35
:10C9400005AA03F12006154618685968083303C57F
:10C95000B3422A46F7D11B8821222B8000230220D4
:10C960000093002105AB02F0CDFB40B123464FF40C
:10C97000297219491948F8F7B9FC0EB070BD0220A8
:10C98000002102AA02F002FC28B1234640F2AB22A9
:10C9900011491348EFE7039B212B05D0234640F2B2
:10C9A000B1220D490F48E6E7049B2BB1234640F224
:10C9B000B62209490C48DEE70220002102F010FCF3
:10C9C00028B1234640F2BD2203490848D3E720702E
:10C9D000D3E700BF194F060C7864060C914F060C84
:10C9E000D95F060C0160060C3F60060CD74F060CA1
:10C9F00070B504461F4A8CB003AB02F120061D46F9
:10CA000010685168083203C5B2422B46F7D10023A3
:10CA1000128804202A80002102930093212203AB74
:10CA200002F070FB034640B1234640F261221249F6
:10CA30001248F8F75BFC0CB070BD02AACDE9000209
:10CA400000210246042002F07BFB28B123464FF46C
:10CA50001A7209490A48ECE70420002102F0C0FBE1
:10CA600028B1234640F26F2203490648E1E72070CF
:10CA7000E1E700BF194F060C7864060C914F060CD5
:10CA8000C45E060CD74F060C70B50446394B98B0FF
:10CA900004AA03F12006154618685968083303C52F
:10CAA000B3422A46F7D11B880DAA2B80324B03F1E3
:10CAB0002806154618685968083303C5B3422A4644
:10CAC000F7D11B8821222B8000230420039300939D
:10CAD000002104AB02F016FB034640B123464FF49D
:10CAE000C67226492648F8F701FC18B070BD03AE9F
:10CAF0000EAD0246002104200196009502F020FBB5
:10CB000028B123464FF4CA721C491E48EBE72A227B
:10CB100019490DA801F086F8034628B123464FF4C1
:10CB2000CD7216491848DEE7052204200021CDE920
:10CB3000005602F005FB28B123464FF4D2720F498C
:10CB40001248D0E72A220C490DA801F06BF818B161
:10CB500023464FF4D572E4E70420002102F040FBA5
:10CB600028B1234640F2B11204490948BBE72070BE
:10CB7000BBE700BF194F060C5156060C7864060C33
:10CB8000914F060C045C060C2B5C060CF255060C4F
:10CB9000D74F060C1FB50022044600920220002148
:10CBA00003AB8DF80C2002F0ADFA024638B12346F3
:10CBB0008C2216491648F8F799FB04B010BD009076
:10CBC0000021022003AB02F09DFA024620B1234669
:10CBD00093220E490F48EEE700900021002003AB9E
:10CBE00002F090FA873004D023469A2207490A4877
:10CBF000E1E70220002102F0F3FA20B12346A1224E
:10CC000002490648D7E72070D7E700BF7864060CD2
:10CC1000CF55060C5E57060CCC64060CD74F060C9D
:10CC2000F0B50446514B99B004AA03F1200615460D
:10CC300018685968083303C5B3422A46F7D11B88E0
:10CC40000DAA2B804A4B03F128061546186859682F
:10CC5000083303C5B3422A46F7D11B8821222B8013
:10CC60000023032003930093002104AB02F04AFA4F
:10CC700040B1234640F2F9123E493F48F8F736FBEF
:10CC800019B0F0BD03AE0EAD012322220320002116
:10CC90000196009502F054FA873005D023464FF4F0
:10CCA000017234493548E9E72A2231490DA800F0DC
:10CCB000B9FF024628B1234640F20A222D493048E6
:10CCC000DCE7222303200021CDE9005602F038FAE8
:10CCD00028B1234640F2152226492A48CEE7039F71
:10CCE000212F05D0234640F21B2222492648C5E7C2
:10CCF0002A2226490DA800F095FF18B1234640F2DC
:10CD00002122DBE72A221A490DA800F0E4FF3B4666
:10CD1000012203200021CDE9005602F011FA28B1CA
:10CD2000234640F2312213491948A7E7039B202BE1
:10CD300005D0234640F237220E4916489EE72A22A4
:10CD400015490DA800F06EFF18B1234640F23E22AF
:10CD5000B4E70320002102F043FA28B1234640F251
:10CD6000452204490D4889E7207089E7194F060CD0
:10CD70005156060C7864060C914F060CF15C060CBB
:10CD80002B5C060C1E5D060C5B5D060C0656060C45
:10CD9000B95D060C085E060C5A5E060CD74F060CF1
:10CDA00070B50446484B98B004AA03F12006154616
:10CDB00018685968083303C5B3422A46F7D11B885F
:10CDC0000DAA2B80414B03F12806154618685968B7
:10CDD000083303C5B3422A46F7D11B8821222B8092
:10CDE0000023032003930093002104AB02F08AF98F
:10CDF000024640B1234640F23B1235493548F8F728
:10CE000075FA18B070BD03AE0EAD212303200021CA
:10CE10000196009502F094F928B1234640F243129E
:10CE20002B492D48EBE72A222C490DA800F0FAFEE9
:10CE300028B1234640F2491225492948DFE72A2232
:10CE400022490DA800F047FF1D23022203200021E4
:10CE5000CDE9005602F074F918B1234640F257129A
:10CE6000DEE704221F490DA800F0DCFE28B12346AE
:10CE700040F25D1216491C48C1E71D2228460DF1FB
:10CE8000120100F0CFFE28B123464FF4B2721049D0
:10CE90001648B4E7042213490DF1550000F0C2FE14
:10CEA00028B1234640F26B1209491148A7E7032035
:10CEB000002102F095F928B123464FF4B9720449D4
:10CEC0000C489CE720709CE7194F060C5156060C45
:10CED0007864060C914F060CF255060C0656060CAB
:10CEE000445B060C2B56060CA75B060CCB5B060CB2
:10CEF000DF5B060CD74F060C70B50446224A8CB097
:10CF000003AB02F120061D4610685168083203C5C4
:10CF1000B2422B46F7D10023128801202A8000213B
:10CF20000093212203AB02F0EDF880B90123242203
:10CF3000009301200021154B02F0E4F860B1234674
:10CF4000C12213491348F8F7D1F90CB070BD8530F0
:10CF500012D1114802F056FB4FF0004321220093FA
:10CF60000320002103AB02F0CDF8863009D0234620
:10CF7000D42207490948E6E72346CD220449084858
:10CF8000E1E700232370E0E7194F060CAA58060CCE
:10CF90007864060CCF58060C3E59060C075A060C4E
:10CFA000E559060C10B500210446002002F018F9DE
:10CFB000873008D02346BDE8104040F24A3203498A
:10CFC0000348F8F793B90023237010BD7864060C6A
:10CFD000BF61060C10B500210446012002F000F9E3
:10CFE000853008D02346BDE8104040F2373203496F
:10CFF0000348F8F77BB90023237010BD7864060C52
:10D000009161060C10B5044602F000F940B12346C8
:10D01000BDE8104040F20B4202490348F8F766B9F8
:10D02000207010BD7864060CF764060C03461422C9
:10D0300001490248F8F74CB9788D03301165060CA8
:10D0400070B50446354A9AB004AB02F120061D467D
:10D0500010685168083203C5B2422B46F7D11068F8
:10D06000127928602A712E4A0EAB02F128061D465D
:10D0700010685168083203C5B2422B46F7D11068D8
:10D08000127928602A710025039501350F2229465F
:10D09000244802F0B7FA0023242200930220002142
:10D0A00004AB02F02FF8024638B1234681221E4914
:10D0B0001E48F8F71BF91AB070BD03AB01930FAB14
:10D0C000009302202423002102F03AF820B12346E5
:10D0D0008A2215491648ECE72D2216490EA800F0C1
:10D0E000A1FD20B1234690220F491348E1E7022019
:10D0F000002102F075F8064620B1234697220A491E
:10D100000E48D6E72D2206490EA800F0E4FD0F2DAB
:10D11000BBD10B4802F076FA2670CCE7AA58060C71
:10D12000175B060C5E55060C3467060CCF55060CD3
:10D13000F255060C935A060C3056060CD74F060CC7
:10D140007B56060C70B50446354A9AB004AB02F122
:10D1500020061D4610685168083203C5B2422B46AE
:10D16000F7D11068127928602A712E4A0EAB02F1AD
:10D1700028061D4610685168083203C5B2422B4686
:10D18000F7D11068127928602A71002503950135BE
:10D190000F222946244802F035FA00232422009366
:10D1A0000220002104AB01F0ADFF024638B1234656
:10D1B00049221E491E48F8F799F81AB070BD03AB12
:10D1C00001930FAB009302202423002101F0B8FF4C
:10D1D00020B12346522215491648ECE72D22164964
:10D1E0000EA800F01FFD20B1234658220F49134816
:10D1F000E1E72D220B490EA800F06DFD0F2DC6D1E1
:10D200000F4802F0FFF90220002101F0E9FF20B1F0
:10D210002346652205490B48CDE72070CDE700BFC6
:10D22000AA58060C175B060C5E55060C3467060CF4
:10D23000CF55060CF255060C935A060C3056060CC8
:10D240007B56060CD74F060C0346022201490248C2
:10D25000F8F73EB8688E03308A67060C70B504464E
:10D260003A4B8CB002AA03F120061546186859689B
:10D27000083303C5B3422A46F7D118681B792860E2
:10D280002B710023242200930220002102AB01F025
:10D2900039FF40B1234640F2C2222D492D48F8F70C
:10D2A00025F80CB070BDF7F799FF28B1234640F27E
:10D2B000CB2227492848F2E7F7F790FF18B1234619
:10D2C00040F2D122F5E70120F7F788FF054618B1B3
:10D2D000234640F2D722ECE700F058FD843005D019
:10D2E000234640F2E3221A491C48D8E72846F7F7BC
:10D2F00077FF28B123464FF43D7215491848CEE711
:10D30000F7F76EFF18B1234640F2FA22F5E7012045
:10D31000F7F766FF18B123464FF44072EDE700F0CF
:10D3200035FD28B1234640F2073209490D48B6E7DA
:10D330000220002101F054FF28B1234640F20E32B2
:10D3400003490948ABE72070ABE700BFAA58060CB9
:10D35000D867060CCF55060C3068060C4A68060CD8
:10D360006168060C7B68060CD74F060C70B5044646
:10D37000334B8CB002AA03F1200615461868596891
:10D38000083303C5B3422A46F7D118681B792860D1
:10D390002B710023242200930220002102AB01F014
:10D3A000B1FE40B123464FF41B7226492648F7F7D9
:10D3B0009DFF0CB070BDF7F711FF28B1234640F276
:10D3C000752220492148F2E70220F7F709FF0546B8
:10D3D00028B1234640F27B221A491D48E7E700F0B6
:10D3E000D5FC843005D0234640F2872215491948E0
:10D3F000DDE72846F7F7F4FE18B123464FF426720E
:10D40000EAE70220F7F7EAFE18B1234640F29E222F
:10D41000D7E700F0BBFC28B1234640F2A52209491A
:10D420000D48C4E70220002101F0DAFE28B12346AE
:10D430004FF42B7203490948B9E72070B9E700BFE0
:10D44000AA58060CD867060CCF55060C3068060C97
:10D450006168060C9D68060C7B68060CD74F060CAD
:10D4600070B50446394B8CB002AA03F1200615466C
:10D4700018685968083303C5B3422A46F7D11868BB
:10D480001B7928602B7100232422009302200021A5
:10D4900002AB01F037FE38B12346E8222C492D4873
:10D4A000F7F724FF0CB070BDF7F798FE20B12346C4
:10D4B000EF2227492848F3E70120F7F78FFE10B144
:10D4C0002346F522F5E70220F7F788FE054610B15E
:10D4D0002346FB22EDE700F059FC843005D02346BB
:10D4E00040F207121A491D48DAE72846F7F778FE96
:10D4F00028B123464FF48C7215491948D0E7012012
:10D50000F7F76EFE18B123464FF48F72F4E702204E
:10D51000F7F766FE18B123464FF49272ECE700F07D
:10D5200035FC28B1234640F22B1209490D48B7E7D4
:10D530000220002101F054FE28B123464FF49972D5
:10D5400003490948ACE72070ACE700BFAA58060CB5
:10D55000D867060CCF55060C3068060CBB68060C65
:10D560006168060C7B68060CD74F060C70B5044644
:10D57000404B9AB004AA03F1200615461868596872
:10D58000083303C5B3422A46F7D118681B792860CF
:10D590002B71394B0EAA03F12806154618685968F5
:10D5A000083303C5B3422A46F7D118681B792860AF
:10D5B0002B7100232422039300930220002104AB4B
:10D5C00001F0A0FD40B1234640F221222B492C4816
:10D5D000F7F78CFE1AB070BD0120F7F701FE28B1F5
:10D5E000234640F22A2225492648F1E70220F7F790
:10D5F000F7FD18B123464FF40C72F4E70220F7F759
:10D60000EFFD18B1234640F23622ECE700F0BEFBF6
:10D61000024628B1234640F2412218491A48D7E76A
:10D6200003AB01930FAB009302202423002101F0F0
:10D6300087FD28B1234640F2492210491348C7E725
:10D640002D2213490EA800F0EDFA28B1234640F22E
:10D650004F220A490F48BBE70220002101F0C0FD1C
:10D6600028B1234640F2562204490B48B0E7207007
:10D67000B0E700BFAA58060C175B060CD867060C6B
:10D68000CF55060C6168060C7B68060CF255060C3B
:10D69000935A060C3056060CD74F060C70B504464C
:10D6A0003C4B9AB004AA03F1200615461868596845
:10D6B000083303C5B3422A46F7D118681B7928609E
:10D6C0002B71354B0EAA03F12806154618685968C8
:10D6D000083303C5B3422A46F7D118681B7928607E
:10D6E0002B7100232422039300930220002104AB1A
:10D6F00001F008FD40B1234640F2D91227492848DD
:10D70000F7F7F4FD1AB070BD0120F7F769FD28B1F5
:10D7100023464FF4F17221492248F1E70220F7F73E
:10D720005FFD18B123464FF4F472F4E700F02EFBCE
:10D73000024628B1234640F2F31218491A48DFE79F
:10D7400003AB01930FAB009302202423002101F0CF
:10D75000F7FC28B1234640F2FB1210491348CFE7EB
:10D760002D2213490EA800F05DFA28B1234640F29D
:10D7700001220A490F48C3E70220002101F030FDD1
:10D7800028B123464FF4027204490B48B8E72070D1
:10D79000B8E700BFAA58060C175B060CD867060C42
:10D7A000CF55060C6168060C7B68060CF255060C1A
:10D7B000935A060C3056060CD74F060C70B504462B
:10D7C000374B9AB004AA03F1200615461868596829
:10D7D000083303C5B3422A46F7D118681B7928607D
:10D7E0002B71304B0EAA03F12806154618685968AC
:10D7F000083303C5B3422A46F7D118681B7928605D
:10D800002B7100232422039300930220002104ABF8
:10D8100001F078FC40B1234640F29312224923489C
:10D82000F7F764FD1AB070BDF7F7D8FC28B12346AE
:10D830004FF4CE721C491E48F2E700F0A7FA0246E8
:10D8400028B123464FF4D47217491A48E8E703ABCE
:10D8500001930FAB009302202423002101F070FC00
:10D8600028B123464FF4D8720F491348D8E72D2228
:10D8700012490EA800F0D6F928B123464FF4DB7206
:10D8800009490F48CCE70220002101F0A9FC28B18A
:10D89000234640F2BD1204490A48C1E72070C1E79F
:10D8A000AA58060C175B060CD867060CCF55060C59
:10D8B0003068060C7B68060CF255060C935A060C71
:10D8C0003056060CD74F060C70B50446384B9AB04C
:10D8D00004AA03F12006154618685968083303C5E1
:10D8E000B3422A46F7D118681B7928602B71314B57
:10D8F0000EAA03F12806154618685968083303C5AF
:10D90000B3422A46F7D118681B7928602B7100238F
:10D910002422039300930220002104AB01F0F2FBC8
:10D9200040B1234640F24D1223492448F7F7DEFC6C
:10D930001AB070BD0220F7F753FC28B123464FF40C
:10D94000AB721D491E48F1E700F020FA024628B1EB
:10D9500023464FF4B17218491A48E7E703AB019325
:10D960000FAB009302202423002101F0E9FB28B132
:10D9700023464FF4B57210491348D7E72D221349B7
:10D980000EA800F04FF928B123464FF4B8720A49A7
:10D990000F48CBE70220002101F022FC28B12346EA
:10D9A00040F2771204490B48C0E72070C0E700BF7F
:10D9B000AA58060C175B060CD867060CCF55060C48
:10D9C0006168060C7B68060CF255060C935A060C2F
:10D9D0003056060CD74F060C70B50446544B9EB01B
:10D9E00008AA03F12006154618685968083303C5CC
:10D9F000B3422A46F7D118681B7928602B714D4B2A
:10DA000012AA03F12806154618685968083303C599
:10DA1000B3422A46F7D118681B7928602B7100237E
:10DA20002422079300930220002108AB01F06AFB37
:10DA300038B12346782240494048F7F757FC1EB0DA
:10DA400070BD03A9F7F7C8FB20B123467F223A49EE
:10DA50003B48F2E7009024220220002108AB01F0AD
:10DA600051FB10B123468622E5E704A9F7F7B4FB82
:10DA700010B123469122EAE7039B049A01339342B3
:10DA800004D0234699222C492E48D6E7012005A927
:10DA9000F7F7A2FB10B12346A022D8E7DDE9042363
:10DAA0009A4204D02346A52223492748C5E70220ED
:10DAB00006A9F7F791FB10B12346AC22C7E7DDE9D1
:10DAC00005239A4204D02346B1221B491F48B4E7DC
:10DAD00000F05CF9024620B12346BD2216491C48DD
:10DAE000ABE707AB019313AB009302202423002183
:10DAF00001F026FB20B12346C5220F4915489CE7BB
:10DB00002D22154912A800F08DF820B12346CB2212
:10DB10000949124891E70220002101F061FB20B180
:10DB20002346D22204490E4887E7207087E700BFCA
:10DB3000AA58060C175B060CD867060CCF55060CC6
:10DB4000EB68060C0069060C3169060C5F69060C6F
:10DB50008D69060CF255060C935A060C3056060CCD
:10DB6000D74F060C70B50546144A8CB002AC02F1D2
:10DB70002006234610685168083203C3B2421C468F
:10DB8000F7D110681860137923710024F7F718FB98
:10DB9000242202200021009402AB01F0B3FA843069
:10DBA00008D02B4640F2293205490648F7F79EFB7C
:10DBB0000CB070BDF7F70AFB2C70F9E7AA58060CF9
:10DBC000D867060CA869060C0346092201490248D9
:10DBD000F7F77EBB808E0330EA69060C034601220C
:10DBE00001490248F7F774BBEC8E0330486E060C0F
:10DBF000002210B5114604464FF0FF3001F05CFAE8
:10DC0000032807D02346BDE81040162203490448E4
:10DC1000F7F76CBB0023237010BD00BFC16E060C6C
:10DC20000D6F060C0346002030B5013A00D230BD1E
:10DC30001D780C78A54202D008B9281BF5E70133FE
:10DC40000131F2E7814270B41346054602D370BC3D
:10DC500000F041B88218194483B900241819032828
:10DC600016D86FF003009C084443234422440C441C
:10DC700000218B4214D1284670BC704742EA010053
:10DC80008007EAD011F8010D013B02F8010DE3E72E
:10DC9000601850F8046CA01840F8046C043CDDE7F0
:10DCA000601A10F8016C501A00F8016C0131E0E7BD
:10DCB00003460020884200D170471A5C002AFBD03E
:10DCC0000130F7E7034600201A5C02B970470130C3
:10DCD000FAE703DF7047034670B56AB900241519E7
:10DCE000032D13D822F0030421441C44002302F026
:10DCF00003029A4210D170BD41EA0304A407EDD09B
:10DD000011F8014B013A03F8014BE6E70D1B2E68B1
:10DD10001D1B2E60043CE2E7CD5CE5540133E8E7CF
:10DD2000F0B505460C0444EA01640C4344EA0124BE
:10DD300062B913465619032A0ED823F003022A4467
:10DD400003F0030313449A420AD1F0BDAB07F0D0AD
:10DD500005F8011B013AEBE7B71A3C60043AEAE721
:10DD600002F8011BEFE710B501390244904201D1DE
:10DD7000002005E0037811F8014FA34201D0181BE1
:10DD800010BD0BB10130F1E71846F9E737B50121B5
:10DD90004FF2C000F6F7F4FA051E0DDD00231A4617
:10DDA0001946CDE9003301F049FA04462846F6F752
:10DDB00003FB204603B030BD6FF08304F9E730B5B4
:10DDC00085B0CDE90212044601214FF2E000F6F7DA
:10DDD000D7FA051E0EDD00232146CDE9003302AA45
:10DDE000012301F02BFA04462846F6F7E5FA20460F
:10DDF00005B030BD6FF08304F9E700007FB5CDE9D1
:10DE00000423012304AACDE90201009240F2E93182
:10DE10000548019302AA01F011FA10B9089B059A6E
:10DE20001A6007B05DF804FB03010040002310B541
:10DE300088B0039302AB0493042303AA0C46CDE9F4
:10DE400006230593029069B1012306AA019300926B
:10DE500040F2EA31054804AA01F0F0F9039B23607F
:10DE600008B010BD6FF08600FAE700BF0301004064
:10DE700030B5382597B008AB04462A46002118462D
:10DE8000FFF74EFF03AB069304234FF44272079350
:10DE90000123ADF8482006AACDE90405009200212F
:10DEA0000548019304AA099401F0C8F910B9039830
:10DEB00017B030BD0020FBE70001004030B5382529
:10DEC0009BB00CAB0C462A460021ADF80E0018465C
:10DED000FFF726FF40F20952ADF8582005AA069236
:10DEE0000422079201220DF10E030A9302230192EC
:10DEF00006AACDE9080500920021064808AA0D945B
:10DF00000B9301F09BF910B905981BB030BD0020B0
:10DF1000FBE700BF000100402DE9F0414FF0380859
:10DF200098B01C460AAB07460E46154600214246ED
:10DF30001846FFF7F5FE1823CDE9073604230393AF
:10DF4000012340F20322019302ABCDE90408ADF8AE
:10DF5000502000930021032304AA04480697099542
:10DF6000029401F06BF918B0BDE8F08100010040A7
:10DF700010B592B004463422002105A8FFF7D0FE68
:10DF80004FF40173ADF8383004AB0021029338230D
:10DF9000CDE90011039302AA01230348049401F080
:10DFA0004DF912B010BD00BF0001004030B595B072
:10DFB00005460C463422002107A8FFF7B1FE4FF4B6
:10DFC0000073ADF8403006AB02933823CDE903343B
:10DFD00018230593012304AA00920021019302AAA9
:10DFE0000248069501F02AF915B030BD0001004045
:10DFF000F0B595B007460E4615460021342207A815
:10E000001C46FFF78DFE40F20523ADF8403006AB0D
:10E0100002933823CDE90336012304AA0193009229
:10E02000002102AA04480697059501F007F9059B0F
:10E03000236015B0F0BD00BF00010040F0B595B001
:10E0400007460E4615460021342207A81C46FFF756
:10E0500067FE40F20623ADF8403006AB029338234A
:10E06000CDE90336012304AA01930092002102AAFC
:10E0700004480697059501F0E1F8059B236015B06B
:10E08000F0BD00BF00010040F0B53827064695B04E
:10E0900006AB0D46144600213A461846FFF740FEEF
:10E0A00032680021089240F20552CDE90207ADF82E
:10E0B00040200223CDE9001102AA0348CDE904540F
:10E0C00001F0BCF815B0F0BD0001004070B5044689
:10E0D00094B00E46154600212C2209A8FFF720FE19
:10E0E000236804AA089340F20253ADF8403006AB0F
:10E0F00002933823CDE903340423059301230092CE
:10E100000021019302AA0348CDE9066501F096F8C3
:10E1100014B070BD0001004070B5044694B00E46C6
:10E12000154600212C2209A8FFF7FAFD236804AA4E
:10E13000089340F20353ADF8403006AB0293382306
:10E14000CDE90334042305930123009200210193B8
:10E1500002AA0348CDE9066501F070F814B070BD5D
:10E16000000100402DE9F0414FF03808074696B015
:10E170001C4608AB0E461546002142461846FFF7DE
:10E18000CFFD1C9B3A68039301230A9240F206528A
:10E19000019302ABCDE90408ADF84820009304AA2E
:10E1A000022300210548CDE90665029401F046F8F6
:10E1B0001D9B039A1A6016B0BDE8F0810001004073
:10E1C00030B5382595B0044606AB2A4600211846DE
:10E1D000FFF7A6FD04232268059308924FF4A1627D
:10E1E0000123ADF8402004AACDE9020500920021E8
:10E1F000019302AA0248049401F020F815B030BD42
:10E20000000100402DE9F0414FF0380896B01D465E
:10E2100008AB04460F461646002142461846FFF753
:10E220007FFD04232268CDE9053702230A9240F2DC
:10E230000752019304ABCDE90208ADF848200093E2
:10E240000021012302AA05480494079600F0F6FF76
:10E25000079B2B6016B0BDE8F08100BF00010040B5
:10E2600070B5382694B0044606AB0D463246002100
:10E270001846FFF755FD042322680593089240F2E3
:10E2800002320123ADF8402004AACDE90206009233
:10E290000021019302AA03480795049400F0CEFFE1
:10E2A00014B070BD00010040F0B53827064695B0A7
:10E2B00006AB0D46144600213A461846FFF730FDDE
:10E2C00032680021089240F20332CDE90207ADF82E
:10E2D00040200223CDE9001102AA0348CDE90454ED
:10E2E00000F0ACFF15B0F0BD000100402DE9F04199
:10E2F0004FF0380896B01D4608AB04460F46164648
:10E30000002142461846FFF70BFD04232268CDE9A1
:10E31000053702230A9240F20532019304ABCDE99E
:10E320000208ADF8482000930021012302AA054805
:10E330000494079600F082FF079B2B6016B0BDE89F
:10E34000F08100BF00010040F0B5382797B008AB5E
:10E3500004460E46154600213A461846FFF7E0FCF3
:10E3600004232268039301230A9240F206320193A8
:10E3700002ABCDE90407ADF8482000930021022349
:10E3800004AA0448CDE90665029400F057FF17B0CF
:10E39000F0BD00BF000100402DE9F0414FF038080A
:10E3A00096B01C4608AB07460E461546002142466D
:10E3B0001846FFF7B5FC1C9B4FF4407203930123F2
:10E3C000019302ABCDE90408ADF84820009304AAFC
:10E3D000022300210648CDE906650997029400F062
:10E3E0002DFF1D9B039A1A6016B0BDE8F08100BF97
:10E3F000000100402DE9F0414FF0380896B01C466E
:10E4000008AB07460E461546002142461846FFF760
:10E4100087FC002140F201321C9BCDE90208ADF8D7
:10E4200048200793CDE90011032302AA0448CDE94F
:10E4300004650997069400F001FF16B0BDE8F0816D
:10E440000001004070B5044694B00E461546002108
:10E450002C2209A8FFF764FC236804AA089340F261
:10E460000343ADF8403006AB02933823CDE90334C3
:10E4700004230593012300920021019302AA03487B
:10E48000CDE9066500F0DAFE14B070BD0001004071
:10E49000F0B53827064695B006AB0D461446002168
:10E4A0003A461846FFF73CFC32680021089240F2D9
:10E4B0000442CDE90207ADF840200223CDE9001166
:10E4C00002AA0348CDE9045400F0B8FE15B0F0BD2F
:10E4D00000010040F0B5382797B008AB04460E465F
:10E4E000154600213A461846FFF71AFC0423226815
:10E4F000039301230A9240F20642019302ABCDE955
:10E500000407ADF8482000930021022304AA044820
:10E51000CDE90665029400F091FE17B0F0BD00BF92
:10E52000000100402DE9F0431446302299B08046A6
:10E53000DDE920690F460DEB020000211D46FFF7C3
:10E54000EFFB4FF4C063CDE90A87ADF850303EB918
:10E55000B9F1000F04D06FF0860019B0BDE8F08368
:10E56000229B102D0693239BCDF82490CDE90736EE
:10E57000249B0293259B0393EDD834B122460DF1E1
:10E580003B0361198A4215D113950AAB04933823D2
:10E5900005930123002E019302AB009304AA0CBF44
:10E5A000022303230021064800F048FE269B039A1D
:10E5B0001A60D2E712F8010B03F8010FE2E700BF7F
:10E5C000000100402DE9F0431446302299B0804606
:10E5D000DDE920690F460DEB020000211D46FFF723
:10E5E0009FFB40F20163CDE90A87ADF850303EB998
:10E5F000B9F1000F04D06FF0860019B0BDE8F083C8
:10E60000229B102D0693239BCDF82490CDE907364D
:10E61000249B0293259B0393EDD834B122460DF140
:10E620003B0361198A4215D113950AAB0493382331
:10E6300005930123002E019302AB009304AA0CBFA3
:10E64000022303230021064800F0F8FD269B039ACD
:10E650001A60D2E712F8010B03F8010FE2E700BFDE
:10E660000001004070B5044694B00E4615460021E6
:10E670002C2209A8FFF754FB236804AA089340F250
:10E680000263ADF8403006AB02933823CDE9033482
:10E6900004230593012300920021019302AA034859
:10E6A000CDE9066500F0CAFD14B070BD0001004060
:10E6B00070B5044694B00E46154600212C2209A8D8
:10E6C000FFF72EFB236804AA089340F20363ADF81A
:10E6D000403006AB02933823CDE90334042305937D
:10E6E000012300920021019302AA0348CDE90665A7
:10E6F00000F0A4FD14B070BD00010040F0B5382753
:10E70000064695B006AB0D46144600213A4618461B
:10E71000FFF706FB32680021089240F20562CDE95E
:10E720000207ADF840200223CDE9001102AA0348F8
:10E73000CDE9045400F082FD15B0F0BD00010040A9
:10E74000F0B5382706460D4693B004AB14460021B9
:10E750003A461846FFF7E4FA32680021CDE906256B
:10E7600040F20662CDE90207ADF838200123CDE979
:10E77000001102AA0248089400F060FD13B0F0BD39
:10E780000001004070B5064694B006AB18460C4632
:10E79000154600213822FFF7C3FA32680346089273
:10E7A00040F20762ADF8402004B98DB90021029310
:10E7B0003823002CCDE90334CDE900110CBF01232F
:10E7C0000223054802AA059500F038FD14B070BD7B
:10E7D0006FF08600FAE700BF00010040F0B5074681
:10E7E00097B01E4608AB18460C4615460021382245
:10E7F000FFF796FA3A6803460A924FF4C162ADF801
:10E80000482004B9D5B904933823CDE905341C9BBD
:10E81000002C03934FF00103019302AB009304AA71
:10E820000CBF01230223002106480795029600F041
:10E8300005FD1D9B039A1A6017B0F0BD6FF08600AE
:10E84000FAE700BF00010040F0B5074699B01E4648
:10E850000AAB18460D46144600213822FFF760FA2D
:10E860003A6803460C9240F20962ADF8502025B98F
:10E870001CB16FF0860019B0F0BD02933823CDE9CA
:10E880000337042305931E9B099406931F9BCDE930
:10E890000735ADB1A4B1002EEBD0032404AB009337
:10E8A00002AA012300210748019400F0C7FC032CB1
:10E8B00014BF0023099B079A3360209B1A60DAE794
:10E8C0000224EBE700010040F0B5074699B01C4672
:10E8D0000AAB18460E46154600213822FFF720FAEB
:10E8E0003A6803460C9240F20A62ADF8502026B90D
:10E8F0001DB16FF0860019B0F0BD02933823039369
:10E900001E9B099504931F9BCDE905370423CDE990
:10E91000073696B18DB1002CEBD0022506AB0093E3
:10E92000002102230648019502AA00F087FC022D6F
:10E9300014BF0023099B2360DDE70125EEE700BF3C
:10E940000001004030B5382595B0044606AB2A4694
:10E9500000211846FFF7E4F9042322680593089282
:10E9600040F20B620123ADF8402004AACDE9020574
:10E9700000920021019302AA0248049400F05EFC78
:10E9800015B030BD00010040F0B597B007460E4607
:10E990001546002130220AA81C46FFF7C1F94FF4A2
:10E9A000E063ADF8483008AB04933823CDE9053572
:10E9B0001C9B04AA02931D9B002103930123019336
:10E9C00002AB009305480223CDE90876079400F0D6
:10E9D00035FC1E9B039A1A6017B0F0BD0001004081
:10E9E000F0B597B007460E461546002130220AA81A
:10E9F0001C46FFF795F940F20173ADF8483008ABBB
:10EA0000029338230021CDE903351C9BCDE9001189
:10EA100006931D9B02AA079304480323CDE90876B9
:10EA2000059400F00BFC17B0F0BD00BF00010040E2
:10EA3000F0B597B007460E461546002130220AA8C9
:10EA40001C46FFF76DF940F20273ADF8483008AB91
:10EA500004933823CDE905351C9B04AA02931D9B22
:10EA6000002103930123019302AB00930548022385
:10EA7000CDE90876079400F0E1FB1E9B039A1A602B
:10EA800017B0F0BD00010040F0B597B007460E4644
:10EA90001546002130220AA81C46FFF741F940F232
:10EAA0000373ADF8483008AB029338230021CDE959
:10EAB00003351C9BCDE9001106931D9B02AA079309
:10EAC00004480323CDE90876059400F0B7FB17B09E
:10EAD000F0BD00BF000100402DE9F0431646302292
:10EAE00099B08046DDE920490F460DEB0200002178
:10EAF0001D46FFF715F94FF40063CDE90A87ADF81D
:10EB0000503014B9B9F1000F21D10AAB0493382366
:10EB1000CDE90536229B002C0293239B04AA039384
:10EB20004FF00103019302AB00934FF000010CBFC3
:10EB3000022303230748CDE90754CDF8249000F0C1
:10EB40007DFB249B039A1A6019B0BDE8F0836FF037
:10EB50008600F9E7000100402DE9F0431646302217
:10EB600099B08046DDE920490F460DEB02000021F7
:10EB70001D46FFF7D5F840F60103CDE90A87ADF849
:10EB8000503014B9B9F1000F21D10AAB04933823E6
:10EB9000CDE90536229B002C0293239B04AA039304
:10EBA0004FF00103019302AB00934FF000010CBF43
:10EBB000022303230748CDE90754CDF8249000F041
:10EBC0003DFB249B039A1A6019B0BDE8F0836FF0F7
:10EBD0008600F9E700010040F0B53827064695B0F9
:10EBE00006AB0D46144600213A461846FFF798F842
:10EBF00032680123089240F60812ADF8402004AABA
:10EC0000CDE9020700920021019302AA0348CDE951
:10EC1000045400F013FB15B0F0BD00BF000100402C
:10EC200070B5054692B00C4616460021342205A860
:10EC3000FFF776F82B680021069340F60513ADF830
:10EC4000383004AB02933823CDE90011039302AAB4
:10EC5000012304480496ADF83A4000F0EFFA12B0F0
:10EC600070BD00BF0001004030B5382595B00446A6
:10EC700006AB2A4600211846FFF752F80423226803
:10EC80000593089240F60A120123ADF8402004AA29
:10EC9000CDE9020500920021019302AA02480494E2
:10ECA00000F0CCFA15B030BD00010040F0B597B0CF
:10ECB00007460E461546002130220AA81C46FFF7DB
:10ECC0002FF84FF48063ADF8483008AB0493382335
:10ECD000CDE905351C9B04AA02931D9B00210393DB
:10ECE0000123019302AB009305480223CDE9087686
:10ECF000079400F0A3FA1E9B039A1A6017B0F0BDA8
:10ED000000010040F0B597B007460E4615460021B9
:10ED100030220AA81C46FFF703F840F20143ADF881
:10ED2000483008AB029338230021CDE903351C9B02
:10ED3000CDE9001106931D9B02AA07930448032303
:10ED4000CDE90876059400F079FA17B0F0BD00BF60
:10ED500000010040F0B597B007460E461546002169
:10ED600030220AA81C46FEF7DBFF4FF4A063ADF883
:10ED7000483008AB04933823CDE905351C9B04AA21
:10ED800002931D9B002103930123019302AB009387
:10ED900005480223CDE90876079400F04FFA1E9B40
:10EDA000039A1A6017B0F0BD00010040F0B597B0AB
:10EDB00007460E461546002130220AA81C46FEF7DB
:10EDC000AFFF40F20153ADF8483008AB049338234D
:10EDD000CDE905351C9B04AA02931D9B00210393DA
:10EDE0000123019302AB009305480223CDE9087685
:10EDF000079400F023FA1E9B039A1A6017B0F0BD27
:10EE000000010040F0B597B006460F4615460021B8
:10EE100030220AA81C46FEF783FF4FF41063ADF8BA
:10EE2000483008AB04933823CDE905351C9B04AA70
:10EE300002931D9B002103930123019302AB0093D6
:10EE400005480223CDE90876079400F0F7F91E9BE8
:10EE5000039A1A6017B0F0BD0001004070B5382663
:10EE600094B0044606AB0D46324600211846FEF724
:10EE700057FF042322680593089240F601120123EC
:10EE8000ADF8402004AACDE90206009200210193CA
:10EE900002AA03480795049400F0D0F914B070BD9D
:10EEA0000001004070B53826054692B004AB0C4610
:10EEB000324600211846FEF733FF2A6800210692E9
:10EEC00040F60312CDE90206ADF838200123CDE962
:10EED000001102AA0248109400F0B0F912B070BDFF
:10EEE000000100402DE9F0414FF03808074694B08A
:10EEF0001C4606AB0E461546002142461846FEF754
:10EF00000FFF3A680021089240F60412CDE902088A
:10EF1000ADF840200223CDE9001102AA0448CDE952
:10EF20000454ADF8426000F089F914B0BDE8F081F6
:10EF300000010040F0B5382797B008AB05460E46F3
:10EF4000144600213A461846FEF7EAFE18230793B6
:10EF500004233268039301230A9240F609120193B5
:10EF600002ABCDE90407ADF848200093002102234D
:10EF700004AA03480695029400F060F917B0F0BDAA
:10EF80000001004018220021FEF7CABE00B58BB078
:10EF9000CDE9020102A904910821CDE905130CABCA
:10EFA00008930423099300230792CDE9003340F22C
:10EFB000E931032304AA034800F040F90BB05DF8DF
:10EFC00004FB00BF0201004010B58CB0CDE9020186
:10EFD00002A908910821099105A90A9104210F9C11
:10EFE0000B910E990592CDE9061374B1012301939B
:10EFF00006AB009340F2EA310223054808AA00F06C
:10F000001DF9079B23600CB010BD6FF08600FAE776
:10F010000201004010B58CB0CDE902010021CDE91C
:10F0200009110B9102A90591082109ABCDE906133D
:10F030000C23144608938AB1012307AA0193009276
:10F0400040F2EB31074805AA00F0F8F8099B23606D
:10F050000A9B63600B9BA3600CB010BD6FF0860031
:10F06000FAE700BF020100407FB502AB049308231A
:10F0700005930023CDE90201CDE900334FF47B7104
:10F08000012304AA024800F0D9F807B05DF804FB98
:10F0900002010040002307B51A464FF47D71CDE907
:10F0A0000033044800F0CAF80028B8BF012003B0BC
:10F0B0005DF804FB05010040002300B589B0CDE9EF
:10F0C000063303AB0493042303900593A9B10B68A3
:10F0D00006934B6807930223111E18BF01210848AD
:10F0E000CDE9002140F2F53104AA00F0A7F800288C
:10F0F000B8BF012009B05DF804FB0123ECE700BFB5
:10F100000501004000B58BB0CDE9020102A90491D0
:10F110000821CDE905130CAB0893042309930023C0
:10F120000792CDE9003340F2E931032304AA0348F2
:10F1300000F084F80BB05DF804FB00BF0101004053
:10F1400010B58CB0CDE9020102A9089108210991FE
:10F1500005A90A9104210F9C0B910E990592CDE906
:10F16000061374B10123019306AB009340F2EA3118
:10F170000223054808AA00F061F8079B23600CB041
:10F1800010BD6FF08600FAE70101004010B58CB0A9
:10F19000CDE902010021CDE909110B9102A90591E8
:10F1A000082109ABCDE906130C23144608938AB154
:10F1B000012307AA0193009240F2EB31074805AA08
:10F1C00000F03CF8099B23600A9B63600B9BA360E3
:10F1D0000CB010BD6FF08600FAE700BF01010040DF
:10F1E0007FB502AB0493082305930023CDE9020108
:10F1F000CDE900334FF47B71012304AA024800F0EB
:10F200001DF807B05DF804FB010100407FB503AABB
:10F2100004920422059201220023019204AA009282
:10F2200040F2ED311A460448039300F007F80398C2
:10F2300007B05DF804FB00BF0101004070B5B1F5F7
:10F24000004F1D46DDE9043403D2042D01D8042CFF
:10F2500001D9F5F78BF8240444EA05642143BDE89D
:10F260007040F5F74FB807B503468DF807200846FC
:10F2700001220DF10701984703B05DF804FB2DE969
:10F28000F84F1D46074688461646BDF828409DF8AB
:10F290002CA09DF830909DF834307AB333B11346EA
:10F2A0001D4613F8012B002AFAD1AD1BAC428ABFD0
:10F2B000641B0024A4B2BAF1000F14D02A463146D0
:10F2C0004046B847BAF1000F18D0002513E04A466F
:10F2D00041463846FFF7C7FF0BF1010B1FFA8BF3CE
:10F2E0009C42F4D8EAE7D346F8E74A464146384616
:10F2F000FFF7B9FF0135ABB29C42F6D8BDE8F88FF5
:10F300002DE9F04F002489B09DF848C006469DF8CD
:10F310005800A4450F469DF854100CBF4FF0200A2A
:10F320004FF0300AA0429846CDE905440CBF612059
:10F3300041209DF85030CDF81B4019B1A242ACBF1E
:10F34000214652420DF11E04A1460A38B2FBF3FBDE
:10F3500003FB1B2B5FFA8BF5BBF1090F94BF303514
:10F360002D18A646EDB2934204F1FF346570B2FB4E
:10F37000F3F518D931B1BCF1000F16D12D2323704C
:10F38000AEF102040023CDE902A39DF84C303946CA
:10F39000CDE900833046A9EB0403621CFFF76FFF41
:10F3A00009B0BDE8F08F2A46D0E72D223946304615
:10F3B000FFF759FFE6E700002DE9F04F89B01C4642
:10F3C0009DF8483006460F469246F3B112783C2A23
:10F3D00019D00A3AD2B2282A98BF624B4FF00100E6
:10F3E00098BF53F822204FF0000388BF0022CDE9D8
:10F3F0000230CDE900333046FFF741FF2022394685
:10F400003046FFF730FF0AF1010A4FF00009CB4602
:10F41000C846002511E0BDB9252B00F09B800A2BC2
:10F4200006D10D22394630460793FFF71CFF079B94
:10F430001A4639463046FFF716FF1AF8013B002BF3
:10F44000E9D109B0BDE8F08F7A2B08D8682B0ED827
:10F45000302B74D036D8252B76D02D2B7FD000239F
:10F460000122CDE90033CDE902323F4A62E0693B37
:10F47000112BF4D801A252F823F000BFE7F4040CDA
:10F480005FF4040C5FF4040C3BF4040C5FF4040C14
:10F490005FF4040C5FF4040C5FF4040C5FF4040CE0
:10F4A0005FF4040C23F5040C5FF4040CF1F4040C79
:10F4B0005FF4040C5FF4040C11F5040C5FF4040C0D
:10F4C0003BF4040C582B28D00BD8A3F13102082AA6
:10F4D000C5D808EB8808303B03EB48031FFA83F8D4
:10F4E000ABE7642BBBD101230025CDE9033502E056
:10F4F0000025CDE903550A23CDE90193CDF800B0ED
:10F5000043463946304654F8042BFFF7F9FE94E79A
:10F510000025049510230395EEE7012300250493AD
:10F52000F8E720230121CDE902310023CDE900894C
:10F5300054F8042B39463046FFF7A1FE69E7B8F1CD
:10F54000000FC6D1AB4678E71A4639463046FFF77A
:10F550008AFE5EE7A946AB46A84601256DE7A946A7
:10F560006BE700BF2C8A060C346F060C10B50446FE
:10F57000083000F057F80028C2BF63681B186360AA
:10F5800010BD000010B500248CB00B46009202A9FB
:10F59000024607488DF808400394FFF70DFF02A8C4
:10F5A0009DF80810FFF7E2FF03980CB010BD00BFF4
:10F5B000B5F5040CF8B507460E4617F8081B0546C6
:10F5C0008B18202B144609D9FFF7D0FF00232644BF
:10F5D0002B70202CA6EB04010AD80E462878224670
:10F5E00031463844FEF777FB2B7823442B70F8BD67
:10F5F00020223846FEF76FFB20212846FFF7B6FF92
:10F60000203CE6E70FB407B504A951F8040B01222A
:10F610000191FFF7B7FF03B05DF804EB04B070474A
:10F6200002DF7047FFF7FCBF73B50D461646042195
:10F630001A4603201C46EFF7A1F8D0B92368069AB2
:10F64000D900B342118016D8012104200DF1070220
:10F65000EFF794F868B9079B084A02201A609DF8F2
:10F660000730089A43F4E243138021682A46EFF7F3
:10F6700085F802B070BD43F65C20FAE70906000683
:10F68000084610B51146024600201C46EFF776F8F2
:10F69000024678B92146EFF73DF8024650B9236893
:10F6A0000299DB000B80039B034919604FF49051D2
:10F6B000049B1980104610BD09010008014B03602E
:10F6C00002207047108B060C014B0360022070472C
:10F6D000D08A060C01680E4A0346914215D1C169D1
:10F6E000A2F11022A2F1EF1291420ED18268012AFA
:10F6F0000BD8C26812B101698A4206D0586928B194
:10F700009B691B1A5842584170470120704700BF3F
:10F7100055AA00FF0E4B70B59E68B6B13046FFF794
:10F72000D9FF044618B9F3687BB935690DB920468D
:10F7300070BD2846FFF7CEFF28B9EB68B34204D16D
:10F740002E462D69F2E70446F1E70124EFE700BFFA
:10F7500040CF0330394A2DE9F0411468D4B19468A0
:10F76000C4B1002868D0002966D001FB00F5B5FBC4
:10F77000F0F0884260D1281D5ED8A9070DD025F091
:10F7800003010431D46803E06068884207D2A469A9
:10F79000002CF9D12046BDE8F0812946F2E7D4F8E3
:10F7A0000880B8F1000F02D00120F4F780FD401A64
:10F7B000232804F12006D4E9057C1BD80123A3608B
:10F7C000AFB1C7F818C0A36903B15F610023C4E9F2
:10F7D00005331369DB0703D5FFF79CFF0028E3D14E
:10F7E0002A46002130463446FEF79AFAD2E7C2F89C
:10F7F0000CC0E8E701F1200E04EB0E032038C3E94A
:10F8000001082069DFF83880DC60186144F80E8058
:10F81000DFF830E0C3F81CE000B1C360C3E9057C49
:10F8200047B1BB61986900B1436101202361C4E91C
:10F830000110CBE7D360F5E70024ABE740CF0330FE
:10F8400055AA00FF669911EEF8B5054600285DD06F
:10F85000394F3B68002B59D0BA68002A56D08342F2
:10F8600003D87A681344984202D30120F4F71FFDAD
:10F87000A0F120042046FFF72DFF0028F5D155F810
:10F88000183C012BF1D155F8146C45F8180CB6B1A1
:10F89000B368002B3BD155F81C3C03F12002736880
:10F8A0001344736055F8103C336103B1DE602046A9
:10F8B00020220021FEF734FA234634461E462069F2
:10F8C000002830D08368002B2DD163684268203334
:10F8D000134463600369D4E905212361CAB9F1B90E
:10F8E000426981696261A161DAB19461A26902B180
:10F8F000546103B1DC6020220021FEF711FA3B695C
:10F900009B0703D5FFF706FF0028AED1F8BD0646DA
:10F91000D5E79161A1690029E2D04A61E0E7F96089
:10F92000F8E7FC60E2E7002EE9D1FB68A36103B1D0
:10F930005C61FC60E3E700BF40CF033038B50D46A3
:10F940001422002104461248FEF7EAF91149124830
:10F9500000F03AF8232D1AD914F003031FBF043D19
:10F96000ED18C3F10403E4182A4600212046FEF7EF
:10F97000D7F9074B094AC3E900459C602260A2F110
:10F980001022203DA2F1EF126560E261DC6038BD1B
:10F9900040CF033049F8040C55F7040C55AA00FF7A
:10F9A000002070470FB4002004B07047704700007B
:10F9B000014B1B68184700BF408F0330014B1B6889
:10F9C000184700BF3C8F0330024B1860024B0020E9
:10F9D00019607047408F03303C8F0330014B186033
:10F9E00000207047388F033010B50A46044619B11D
:10F9F000024B00211B68984710BD00BF408B060CCE
:10FA000010B5044608B1FFF7EFFF2046BDE81040EF
:10FA1000FFF7D4BF00F4E040B0F5805F04D0A0F55C
:10FA2000005358425841704701207047054B5A789F
:10FA3000022A04D11878C31F584258417047002049
:10FA4000704700BF54CF03300E4B0340B3F1607FCB
:10FA500006D1B1F5885F0CBF00206FF086007047BB
:10FA6000B3F1707F0BD101F4E043B3F5005F06D131
:10FA700011F4E06F14BF00206FF0860070476FF044
:10FA8000860070470000C07F914270B506460C4664
:10FA900047D07D4B21F4FF7121F00101994210D034
:10FAA0007A4924F0FF038B420BD024F47F7020F0BE
:10FAB0000300A1F57061884203D001F5A0618B427B
:10FAC00031D1714B22F4FF7121F00101994211D023
:10FAD0006E4922F0FF038B420CD022F47F7020F09D
:10FAE0000300A1F57061884204D001F5A0618B424A
:10FAF00040F0C68084EA0203FF2B00F2C18014F0BC
:10FB0000FF0304D0624943F000738B4209D012F026
:10FB1000FF0206D05E4B42F0007199420CBF2246B4
:10FB20000022104670BD04F0FE43B3F1A06F2AD14D
:10FB300002F0FE43B3F1A06F40F0A28084EA02031A
:10FB400033F47E1340F09C802504C4F30543C2F3D4
:10FB5000054102F400400ED548B18B4238BF0B4638
:10FB600024F47E1242EA034242F40042D9E78B4277
:10FB700088BF0022D5E7002800F082808B422CBF8E
:10FB800022460022CDE7B3F1407F79D102F0FE4357
:10FB9000B3F1407F74D184EA020333F47E136FD152
:10FBA00031462046FFF750FF002869D114F47C1538
:10FBB00018D0C4F3054512F47C1330D0C2F30543CA
:10FBC000200402F400414BD5002945D0AB4238BF98
:10FBD0002B461B0403F47C1324F47E14234343F4C8
:10FBE00000429EE72B4B2340B3F1607F0AD1E3B282
:10FBF00043F0007303F17E43033B102BDBD826490F
:10FC0000CD5CD8E7B3F1707FD5D106F4E043B3F50E
:10FC1000005F02BF0125C6F302239D40CBE71D49CB
:10FC20001140B1F1607F0AD1D1B241F0007101F110
:10FC30007E4103391029C3D8184B5B5CC0E7B1F192
:10FC4000707FBDD106F4E041B1F5005F02BF012332
:10FC5000C6F30226B340B3E79D4288BF002260E7A7
:10FC600021B19D422CBF224600225AE79D4209D174
:10FC70002D0405F47C1524F47E1445EA040250E7B3
:10FC800000224EE70A464CE7000200060013000679
:10FC9000FF0000020000C07F558B060C558B060C40
:10FCA0008A42F8B506460D4600F0DE80724B22F41B
:10FCB000FF7121F00101994222F0FF070FD003F5F7
:10FCC00088539F420BD022F47F7121F00301A3F5EA
:10FCD0007063994203D003F5A0639F4227D1664B1E
:10FCE00025F4FF7121F00101994210D0634925F0FC
:10FCF000FF038B420BD025F47F7020F00300A1F5A9
:10FD00007061884203D001F5A0618B420FD115F0DC
:10FD1000FF000BD05A4B40F00070984240F0A68094
:10FD200082EA0500FF288CBF00200120F8BD05F005
:10FD3000FE43B3F1A06F11D102F0FE43B3F1A06F07
:10FD400074D182EA050333F47E136FD12C046DD590
:10FD5000C5F30540C2F305429042E4E7B3F1407FAA
:10FD600064D102F0FE43B3F1407F5FD182EA050027
:10FD700030F47E145AD131462846FFF765FE00283C
:10FD800074D1404912F47C1001EA020116D0B1F19D
:10FD9000607FC2F3054335D1D1B241F0007101F16A
:10FDA0007E410339102901D8374C645C15F47C1F5F
:10FDB0002ED1A34214BF00200120B7E7B1F1607F2C
:10FDC0000AD1D3B243F0007303F17E43033B102BFF
:10FDD00050D82E49CB5CDFE7B1F1707F16D106F425
:10FDE000E043B3F5005F43D10123C6F302218B400A
:10FDF00006F4E041B1F5005FD8D10124C6F3022139
:10FE00008C40D3E7B1F1707FD0D1F1E70346CDE765
:10FE100018B9C5F30541A14226D0290406D5C5F37A
:10FE20000540834234BF002001207FE725F47F0393
:10FE3000B3F1106F0AD102F0FE43B3F1106F15D188
:10FE40001348104040F01060A842B3E7114B9D42A8
:10FE500001D1AF42AEE7B2F1082F07D10E4B9D4260
:10FE600004D1B6F5105FA5E701205FE700205DE74C
:10FE70000346BDE703468FE70002000600130006B5
:10FE8000FF0000020000C07F558B060C558B060C4E
:10FE90000000FFF60001000A0002C00310B521F0C7
:10FEA000FF0310B3244C21F4875222F01F02A24218
:10FEB00010D0224A93420DD021F4FF7222F00102A9
:10FEC000B2F1062F06D004F5C064A34202D01C4B49
:10FED0009A4207D111F0FF011ED01A4B41F0007178
:10FEE00099421FD16FF086001BE0144A21F4FF7481
:10FEF00024F001049442EDD002F588529342E9D0F7
:10FF000021F47F7424F00304A2F570629442E1D0DE
:10FF10000D4A934205D1DDE7002814BF6FF086003B
:10FF2000002010BD01F17E41083903298CBF6FF01C
:10FF300085000020F5E700BF000300060002000670
:10FF400000040006FF000002000900060B4B20F42D
:10FF50007E10984206D10739072934BF00206FF080
:10FF600086007047064B984205D1002914BF002037
:10FF70006FF0860070476FF0850070470001400504
:10FF80000002400500F0FE43B3F1A06F2AD1174BE9
:10FF900020F4FF7222F001029A4210D0144A20F09D
:10FFA000FF0393420BD020F47F7121F00301A2F5EF
:10FFB0007062914203D002F5A06293420BD110F01F
:10FFC000FF0011D00B4B40F0007098420CBF6FF057
:10FFD00086000020704710F4004F14BF6FF08600B9
:10FFE000002070476FF08600704700BF00020006D7
:10FFF00000130006FF00000270B583780446013B41
:020000040C05E9
:10000000012B0E4615460FD852B111460120FFF7BD
:10001000CFFC606058B12A463146FDF75CFEA56012
:1000200003230020A37070BD6FF08800FBE76FF022
:100030008C00F8E770B51C4640F201239942054652
:10004000164624D0B1F5017F06D040F20113994243
:1000500017D06FF0860070BD837853BB6CB121461A
:100060000120FFF7A5FCE86010B96FF08C00F2E703
:1000700022463146FDF72FFE2C6101230020AB7094
:10008000E9E722463146BDE87040FFF7B5BF837807
:10009000032B0ED15CB121460120FFF789FC68617A
:1000A0000028E2D022463146FDF715FEAC6104235C
:1000B000E4E76FF08800CEE738B5037904460D46D3
:1000C00063B9D4E9050185E80300237F0020012BF3
:1000D0000BD0C5E900006FF0960005E0D0E90912E9
:1000E00003F0C0FE0028ECD038BD02232377FBE7E5
:1000F00037B504464868000A02D0084DA8420AD124
:100100000698009004F1080009F0BEFF08B9012329
:10011000236003B030BD6FF08600FAE70100800075
:1001200037B505460C46FFF781FC78B100230A4637
:1001300001932946074801AB11F07AFA20B9019BD7
:10014000A34218BF6FF0930003B030BD6FF088007A
:10015000FAE700BF58CF033041680F4B024699427F
:1001600002D1037D980710D5136873B1137DD907A9
:100170000BD513F002000DD0D3684BB91369002BD7
:1001800014BF6FF08600002070476FF08800704742
:100190006FF08600704700BF000150053AB100299A
:1001A00018BF00232121D21A1844FDF7B9BD7047AA
:1001B0002DE9F743CDE90001DDE9000190461F4636
:1001C0000A9C03F03BFC0546002844D1D8F80060A7
:1001D000B6F8009009F4E043B3F5804FB36808BF68
:1001E00027F0010737EA03032DD1A4B3254B24F4EC
:1001F000FF7222F001029A4210D0234A24F0FF033A
:1002000093420BD024F47F7121F00301A2F57062B8
:10021000914203D002F5A062934220D114F0FF0373
:1002200004D01A4A43F0007393421FD02246484636
:10023000F168FFF735FD074668B92246484631693F
:10024000FFF72EFDD8B96FF0840500233046C8F8BB
:10025000003003F0DEFC284603B0BDE8F08304F074
:10026000FE43B3F1407F04D12304DFD56FF0860550
:10027000EBE7B3F1A06FF7D0044B9C42D5E73D46C6
:10028000E9E700BF0002000600130006FF000002BD
:1002900030B585B002AC84E80300009394E8030015
:1002A0004FF480431546FFF783FF044658B928688A
:1002B00043681B0A07D0054A934204D003F0A9FC07
:1002C0002C606FF08504204605B030BD0100800031
:1002D00000F0FE43B3F1106F02BF20F01F6020F466
:1002E000702040F00060704738B500F0FE43B3F175
:1002F000407F04460D4602D06FF0860038BDFFF700
:10030000A3FB0028F8D114F47C1F18D0C4F30543D4
:10031000032B137022D9224A2240B2F1607F31D1DF
:10032000E4B244F0007404F17E44033C102CE3D8A2
:100330001C4A125D9342DFD8402BDFD90EE0184BE8
:100340002340B3F1607F0FD1E3B243F0007303F1B8
:100350007E43033B102B04D9002313706FF08500FC
:10036000CCE71149CB5CD3E7B3F1707FF4D101F452
:10037000E043B3F5005FEFD10123C1F302218B40CD
:10038000DBB2C5E7B2F1707FB6D105F4E042B2F559
:10039000005FB1D10122C5F30225AA40CAE700BF20
:1003A0000000C07F558B060C558B060C2DE9F047DD
:1003B000994600238AB006AC84E80300DDE9138681
:1003C0008DF82330169B0092002B94E8030015460D
:1003D0000CBF4FF400634FF4806309AA159FFFF729
:1003E000E7FE044620BBDDF824A02846BAF800103A
:1003F0000DF12302FFF778FF0446C8B99DF82300EA
:10040000B04225D8DAE90912DAF804301B0A02D022
:10041000124CA3421FD1129BCDE90307CDE90093F3
:1004200050462B46CDF8088009F082FE044600B104
:100430003E603246214640463B68FFF7AFFE0998D2
:1004400003F0E7FB002C18BF20460AB0BDE8F08798
:100450006FF08904ECE76FF08604E9E701008000A3
:100460002DE9F341D0F804804769044640460E4622
:1004700003F0D1FB054660BB5FFA88F31BB93FB1BF
:100480006FF0860525E06FF04043013F9F42F7D2B1
:10049000A06820F47F4020F003000028F0D14FF640
:1004A000F87362889A4218D8277907B901A83146AB
:1004B00003F082FA054660B90FCCD6F800C0664654
:1004C0000FC694E8070086E8070017B9019BCCF82F
:1004D0001430284602B0BDE8F0816FF08505F8E7DA
:1004E000F0B58BB005460C4617460021182204A82B
:1004F0001E46FDF715FC4FF6F8724FF48853B2EB29
:10050000C60F4FF6FF72ADF80C304FEAC60338BF86
:100510001346ADF80E304FF4A0534FF4C0720021D3
:1005200028460593FDF7FCFBE1B241F000706B79C2
:1005300000F17E400338102843F001036B718CBF3B
:1005400000230A4B41F0607198BF1B5C3A462B7147
:1005500028463346009103A9FFF7CAFD044603A8C5
:1005600003F0AAF920460BB0F0BD00BF558B060C76
:1005700040F67E7300F6FF729A426DD9434213F043
:100580007F0306D0202BC3F1000037D16FF0850028
:10059000704710F1920F31DA10F5854F0DD026DC3F
:1005A00010F5A14FF2D016DC10F5C54F1CD010F598
:1005B000C14FEBD010F5C74F2CD16FF096007047AC
:1005C00040F25513C34013F0010F0CBF6FF08300CE
:1005D0006FF08600704710F5894F3BD010F5864FBD
:1005E000EBD010F5994F15D16FF08600704710F5DC
:1005F000834F2CD00EDC10F5844FF4E710F11F0F61
:1006000016DA10F1400F25D010F13F0F05DA6830EF
:100610000828D5D96FF08300704710F13D0F19D02D
:1006200010F1220F14BF6FF083006FF08500704748
:100630000E300E28EED8012340F2151283401342EB
:10064000D2D10E2814BF6FF08300002070476FF0E6
:10065000920070476FF09300704741F20523984273
:100660001AD8B0F5905F09D241F2010398420CD03C
:10067000B0F5885F09D06FF0850070472923A0F599
:10068000905080B2C340DB07F5D511F0070F14BFBF
:100690006FF0860000207047B0F5105FEBD121F0BD
:1006A0004003802B06D0B1F5807F14BF6FF0860029
:1006B000002070470020704770B5446A05460E461A
:1006C0003CB90120FFF774F9686228B12046AE6298
:1006D00070BD6FF08A00FBE76FF08C00F8E7F8B5AB
:1006E0000F46114606461546FFF7E6FF044620B9B9
:1006F0002A463946706AFDF7EEFA2046F8BD2DE924
:10070000F14FDDF830A00546DDE90AB889461E46FE
:1007100017460488C2B32046FFF77CF988B1D100A0
:100720002046CAF80010FFF798FF044628B949464A
:100730003046FDF7D0FAC8F80070204601B0BDE899
:10074000F08F630420D504F44F43B3F5824F0AD1F0
:1007500033462846CDE90B8ACDF828B001B0BDE874
:10076000F04F08F0C1BF44F2010324F440549C420E
:100770000AD133462846CDE90B8ACDF828B001B01E
:10078000BDE8F04F09F0DCBD6FF08504D5E710B58A
:100790000446406A10B1A16AFFF732F90020C4E9AB
:1007A000090010BD38B50446FFF7F1FF237F012B88
:1007B0000FD0023B012B0FD8236A012B14BF6FF01F
:1007C000960500252C2200212046FDF7A9FA28468F
:1007D00038BD236A002BF1E76FF09605F2E708B108
:1007E000FFF7E0BF70471FB50446CDE90001D8B15F
:1007F000DDE9000103AA03F021F90446A0B9039B37
:100800001A7F022A13D103221A771A79FF2A11D0EC
:1008100022B1D3E9050103F02DFA0446039803F051
:10082000E3F9002818BF0446204604B010BD6FF05D
:100830009604F3E76FF08404F0E770B586B002AD7C
:1008400085E803001046144603F036F800230093B1
:1008500005AA95E80300FFF7ABFC50B9059E3546A5
:100860000FCD0FC495E8070084E80700304603F079
:10087000D0F906B070BD70B5144602881D4610460A
:10088000049EFFF7C7F868B944F2010322F4405010
:10089000984207D002F44F42B2F5824F02D0B2F52F
:1008A000844F0ED1B4420FD822462846FDF713FAE2
:1008B0000021321B2819FDF733FA0020059B1C602C
:1008C00070BD6FF08500FBE76FF08900F8E700006E
:1008D000F0B587B002AC16461D4684E803000C9FB5
:1008E0002BB300233B60009394E80300012305AA87
:1008F000FFF75EFC0446A0B905984468D0E90912E8
:10090000240A02D00B4B9C420ED13346CDE900574E
:10091000FFF7B1FF0446059803F07BF9002C08BFF0
:100920000446204607B0F0BD6FF08604F3E76FF091
:100930008904F6E7010080002DE9F04705880746A5
:10094000DDE9088905F4E04EBEF5804F8C4614467B
:100950001E4644F2010E25F4405A1BD1F24507D041
:1009600005F44F43B3F5824F02D0B3F5844F19D14C
:10097000444526D8614622463046FDF7ACF90021B1
:10098000A8EB04023019FDF7CBF90020C9F80040AC
:10099000BDE8F087F24505D1CDE90889BDE8F0470B
:1009A00009F0F4BC05F44F45B5F5824F0CD1334640
:1009B00022463846CDE90889BDE8F047614608F08F
:1009C000C6BE6FF08900E3E76FF08500E0E7F0B5A1
:1009D00087B002AC16461D4684E803000C9F0BB39B
:1009E00000233B60009394E8030005AAFFF7E0FBB7
:1009F000044688B9059803885B0410D5CDE90057F3
:100A00003346D0E9091203F0EDFA0446059803F0E5
:100A100000F9002C08BF0446204607B0F0BD6FF077
:100A20008604F3E76FF08904F6E700002DE9F04152
:100A30001E46002386B005460F469046C6E90033A1
:100A40000493002A55D0B2F1005F55D204A9FFF7F4
:100A500007FD044680B90498836A8BB104986A68DC
:100A60004388120A0593436A50F8281F12D0244C79
:100A7000A2420FD06FF086040498FFF7B0FE2EE07C
:100A80006B681B0AF6D14146FFF716FE04460028A4
:100A9000E4D0F1E705AACDE90102009142463946CA
:100AA0002846FFF72CFE04460028E5D10498059B54
:100AB0004288C2B943804FF6F872934216D82B8809
:100AC00013B102889A42D5D16B8813B142889A42F9
:100AD000D0D13146FFF7F0FA04460028CCD12046A9
:100AE00006B0BDE8F0819A42C4D1E4E76FF0850416
:100AF000C2E76FF08604F2E76FF08504EFE700BF0E
:100B0000010080002DE9F04F154600271E468FB0EA
:100B10000DF1080C07AC8CE8030090460FCD0FC414
:100B200095E80700C6E9007784E8070000970223EC
:100B30009CE8030004AACDE904770697FFF738FB89
:100B4000044640B9B8F80030049C43B122889A4268
:100B500005D06FF086040598FFF741FE60E0B8F815
:100B6000022063880AB19342F3D12788DDF828A0D8
:100B7000D4F80C9051464A463846ADF81E30ADF8D0
:100B80001C70FEF781FF0546DDF82CB0D4F810800C
:100B9000594642463846FEF777FF2DB9BAF1000FA5
:100BA00002D0B9F1000FD4D128B9BBF1000F02D0A7
:100BB000B8F1000FCDD1A268099B0B90134005A995
:100BC00007A8CDE90935FFF74BFC04460028C2D140
:100BD000DDE904305A684168120AB2EB112F28D1BE
:100BE000089A120A0ED006A907A803F0E5F90446F0
:100BF0000028B0D1DDE90501FFF75EFD04460028BD
:100C0000A9D1A6E7D3E90912FFF769FD0446002838
:100C1000A1D131460598FFF74FFA044600289AD132
:100C2000049802F0F6FF002C18BF20460FB0BDE874
:100C3000F08F6FF085048EE710B50446006838B178
:100C4000012806D104F1080008F07CFF002323608E
:100C500010BD6FF08800F9E770B50E4601680546D3
:100C6000A1B906F0FE43B3F1007F15D100F10804ED
:100C7000E0222046FDF754F82046314608F080FF78
:100C8000044628B901232B60204670BD6FF088040C
:100C90002846FFF7D1FFF7E76FF08604F8E700007A
:100CA0002DE9F0410C4606464FF404720021BAB01B
:100CB0001030FDF735F8B4F1082F1CD0494A24F460
:100CC0003F7323F00303934224F0FF0717D0464BF2
:100CD00024F4FF7222F001029A4210D0A3F50073AF
:100CE0009F420CD0414B9F4209D06FF085052846AA
:100CF0003AB0BDE8F0816FF06043B36054E014F0A7
:100D0000FF04F2D044F0007505F17E48A8F103031A
:100D1000102BEAD801A252F823F000BF610D050C98
:100D20009D0D050C9D0D050CEB0C050CEB0C050C3D
:100D30008D0D050C910D050C950D050C990D050CEF
:100D40008D0D050C910D050CEB0C050CEB0C050C39
:100D50008D0D050C910D050C950D050C990D050CCF
:100D60001024E82200216846FCF7DAFF294668468D
:100D7000FFF772FF05466846FFF75EFF002DB6D10C
:100D8000184B9F420CD1C4EB04240CE01C24E8E770
:100D90002024E6E73024E4E74024E2E71424E0E7F7
:100DA000114B9F4202D1B4600025A0E7104B9F4237
:100DB000E9D0104B9F4207D1A8F10908B8F1010F03
:100DC00093D84FF0FF3398E70B4B9F4206D1A8F121
:100DD0000908B8F1010F88D830238EE7034B9F42F2
:100DE000EFD082E70001000800040008000180083D
:100DF00000050008000200080003000838B5054699
:100E0000006880B112B90024204638BD01280AD1FB
:100E100005F1080008F02AFF04460028F3D0284610
:100E2000FFF70AFFF0E76FF08804F8E738B5002411
:100E30001C600546006870B1012809D105F1080061
:100E400008F032FF04462846FFF7F6FE204638BD7C
:100E50006FF08804F7E76FF08804F7E70023F0B538
:100E600093B00193036805460F46164643B3012B22
:100E70001AD1402201AB02A9083008F015FF044640
:100E80002846FFF7D9FE24B9019BB3420FD06FF07B
:100E90009404402102A8FEF7A7FD14B12846FFF7ED
:100EA000CBFE204613B0F0BD6FF08804E8E7324671
:100EB000384602A90DF03CF904460028E9D0E6E7DF
:100EC0006FF08804E5E770B40024DDE903652C6069
:100ED00000F0FE44B4F1007F04D1CDE9036570BC9D
:100EE00008F024BF6FF0860070BC704730B51D4617
:100EF00000F0FE43B3F1007F95B01DD103AB019329
:100F00004023009304AB08F011FF044628B9039A6C
:100F1000189B9A4208D06FF09404402104A8FEF771
:100F200063FD204615B030BD284604A90DF000F938
:100F300004460028EFD1F0E76FF08604F1E703687C
:100F400070B504460D46D3B10968C1B905F108066C
:100F5000E0223046FCF7E4FE2368012B0CD104F1BB
:100F6000080031462B6008F055FE044610B12846B3
:100F7000FFF762FE204670BD6FF08804F7E76FF060
:100F80008804F7E710B50446006858B101280AD173
:100F900004F1080008F06EFF00232360A3886FF3BC
:100FA0000803A38010BD6FF08600F5E72DE9F0433C
:100FB0001F46002387B002AC84E80600016805469E
:100FC000DDF83890059300294BD100F108084FF463
:100FD000BC724046FCF7A4FEB9F1000F009794E8FC
:100FE00003000CBF4FF400634FF4806305AAFFF7C2
:100FF000DFF80446B8B9059C384621882A1DFFF75A
:1010000073F9064680BB6B7969F300036B71D4E911
:101010000923B9F1000F0BD0214628460097FFF7AE
:1010200067F80446A0B12846FFF7ACFF26460FE05C
:101030006168090A02D00F48814217D12146404613
:10104000009709F023F804460028ECD101232B6017
:10105000059802F0DEFD002E18BF304607B0BDE84F
:10106000F0836FF08804DEE70446DCE76FF0860467
:10107000D9E700BF010080001FB502AC84E806007C
:101080000122009294E80600FFF790FF04B010BD23
:101090001FB502AC84E806000022009294E8060026
:1010A000FFF784FF04B010BD38B50546006898B15D
:1010B00012B90024204638BD01280AD105F10800E4
:1010C00008F0E6FF04460028F3D02846FFF75AFF51
:1010D000F0E76FF08604F8E76FF08804EAE72DE99F
:1010E000F041054600680F461646984610B36A79E7
:1010F000D2071FD52A79EAB1B2421ED801281FD1E2
:1011000005F1080008F0E4FF044618B10023C8F810
:1011100000602B7137B1324621463846D8F800308E
:10112000FFF73CF82846FFF72DFF002C18BF20469C
:10113000BDE8F0816FF08804E8E76FF08904E5E727
:101140006FF08604E2E700002DE9F0435FFA81F8D2
:1011500048F0007808F17E43033B102B96BF364AD7
:101160000026D65C43780546FF2BE3B060D0013300
:1011700043700670D0E90123414602A8FFF7B0F999
:101180000446002844D16B78012B4AD1D5E90512D9
:1011900002A8FFF789FF0446002839D1D5E90312D8
:1011A00002A8FFF781FF044690BB01AF05F12409B7
:1011B0003B463246494602A8FFF791FF3B6804468A
:1011C0009E4232D120BBD5E90123414602A8FFF758
:1011D00087F90446E0B93246494602A8FFF764FFA2
:1011E0000446A8B9D5E9051202A8FFF75DFF044639
:1011F00070B9D5E9031202A8FFF756FF044638B9C3
:101200003B46324605F1640102A8FFF768FF044639
:1012100002A8FFF7B7FE002C18BF204663B0BDE858
:10122000F083324605F12401BAE76FF09604EFE748
:101230006FF09600F2E700BF558B060C2DE9F04FDA
:10124000054616469A46ADF5017D20AF4FF4C072B3
:10125000089138460021FCF763FD9DF885300DF1BB
:10126000400843F001038DF88530D5F8E0300422C2
:101270001BBA41460EA810938DF88460FCF72BFD35
:1012800005F118030993089B514600933846D5F899
:10129000983005F11802FEF72BFF044660BBD5E934
:1012A00004123846FFF700FF044628BB04223846E4
:1012B0000EA9FFF7F9FE0446F0B90DF134094B46CB
:1012C000402241463846FFF70AFF0446A0B90D9B6D
:1012D0009E426ED101273246414605F19C00FCF743
:1012E000FAFC05F1980306940A93D5E90223974284
:1012F000069A72EB030309D340210DEB0100FEF7C0
:1013000073FB20460DF5017DBDE8F08FDAF804305F
:10131000D5F898201B0A02D02A498B424CD10DAB3C
:101320000DF14008CDE90363DDE908315046CDE910
:101330000168CDF8008008F0FBFE00283FD10DF1D8
:101340003C0900F1040B5E450BD200F19B032B44DA
:1013500010A9864224D8069B013743F10003069367
:10136000C3E70A9B04225B44194648460793FCF7EF
:10137000B2FCD9F800304146042248460B93FCF7F2
:10138000AAFCD9F800200B9B494653400798042239
:10139000C9F80030FCF79FFC08F104085846D0E774
:1013A00013F8012F10F801C0013082EA0C021A7004
:1013B000CFE76FF096049FE76FF086049CE7044642
:1013C0009AE700BF0100800038B50546006898B173
:1013D0006C79E40710D42C79944210D1012811D1F2
:1013E00005F1080008F081FE04462846FFF7CAFD13
:1013F000002C18BF204638BD6FF08804F5E76FF069
:101400009404F2E76FF08604EFE710B588B006ACFD
:1014100084E80300012104910D9903910C99029134
:101420000B9901910A99009194E80300FEF7BEFF21
:1014300008B010BD30B59BB006AC84E803000021B5
:10144000049109A90391402102911E990AAD0195C9
:10145000009194E80300FEF7A9FF044628B9099A11
:10146000209B9A4208D06FF0940428464021FEF752
:10147000BBFA20461BB030BD29461F980CF058FE21
:1014800004460028F1D0EEE72DE9F74F47F2010BB3
:10149000DDE90CCEDDE90E89058806465D45174677
:1014A0001C46DDF840A001911BD123F4FF721B4BB9
:1014B00022F001029A4205D024F0FF0203F588537E
:1014C0009A4228D123463A4630460199CDE90F9AEF
:1014D000CDE90DE8CDF830C003B0BDE8F04F08F01D
:1014E000AFBF05F44F45B5F5824F0FD16FF3080438
:1014F000B4F1062F0FD1CDE90F9ACDE90DE8CDF863
:1015000030C003B0BDE8F04F08F090B96FF085002F
:1015100003B0BDE8F08F6FF08600F9E70002000627
:101520002DE9F04117461C4623F4FF72244B22F0AC
:1015300001029A4205460E4698B010D0214A24F086
:10154000FF0393420BD024F47F7121F00301A2F535
:101550007062914203D002F5A06293422CD1DDE982
:101560001E1207AB0193402314F0FF000DF1200879
:1015700018BF40F000700093434608F0D7FBA8B9AD
:101580006868079B000A02D00F4A904211D1229A44
:1015900031460492219A28460392209ACDF8008081
:1015A000CDE9013223463A46FFF76EFF18B0BDE899
:1015B000F0816FF08600F9E76FF08500F6E700BF75
:1015C0000002000600130006010080002DE9F04F24
:1015D0001C4600238BB00DF1180888E80300DDE9F4
:1015E0001767DDE915B9214610463B601546FEF741
:1015F00055FC8246002837D1002E4AD0002D009499
:1016000008BF4FF4805398E8030018BF4FF480637D
:1016100009AAFEF7CDFD8246C8B90998038803F4EC
:10162000E043B3F5E04F31D1D0E9091243681B0A1A
:10163000F5B113B1184DAB4228D1149BCDE9036726
:101640000093CDE901B92346FFF76AFF8246514670
:10165000324648463B68FEF7A1FD099802F0D9FAE8
:10166000BAF1000F08BF824650460BB0BDE8F08FBC
:1016700013B1094DAB4209D1149BCDE90367009327
:10168000CDE901B92346FFF7FFFEDFE76FF0860AD9
:10169000DDE76FF0890AE7E70100800010B588B048
:1016A00006AC84E803000D9904910C9903910B9901
:1016B00002910A99CDE90031134694E80300012212
:1016C000FFF784FF08B010BD10B588B006AC84E801
:1016D00003000D9904910C9903910B9902910A99B9
:1016E000CDE90031134694E803000022FFF76EFFB6
:1016F00008B010BD2DE9F74F44F2010ADDE90CCE28
:10170000DDE90E890588064625F4405BD34517467A
:101710001C46019119D123F4FF72194B22F00102EA
:101720009A4205D024F0FF0203F588539A4224D14F
:1017300023463A4630460199CDE90E89CDE90CCED3
:1017400003B0BDE8F04F08F0EFBE05F44F45B5F526
:10175000824F0DD16FF30804B4F1062F0DD1CDE9FE
:101760000E89CDE90CCE03B0BDE8F04F08F008B902
:101770006FF0850003B0BDE8F08F6FF08600F9E7E9
:10178000000200062DE9F04117461C4623F4FF72C3
:10179000234B22F001029A4205460E4696B010D025
:1017A000204A24F0FF0393420BD024F47F7121F0F0
:1017B0000301A2F57062914203D002F5A062934248
:1017C0002AD1DDE91C1205AB0193402314F0FF0080
:1017D0000DF1180818BF40F000700093434608F060
:1017E000A5FA98B96868059B000A02D00E4A904293
:1017F0000FD11F9A314603921E9A2846CDE9013235
:10180000CDF8008023463A46FFF774FF16B0BDE8D6
:10181000F0816FF08600F9E76FF08500F6E700BF12
:10182000000200060013000601008000F0B58BB036
:1018300004AC84E8030008AF94E8030087E80300E1
:101840001146012015461E46FEF728FB044618BB2C
:1018500000954FF4006397E8030007AAFEF7A8FC81
:101860000446C8B907984468D0E90912240A02D08E
:101870000C4B9C4213D1129B0393119B0293109B20
:10188000CDE900632B46FFF77DFF0446079802F081
:10189000C0F9002C08BF044620460BB0F0BD6FF025
:1018A0008604F3E701008000F0B58BB004AC84E857
:1018B000030008AF94E8030087E803001146002006
:1018C00015461E46FEF7EAFA044618BB00954FF48B
:1018D000005397E8030007AAFEF76AFC0446C8B95C
:1018E00007984468D0E90912240A02D00C4B9C42A4
:1018F00013D1129B0393119B0293109BCDE90063BC
:101900002B46FFF7F7FE0446079802F082F9002CF9
:1019100008BF044620460BB0F0BD6FF08604F3E725
:10192000010080002DE9F0411E4600238CB0DDF857
:101930005C801546C8F80030234B22F0FF0208AC4B
:101940009A4284E80300149F01D0002F38D10095FB
:1019500094E803004FF480730BAAFEF729FC0446B9
:1019600038BB0B98038803F4E043B3F5804F02D0F3
:10197000B3F5E04F21D1D0E909124468240A02D01E
:10198000124B9C4219D1169BCDF818800593159BDC
:10199000CDE90373139B0293129BCDE900632B46A1
:1019A00008F040FE04460B9802F033F9002C08BF03
:1019B000044620460CB0BDE8F0816FF08604F2E7E3
:1019C0006FF08604F5E700BF000300070100800008
:1019D0002DE9F0411E4600238CB0DDF85C801546F1
:1019E000C8F80030214B22F0FF0208AC9A4284E88C
:1019F0000300149F01D0002F35D1009594E8030017
:101A00004FF400730BAAFEF7D3FB044620BB0B98E0
:101A1000038803F4E043B3F5E04F21D1D0E9091284
:101A20004468240A02D0124B9C4219D1169BCDF86F
:101A300018800593159BCDE90373139B0293129BAA
:101A4000CDE900632B4608F051FE04460B9802F0E6
:101A5000E0F8002C08BF044620460CB0BDE8F08139
:101A60006FF08604F2E76FF08604F5E700030007E5
:101A700001008000036810B5044653B1012B02D168
:101A8000083007F08DFC00232360237923F0030343
:101A90002371002010BD00002DE9F04105461C46D1
:101AA000002386B09DF9307002A880E806002A68FD
:101AB000012F059314BF4FF400734FF48073002A75
:101AC0007AD104F0FE42B2F1806F06D06FF0860446
:101AD0002846FFF7CFFF26464DE0009405AA03C82D
:101AE000FEF766FB0646002869D12B79354A23F0BC
:101AF0000303944218BF43F001032B71059B1B881D
:101B000003F4E042B2F5005F3ED113F4E06F3BD046
:101B10002D4924F480728A420AD001F500718C426A
:101B200006D02A498C4203D0A1F53F418A422BD1ED
:101B3000C3F3022201239340DBB205F108084C22D3
:101B400000216B714046FCF7EBF80599012F4868BE
:101B5000D1E909234FEA102025D118B107F5000774
:101B6000B842B3D14046009407F01CFB044600285D
:101B7000AED101232B60059802F04BF8002E18BF60
:101B8000304606B0BDE8F08142F20402934202D131
:101B90000F4B9C4205D00F4B9C420CBF0D230023E2
:101BA000CBE70C23C9E710B10B4FB8428ED14046AA
:101BB000009407F0FEFAD9E76FF0880488E704463E
:101BC00086E700BF004440040010C00400FF40044A
:101BD000000180040013C004010080001FB502ACA6
:101BE00084E806000122009294E80600FFF754FF03
:101BF00004B010BD1FB502AC84E8060000220092BC
:101C000094E80600FFF748FF04B010BD2DE9F0414D
:101C1000066807460D4698461EB3037903F0030392
:101C2000012B2ED1467996422ED8102E30D831462F
:101C30002846FEF775FA0446B0B93B68012B2BD154
:101C40003246294607F1080007F0BAFA044658B9A7
:101C5000C8F800603B7943F002033B712046BDE8C1
:101C6000F08135466FF0880400233846C8F800300C
:101C7000FFF700FF002DF1D031462846FDF7B4FEF6
:101C8000ECE700252E46EDE700256FF08904EBE731
:101C900000256FF08304E7E76FF08604E4E738B5CA
:101CA00004680546A4B1007900F0030001280FD1B3
:101CB000102A13D8012C11D105F1080007F080FA81
:101CC000044638B92B7943F002032B71204638BD06
:101CD0006FF088042846FFF7CDFEF7E76FF0860423
:101CE000F8E737B504680546B4B1007900F00300A1
:101CF000012811D0012C12D107980190069800906C
:101D000005F1080007F06AFA044610B12846FFF70B
:101D1000B1FE204603B030BD6FF08804F6E76FF0E7
:101D20008604F3E770B5046805461E46C4B1007921
:101D300000F00300012813D0012C14D105F1080094
:101D400007F0E6FA04462846FFF794FE23465A4277
:101D50001343DB173268204622EA0302326070BD6B
:101D60006FF08804EFE76FF08604ECE72DE9F047A9
:101D7000002490B09A46DDE9196902F0FE4308ADEF
:101D8000B3F1806F174685E80300DDF86C800B9493
:101D90007AD1009295E803004FF480730BAAFEF706
:101DA00007FA0546002873D10B9B1B8803F4E04219
:101DB000B2F5005F1CD113F4E06F19D0394927F454
:101DC00080728A420AD001F500718F4206D03649EE
:101DD0008F4203D0A1F53F418A4209D10124C3F3C8
:101DE00002239C40102C0ED900266FF0830534E0AE
:101DF00042F20402934202D12C4B9F420DD02C4B55
:101E00009F420CD10D24A14544D321460CA8FEF7D6
:101E100087F9054620B100261FE00C24F3E70024D3
:101E20000B98D0E909126EB306EB040C4568A9EBD8
:101E300004032D0A03D0DFF87CE0754525D1CDE9F8
:101E40000538189BCDF810C0CDE902A30CAB009368
:101E500001943B4607F0B3FA05460B9801F0D9FE12
:101E60000746DDB9D8B924B1224630460CA9FBF7A4
:101E700032FFD8F800301C443846C8F8004010B093
:101E8000BDE8F087B446D1E726466FF08605E4E763
:101E90002646E2E700266FF08905DEE72F4600249C
:101EA000EAE700BF0010C00400FF40040001800406
:101EB0000013C004010080002DE9F0411F460023FB
:101EC0008AB0099302F0FE4306ADB3F1806F144669
:101ED00085E80300DDF84080139E14D06FF086057E
:101EE000099801F096FE002814BF014629460B46CA
:101EF0005A421343DB170846326822EA0302326073
:101F00000AB0BDE8F081009295E803004FF4007339
:101F100009AAFEF74DF905460028E1D10998038882
:101F200003F4E042B2F5005F17D10122C3F30221AE
:101F300013F4E06F02FA01F20FD0194D24F480710E
:101F4000A94215D005F50075AC4211D0154DAC4233
:101F50000ED0A5F53F45A9420AD042F204029342B1
:101F600002D1114B9C4219D0104B9C4202D10D2240
:101F70004245B3D8D0E9091243681B0A02D00C4D80
:101F8000AB42ABD1129B04960393119B0097CDE912
:101F90000183234607F061FA0546A1E70C22E7E733
:101FA0000010C00400FF4004000180040013C004BE
:101FB000010080002DE9F0471F4600238EB0DDF8B8
:101FC00074A00AAC84E80300DDE91B861046CAF859
:101FD00000301546DDF85890FDF7D4FF00283BD1BE
:101FE000009594E803004FF480730DAAFEF7E0F823
:101FF000044650BB49462846FDF7A8FF044608BBE7
:102000000D984368D0E909121B0A02D0144CA34270
:102010001FD11A9BCDE9076A0593199BCDF818804B
:102020000493189B00970393179BCDE901932B46CC
:1020300006F0FCFE044628B126B132460021404697
:10204000FBF76EFE0D9801F0E4FD20460EB0BDE8F2
:10205000F0876FF08604EFE76FF08604F5E700BFC6
:10206000010080002DE9F0471F4600238EB0DDF807
:1020700074A00AAC84E80300DDE91B861046CAF8A8
:1020800000301546DDF85890FDF77CFF00283BD165
:10209000009594E803004FF400730DAAFEF788F84A
:1020A000044650BB49462846FDF750FF044608BB8E
:1020B0000D984368D0E909121B0A02D0144CA342C0
:1020C0001FD11A9BCDE9076A0593199BCDF818809B
:1020D0000493189B00970393179BCDE901932B461C
:1020E00006F002FF044628B126B1324600214046E0
:1020F000FBF716FE0D9801F08CFD20460EB0BDE8F2
:10210000F0876FF08604EFE76FF08604F5E700BF15
:102110000100800038B5046805465CB1012C0BD184
:10212000183006F069FE04464FF4D87200212846A4
:10213000FBF7F6FD204638BD6FF08604F4E700009B
:102140002DE9F04186B002AC84E80C0000230C9E1F
:10215000054630460F460593FDF714FFF0B16FF0CA
:102160008604059801F055FD002C7CD1404B26F4E7
:102170007E169E4273D003F580739E4271D0B6F1F5
:10218000052F3C4B18BF002304466B602B7D67F383
:1021900004132B75204606B0BDE8F0812B68002B98
:1021A0005AD1297D11F00F0156D105F118084FF4CD
:1021B000CC724046FBF7B4FD002F009694E8030074
:1021C0000CBF4FF400734FF4807305AAFDF7F0FFC6
:1021D00004460028C5D1264826F47E128242C6F362
:1021E0000741C6F3054305D023498A421ED06FF04C
:1021F0008504B6E7043B0C2BB1D8CA07AFD40599C8
:102200004868D1E90923000ADFB110B11B4CA04294
:10221000A5D1012028604046009606F02BFD04461B
:1022200000289ED1059B1B882B819AE7043BDBB2DB
:102230000C2B94D841F6117222FA03F3DB078ED5EA
:10224000DDE710B10D4CA04289D101202860404645
:10225000009606F01AFDE2E76FF0880481E7084B6C
:1022600092E7084B90E72846FFF754FF92E700BF3C
:102270000001400500051005000240050100800036
:1022800000015005000250051FB502AC84E80600AD
:102290000093012194E80C00FFF752FF04B010BD39
:1022A0001FB502AC84E806000093002194E80C00FE
:1022B000FFF746FF04B010BD70B506680D46044632
:1022C0001146AEB1037DDB0712D44068FDF73EFE38
:1022D000A0B9012E12D1294604F1180006F0E0FC45
:1022E000054638B9237D43F001032375284670BDA8
:1022F0006FF088052046FFF70DFFF7E76FF08605C2
:10230000F8E7FFF7D9BF2DE9FF4100241C601F4605
:10231000036806468846002B4BD0037D03F011036B
:10232000102B46D1038903F4E041B1F5005F2AD1B7
:1023300003F4E061B1F5806F25D1436883F0AA61B1
:1023400081F4807131F47E112BD083F0AA6383F481
:10235000007333F47E1322D021466846FDF7E0FE79
:10236000054640BB224669463046FFF7A5FF0546B5
:1023700008BB224669464046FBF7ADFC3C60284658
:1023800004B0BDE8F08142F204018B420FD17368C2
:1023900083F0052383F4801333F47E1307D10C24D8
:1023A00000E00D249442D7D96FF0890503E00024A2
:1023B000D2E76FF088053046FFF7ACFEDFE700009C
:1023C000F8B5036804460E461746E3B1027D12F0E5
:1023D0000E0F18D14168104A914202D1B6F57F4FD5
:1023E00017D8012B15D13A46314604F1180006F0F2
:1023F0007BFC054648B9237DC4E9036743F002032B
:1024000023752846F8BD6FF088052046FFF782FE49
:10241000F7E76FF08605F8E70001500538B5044688
:10242000006838B3237D03F00905012D22D132B9AC
:102430000025237D43F004032375284638BD9B0700
:1024400014D5E368934205D26FF086052046FFF766
:1024500061FEF2E79B1AE3600128F5D104F1180050
:1024600006F054FC05460028E2D0EFE76568034B10
:102470009D42F1D16FF08805E8E700BF00015005EB
:10248000F7B504460020099D2860266846B3207DE4
:10249000C70725D580071FD5E06828B16FF08605EE
:1024A0002046FFF737FE14E020699042F6D3801AE9
:1024B0002061012EF2D108980195009004F11800D6
:1024C00006F03EFC05460028EAD1237D43F00803D0
:1024D0002375284603B0F0BD676803488742E8D1FA
:1024E0006FF08805DCE700BF000150052DE9F04FD3
:1024F0001E46002385B0DDF840803360DDE90E978D
:10250000C8F8007005468A469346FDF725FE044646
:1025100088B92B7DDB061CD52B68012B1CD13346DB
:102520005A465146CDE90178CDF8009005F11800E2
:1025300006F032FC04463A4621464846D8F80030B8
:10254000FDF72CFE2846FFF7E5FD204605B0BDE867
:10255000F08F6FF08804EEE76FF08604EBE72DE96B
:10256000F0471E4600238AB03360054688469246EF
:10257000FDF7F2FDDDF84C90044620BB2B7DDB0619
:1025800028D42B68012B28D105AB0293102306AF6A
:102590000193524633464146009705F1180006F074
:1025A000FBFB044658B9059B994506D14A46394676
:1025B00012980BF0BDFD044608B16FF09404102191
:1025C0003846FDF711FA2846FFF7A4FD20460AB069
:1025D000BDE8F0876FF08804F5E76FF08604F2E756
:1025E00038B504460068FDF773FE002835D02B4946
:1025F00020F49F6323F007038B4220F0FF0202D0F8
:10260000274B9A420ED12069FDF7D8F904F1A000BA
:10261000FEF7B8FC054620464FF40871FDF7E4F9D3
:10262000284638BD1F4B20F4FF7121F0010199426B
:1026300015D1606910B1A169FDF7E2F9E06910B147
:10264000216AFDF7DDF9606A10B1A16AFDF7D8F9DA
:10265000E06A10B1216BFDF7D3F90025DBE7124BDF
:102660009A4203D003F58073984204D1206A00286F
:10267000F3D0616AEFE7B0F1082F0BD1D4E933133F
:102680001944D4F8C8300931194404F11000FDF799
:10269000ABF9E2E76FF08805BDE700BF0001000875
:1026A0000004000800020008000180082DE9F04F36
:1026B000044687B000681F46DDE91085FDF708FE77
:1026C000002800F0B98040F20313994259D0B1F5C7
:1026D000827F09D240F20113994214D0B1F5817F73
:1026E0004BD06FF0860504E1B1F5017F06D8B1F556
:1026F000007FF6D941F201039F4244E040F20623F5
:102700009942F7D0EDE7B7F5905F3FD0002F3DD06D
:10271000B0F1082FE5D1B7F5105FE2D194F8D530CC
:10272000022B00F2898040F20120814200F0828079
:1027300040F20620814200F0828040F20110814286
:10274000CFD1002B78D1D2E90501128804F1C00560
:1027500085E8030002F4E041B1F5005F02BF012308
:10276000C2F302229340C4F8C830012384F8D53064
:102770000025284607B0BDE8F08F41F203239F42B1
:1027800004D0B7F5905F01D0002FAAD1B0F1082F87
:10279000C4D0AF4A20F49F6323F00703934220F094
:1027A000FF0703D0AB4B9F4240F0CE8040F20223A4
:1027B000C6B29942059546F000765BD040F20323FD
:1027C000994200F0A08040F20113994289D1A24AB7
:1027D000A37E974203F0030362D16BBB06F17E42F6
:1027E000033A102A9CBF9D4B9B5C9D427FF479AFBE
:1027F0002A46414604F15B00FBF76DFA0222A37EF4
:1028000006F17E4662F301030022A376914B6276C5
:102810009F42A6F1030670D1102E98BF904B04F191
:102820001B0098BF9A5D04F15B01FBF754FA00238B
:1028300023769DE7012B19D06FF0880559E0D4F875
:10284000CC00022B00F1050004F1D006F4D1322DAA
:102850003FF647AF04F1100318442A464146FBF700
:102860003AFA356094F8D53001337FE7042004F15B
:10287000CC06ECE7784B9F423FF433AFA37E9A0738
:10288000DAD12B464246314604F1A000FDF728FE7E
:10289000054670BB0122A37E62F30103A37667E7BE
:1028A0007BB96C4A9742C7D01A46314604F1A00062
:1028B000FDF716FE0546E0B90122A37E62F301038F
:1028C000A376A37E03F00303012BB5D104F1A00985
:1028D00041464846059AFEF7E7FB054648B94022BF
:1028E000484605AB04F15B01FEF7F9FB05460028FD
:1028F00084D02046FFF774FE3BE7102E9CBF594B57
:102900009A5D227634E7534B9F423FF4EAAE524938
:10291000A37E8F4203F0030201D1002A8CD0032A48
:102920008AD05B0788D4656155B129460120FDF73F
:102930003FF82061002836D04146059AFBF7CBF9D5
:10294000A37E43F00403A9E7474B9F4207D12B46E0
:10295000424604F11000FDF76DFB054656E0434B7F
:102960009F4240F0858040F20113994204F1100922
:1029700007D040F20313994256D02B4642464846B0
:10298000E9E7A37C022B05BF236B2F1DAF1CFF18AB
:1029900018BF7F00802D3FF6A4AE39460120FDF719
:1029A00007F8064610B96FF08C05A2E7A37C00F18A
:1029B000020A022B5FFA85FB2CD1236B1B0A0370E2
:1029C000236B4370226B4AB15046E16AFBF783F9EF
:1029D000D4E90B01FDF708F8236B9A445346002213
:1029E00003F8022B41462A4618468AF801B00393A1
:1029F000FBF771F9039B31465A194846921BFDF7C4
:102A0000FBFA394605463046FCF7FAFF002D7FF405
:102A100070AFADE6002180F801B001702A46504643
:102A2000FBF77EF9AA44D9E7A07C01287FF404AF24
:102A30004DB12946FCF7BCFFE0620028B3D02A461E
:102A40004146FBF748F902232563A37490E600BFD3
:102A5000000100080004000800050008558B060C62
:102A6000558B060C558B060C00020008000300086D
:102A7000354B9F4203D003F5807398425ED1B1F588
:102A8000817F2BD040F2022399427FF42AAE237C2F
:102A9000012B20D102232374002D3FF469AE616A1B
:102AA00001202944FCF784FF064600283FF47BAF51
:102AB000626A12B1216AFBF70EF9606A2A46414642
:102AC0003044FBF708F9636A206A2B446362FCF721
:102AD00075FF26624CE6022BDED0ADE6237C022B8E
:102AE0007FF4AAAE184B9F427FF4FBADC0B240F01A
:102AF000007000F17E42033A102A04F1280320D826
:102B000012498E5CB5420CD904F1A80201928022D0
:102B1000414600922A46FEF7D6F903230546237460
:102B200074E72DB935460323C4F8A85023741FE673
:102B30002A4641461846FBF7CEF8F3E76FF08805C2
:102B400017E6002DEFD0DFE700018008448B060C6C
:102B500003681BB1836800200B6070476FF088002A
:102B6000704703689BB182688A420DD3B3F1082F86
:102B700002D081600020704790F8D4303BB9012327
:102B8000816080F8D430F5E76FF0860070476FF011
:102B9000880070472DE9F04F044600689BB0CDE9EE
:102BA000042128B96FF0880318461BB0BDE8F08FE8
:102BB000049BA2681BB9D2B96FF08E03F4E7049BA3
:102BC000934214D90023A3606FF08E03256820463A
:102BD0000693FFF705FDDDE905232560002AE3D014
:102BE0002121049A0598FBF79BF8069BDCE7FDF78B
:102BF0006FFB049BB0F1082FA2EB03030546A36013
:102C000040F09680049BD4F8C8705E1E3E44B6FB2C
:102C1000F7F67E43B74201D90023C5E794F8D530D3
:102C2000002B00F02381042B04F110052ED0D4E9F1
:102C3000333103EB010900234FF00108D20009F101
:102C4000050A12BA0A920AA9042205EB0A0009939E
:102C5000FBF741F809AB84F8D4800393D4F8C8306B
:102C600009F10909A944CDE90193CDF800A004F1C7
:102C70001403974AD4E93001FEF7C7FB0346002846
:102C8000A4D10423C4F8D88084F8D530B6FBF7F378
:102C90000693049B049AB3FBF7F307FB132B069BE5
:102CA0000026013B07933CE0059BD4F8C89006FB47
:102CB000093A079B9E4238D1BBF1000F35D0CB4576
:102CC000D84633D00AAF00230893D4F8D830042272
:102CD0001BBA09A928460993FAF7FDFFD4F8C820C2
:102CE00008ABCDE902230197D4E933310B44093312
:102CF00013440093764A2B46D5E92C01FEF785FB59
:102D0000034600287FF462AFC14504D042463946ED
:102D10005046FAF7E0FFD4F8D83001360133C4F852
:102D2000D830069BB342BFD176E7C8465746CAE7BC
:102D3000684A20F49F6323F00703934220F0FF06C4
:102D400002D0654B9E427AD1EDB245F0007A0AF18D
:102D50007E43033B102B96BF604A0027D75C5E4B37
:102D6000F21A18BF4FF0FF32D2B20692A27E02F0E2
:102D7000030101297AD9520701D49E4276D1A37E5C
:102D800043F00303A376049B002B3FF445AF1E469C
:102D90004FF0000BDDF8149004F11B0804F1A005BE
:102DA000217E48467A1AD2B2964238BFF2B24144E6
:102DB0000792FAF790FF079A237EB61A13449144BC
:102DC00023763FF429AF637E069A93424ED00133B7
:102DD000637651463B46284684F818B004F15B02FE
:102DE000FDF77EFB034600287FF4F0AE637E012BE7
:102DF0001CD1D4E904122846FEF756F903460028F0
:102E00007FF4E4AE0122284604F11901FEF74CF9E3
:102E1000034600287FF4DAAE0AAB4022414628463A
:102E2000FEF75DF903460028BAD0CFE63A464146A0
:102E30002846FEF739F903460028DAD0C6E6284BC3
:102E400020F4FF7222F001029A424DD1C3B243F046
:102E5000007303F17E43033B102B96BF214A0027EA
:102E6000D75CA37C042B04D0052B04D06FF088031F
:102E7000ACE60523A37404F1100804F17409DDE93C
:102E800004A614E0514598BF8B46A7EB010188BF0B
:102E90005FFA8AFBC9B230465A464944FAF71BFF2B
:102EA000237C5E44A3EB0B03AAEB0B0A2374BAF159
:102EB000000F3FF4B1AE217C0029E3D12946404602
:102EC000FEF742F9034600287FF480AEF3E700BF27
:102ED0000002C0030001000800040008558B060C26
:102EE00000020008558B060C394B9E4204D003F5B6
:102EF000807398427FF456AE182200210BA8FAF78F
:102F00000FFF4FF6F871D4F8A820D300B1EBC20F31
:102F10004FF6FF7238BF1346ADF82A304FF4806386
:102F20000C932B4B9E4237D1EDB245F0607845F0C3
:102F3000007505F17E45033D102D96BF254B0025FC
:102F40005D5D4FF48853ADF82830237C032B29D0E6
:102F5000042B8BD1049B002B3FF45EAEDDE90467AC
:102F60004FF0000A04F1100904F1AC0B94F8EC10D6
:102F700038466A1AD2B2B24288BFF2B259440692B7
:102F8000FAF7A9FE069AB61A174410D194F8EC3055
:102F90001A4484F8EC203FE64FF410531025DFF874
:102FA0003880D0E7042384F8EC502374D2E7D4F8B7
:102FB000F0302A460133C4F8F03041460AAB4846A7
:102FC00084F8ECA0FEF73AF903460028CED0FDE5E0
:102FD00000018008558B060C0002C00303681943EA
:102FE000B1FA81F0400970472DE9F04F0023044603
:102FF000A5B010462F9A0493C2E90033638888462F
:10300000002B00F052812E99FFF7E8FF002800F016
:103010004C81D8F80030002B00F04A8198F8043039
:10302000DA0740F14881204604A9FDF719FA8246E3
:1030300068B9049D66882888F71D00F4E043FF08FE
:10304000B3F5804F0596069705D16FF0860A049870
:10305000FDF7C5FB75E0994C00EA0403B3F5824F18
:1030600040F0F880C0B23F2800F29E80012308A8FB
:10307000079301F01BF80AA801F018F8288804400B
:10308000B4F5824F02D0B4F5884F5ED1C0B231465C
:1030900007F0ACFB044600287AD00CA803F069FDC9
:1030A00021460CA805F0F8FB002875D1DDF87090DA
:1030B000022209F1070619A90AA8F60801F073FB14
:1030C00000286CD131460120FCF772FC0446002830
:1030D00067D04FF0010B6FF0960A09F007090BFA61
:1030E00009FB079A9ABB08A90122084601F043FB95
:1030F00028B93246214608A801F0A5F910B1FDF71C
:1031000037FA8246BAF1000F04D020463146FCF768
:1031100077FC002408A800F0CEFF0AA800F0CBFF3F
:10312000BAF1000F62D039462046FCF769FCBAF1CB
:10313000000F8CD12F990498FCF7BEFF824600281F
:1031400085D1504625B0BDE8F08F00209FE732467C
:1031500021464046FFF71EFD82460028D5D1B9F131
:10316000000F04D022780BF1FF3313402370324656
:10317000214608A801F049F9824638B907AA08A9EA
:103180000AA800F060FF82460028AAD05046B6E7A1
:1031900006466FF06700B2E700242646AFE700243A
:1031A000ADE76FF08C00AAE7FF2E46D0B6F5E07FC2
:1031B00074D14FF0380949460120FCF7F9FB044669
:1031C00000286FD001464A464046FFF7E3FC82469E
:1031D0000028A8D1FF2E237832D123F007032370D3
:1031E000E37F03F07F0343F04003E377059B6B80AD
:1031F0006B681B0A47D128460699FDF75DFA82469F
:10320000002890D129466A686B6A120A51F8280F83
:1032100002D02B4EB2423ED105AACDE90112009058
:103220003A4621462846FDF76AFA82466988059A99
:10323000914218BF6FF0860A75E74FF02009BAE790
:1032400023F00303237094F8373063F07F0384F88E
:103250003730CBE7FCF7DEFB10B96FF0850AF6E6F6
:1032600073077FF4F2AE39460120FCF7A1FB044658
:1032700010B96FF08C0AEAE601463A464046FFF77D
:1032800089FC82464CE7284606A900F095FE824656
:103290000028B0D047E76FF0860AC7E700246FF038
:1032A000860A40E76FF08C0A3DE76FF0860A48E730
:1032B0006FF0880A45E76FF0840A42E700CFFFFF0E
:1032C00001008000002307B501920093024AFFF736
:1032D0008BFE03B05DF804FB688B060C38B5036801
:1032E00005460C460BBB21F47F03B3F1106F19D0D8
:1032F00001F0FE43B3F1106F11D10F4B0F4A234081
:1033000021F01F6143F0106321F47021934241F0DA
:1033100000610DD1FDF7C4FC00B92C6038BDB3F1DC
:10332000006FF7D06FF08600F8E76FF08800F5E7E0
:103330006FF08500F2E700BF0000FFF60000020911
:1033400007B5CDE9002300231A46FFF7AFF903B014
:103350005DF804FB70B5054600681E46FCF7B8FF33
:10336000E8B1154B20F0FF049C4203D003F58073B5
:1033700098421DD140F20523994219D12C7C74B991
:103380004FF0FF33934274EB06030ED352EA060369
:103390000ED00123C5E906262B74204670BD6FF0C0
:1033A00088042846FFF71CF9F7E76FF08504F8E773
:1033B0006FF08604F5E700BF0001800870B586B0A5
:1033C0000E4602A981E80C000546036805AA03C958
:1033D000FCF75EFF044628B12846FFF701F92046B6
:1033E00006B070BD6FF48073F318012B98BF2B7972
:1033F000059A9CBF43F001032B71916A13880191D8
:10340000516A284600913146FFF750F90446059865
:1034100000F0FFFB002C08BF0446E0E7F0B5DFF842
:103420002CE0DDF824C07345DDE90545DDE90767DB
:1034300008D1CDE9087CCDE906560594BDE8F040F9
:1034400006F0F8BA6FF08500F0BD00BF0000020979
:10345000F0B50446164624F47F02B2F1106F084618
:1034600087B014D1D1E9091245682D0A02D0094F5D
:10347000BD420CD10E9D009604950D9D03950C9DAB
:10348000CDE901352346FFF7C9FF07B0F0BD6FF066
:103490008500FAE7010080002DE9F0439BB00E465D
:1034A00004A981E80C000368054603F0FE42B2F16E
:1034B000106F46D103C907AAFCF7EAFE044698BB81
:1034C0004FF0420809AF014642463846DDF81C90ED
:1034D000FAF726FC2B681C484946184008ABCDE992
:1034E0000183DDE92223009740F010600894FFF784
:1034F000AFFF044650B9089B0246CDE90073314640
:103500004FF490532846FFF7D1F8044638460899FF
:10351000FCF76AFA64B12846FFF762F8079800F0F2
:1035200078FB002C08BF044620461BB0BDE8F083A2
:1035300040F201139E4202BF2B7943F001032B712D
:10354000ECE76FF08604EFE70000FFF62DE9F043AB
:1035500005469946002389B0079305F0FE4304A869
:10356000B3F1106F80E80600DDE91167DDF84C80EB
:1035700035D103C82B4607AAFCF78AFE044680BB58
:103580000799088820F0FF00B0F5E24F02D0B0F5AF
:10359000E44F04D14B880733B7EBD30F24D34A460B
:1035A0002846CDE90178109B0096FFF751FF0446AD
:1035B00066B90023C8F80030079800F02AFB002CF9
:1035C00008BF0446204609B0BDE8F0830028F3D0C8
:1035D00039463046FCF7A4FDC8F80070ECE76FF000
:1035E0008604002EE5D0F3E76FF08904F9E7FCF7D5
:1035F00097BD2DE9F04104880546DDE906672046C0
:103600001146DDF820801A46FCF704FA28B1394645
:103610003046BDE8F041FCF783BD47F201039C4210
:1036200007D133462846CDE90678BDE8F04106F0DB
:10363000CBBE04F44F43B3F5824F0CD104F4E04405
:10364000B4F5E04F07D143463A4631462846BDE837
:10365000F04106F0ADB86FF08500BDE8F0810000E4
:103660002DE9F04F1F46002387B0DDF8408004931A
:10367000C8E90033438805460E4691465BB103888E
:1036800003F4E042B2F5804F05D047F201029342C5
:1036900004D10B6843B16FF086042BE03946304605
:1036A000FFF79CFC0028F6D0284604A9FCF7D8FEBA
:1036B000044600287FD1049B9B6AFBB16B68049A87
:1036C0001C0AD2F824A052F828BF78D1CDE901B263
:1036D0003B464A4631462846CDF800A0FFF789FF11
:1036E0000446002879D141460498FCF7E5FC0446DD
:1036F000002860D1204607B0BDE8F08F6B681B0A38
:1037000052D12A8869881046FCF784F9C0B1104666
:10371000FCF7A3FF044600284DD147F201039A426B
:103720003BD149080131C90801EBC1013B31059189
:10373000DDE90401FCF7C0FF04460028BED03AE0F2
:1037400044F2010322F4405098420ED102F4E043C7
:10375000B3F5E04F09D1A1F58063B3F5406F01D80F
:103760004B070CD06FF0850425E002F44F43B3F50E
:10377000824FF7D102F4E043B3F5E04FF2D147F2C4
:1037800001039A42CDD0073122F0FF02C908B2F5F9
:10379000824F04BF49000131C9E744F201039A4254
:1037A000F1D1C9081031C2E7284605A900F004FC90
:1037B00004460028BCD00498FDF711F89AE7394672
:1037C0003046FFF70BFC30B1064B9C423FF47EAF16
:1037D0006FF0860401E06FF085040498FCF7D7FFD2
:1037E000E9E700BF01008000002307B51A460091F9
:1037F0000249FFF735FF03B05DF804FB688B060C48
:1038000010B5114C2378580744BF03F0FB03237015
:10381000990705D500F0B6F8237823F0020323704A
:10382000637823B1082200210848FAF779FA0023C7
:10383000082106486370FCF7D7F82378DA0744BFFD
:1038400023F00103237010BD54CF033058CF033051
:1038500038B5FCF7EBF8D0B9154D2B78980707D49D
:1038600000F088F82B78044643F002032B70E0B98F
:10387000D90707D4E9F704FA2B78044643F001038B
:103880002B7090B9697829B12B785A0709D5002493
:10389000204638BD08220748FAF742FA02236B7027
:1038A000F2E743F004032B70F1E7FFF7A9FFEFE71E
:1038B00054CF033058CF03301C220021FAF730BA1E
:1038C000037F022B06D1036A5A1C03D00133036223
:1038D000002070476FF096007047000073B502AB90
:1038E00003E9030000F140431F2B15460A46014639
:1038F00013D82C241E4804FB0300037F022B22D183
:10390000436999421FD183699A421CD104462046DB
:10391000FFF7D6FF28BB2C6021E06FF04043013851
:10392000984213D2124B002418461E7F022E05D156
:103930005E69B14202D19E69B24215D00134202C99
:1039400003F12C03F1D16FF08B0008E001F100438B
:1039500003F58033B3F5704FE4D36FF0870002B006
:1039600070BD6FF09600FAE72C2303FB0404CEE74A
:1039700060CF03300122024B002083F8802570477E
:1039800060CF03302DE9F0410A4C002526464FF068
:10399000010803272046C4F8208027770135FCF76B
:1039A00001FF202D04F12C04F4D1002386F880358A
:1039B000BDE8F08160CF0330F8B51E4D064695F89E
:1039C00080350F467BB300242B462246197FD1B1A8
:1039D0003CB9022905D1196A19B91979002918BF0A
:1039E0001C460132202A03F12C03EFD114B96FF0E9
:1039F0008C0006E02046FFF763FF2046FCF7D2FE6E
:103A000010B100240DE01C46237F7BB901232377EE
:103A100036B1094B651BAD105D4305F1804535603E
:103A200000203C60F8BD6FF08800EAE76FF0960078
:103A3000E7E700BF60CF0330A38B2EBA2DE9F0413A
:103A40000027684B92B0176093F8803502AE154698
:103A500086E80300002B00F0C28096E80300FFF721
:103A60003DFF10F18C0F044640F0A18029463846F6
:103A7000FFF7A2FF0446002840F0998096E8030073
:103A800001232F681C2207F1140888E803007B60DB
:103A900021460BA8FAF744F900230022CDE90823B8
:103AA0007B69CDE9064403F1004303F58033B3F5A8
:103AB000704F059422D298E8030008AB05AAE6F7F8
:103AC0009BF80446B8B9D7E90523DDE90801CDE93B
:103AD0001023059B0BAA0C9313F0FF0308BF109350
:103AE0000023CDE9003300F091FA10F18A0F04466B
:103AF00011D000284FD014F18C0F4ED100236FF05D
:103B000040422E6808930B937369013B934252D352
:103B10006FF08B0441E006A90BA800F04DFA0446B3
:103B20000028E8D138460699FCF7C6FD044600286F
:103B3000E1D1DDE9080107AB0193BB6A0BAA009351
:103B40007B6A00F063FA044618B13846FCF71FFEA2
:103B5000D1E73C46079B0BAEBB620FCE0FC496E885
:103B6000070084E8070028688368D90444BF43F449
:103B7000806383609A0444BF43F400638360037FDF
:103B8000012B04BF02230377FFF79AFE044670B1AE
:103B90006FF0960409E06FF096042868FCF702FEC7
:103BA00014F18C0F08BF6FF0870400232B602046B0
:103BB00012B0BDE8F08130460BAA08A900F0AAF9BE
:103BC000044628B930460B9A0899FCF788FD04464C
:103BD0000B99089800F09CF9002CC4D0DDE76FF039
:103BE0008804E4E760CF0330034668B1017F8A1E92
:103BF000012A0BD80329026A03D1012A01D1FCF75B
:103C0000D1BD1AB1013A1A62002070476FF09600D8
:103C10007047FFF7E9BFC0B2FF280CBF6FF0860006
:103C2000002070471FB5CDE9000103AADDE90001BE
:103C3000FFF754FE78B9039803793BB1036A012B6F
:103C400004D105B05DF804EBFCF7ACBD05B05DF840
:103C500004EBFFF7C9BF05B05DF804FB7FB503AA0D
:103C6000CDE90001FBF7D6F98C3018BF012007B071
:103C70005DF804FB30B587B003AA05460C46CDE9D4
:103C80000001FBF7C7F98C3002D1002007B030BD2E
:103C900028462146FBF7E8F910B16FF09800F5E7E8
:103CA0002846214603AAFBF7B5F98C30EDD0F4E79E
:103CB000F7B515460E4607460822184629491C4600
:103CC000FAF709F8042200230DEB020104F10800C1
:103CD0000193FAF700F804226B680DEB020104F17E
:103CE0000C000193F9F7F7FF2B8801A9022204F1D8
:103CF0001000ADF80430F9F7EEFF6B8801A902223D
:103D000004F11200ADF80430F9F7E5FF0422AB68C6
:103D10000DEB020104F114000193F9F7DCFF04221A
:103D2000EB680DEB020104F118000193F9F7D3FFE2
:103D300004222B690DEB020104F11C000193F9F739
:103D4000CAFF042204F120000DEB02010196F9F7ED
:103D5000C2FF3246394604F1240003B0BDE8F0400A
:103D6000F9F7B9BF6C8B060C2DE9F74323290446FC
:103D70000F46914698460A9E05D86FF0980528464A
:103D800003B0BDE8F08308223549F9F74BFF05463B
:103D90000028F2D1042204F108010DEB0200F9F72A
:103DA0009AFF019B002BE8D1042204F120010DEBC6
:103DB0000200F9F790FF0199243F8F42C8F80010E4
:103DC000DBD3B1F5005FD8D2002938D1C9F8005053
:103DD000042204F10C010DEB0200F9F77CFF019BBA
:103DE0000222736004F1100101A8F9F774FFBDF815
:103DF00004300222338004F1120101A8F9F76BFFAD
:103E00000422BDF8043004F1140173800DEB0200AC
:103E1000F9F761FF0422019B04F11801B3600DEB77
:103E20000200F9F758FF0422019B04F11C01F36022
:103E30000DEB0200F9F74FFF019B33619FE7012073
:103E4000FBF7B6FDC9F8000030B1D8F8002004F146
:103E50002401F9F740FFBBE76FF08C058FE700BF47
:103E60006C8B060C2DE9F04106461446884688B056
:103E7000002944D0002A42D0B2F5005F42D202F1BC
:103E8000240739460120FBF793FD054600283CD066
:103E90000346324640462146FFF70AFFD6E905862B
:103EA00031464046CDE90386FFF7D8FE012820D0F1
:103EB00000233A46009340462B463146FBF766F80E
:103EC000D0B94046314605AAFBF7A4F8044620B90C
:103ED000069B9F4205D06FF0980440463146FBF7A1
:103EE000C3F839462846FBF78BFD204608B0BDE8ED
:103EF000F0816FF08A04F4E76FF09804F1E76FF057
:103F00008604F2E76FF08D04EFE76FF08C04ECE7C6
:103F1000FBF776BD2DE9F04F87B0D0E905BA07462B
:103F2000894690465846514603AAFBF773F8044663
:103F300010BB049E01203146FBF73AFD05460028E0
:103F400037D05846514603AA0294FBF763F804465B
:103F500070B902AB0246CDE900535846334651468C
:103F6000FBF732F8029B04469E4209D06FF098049A
:103F700031462846FBF744FD204607B0BDE8F08FE8
:103F80000028F5D143464A46314628460097FFF7B8
:103F9000EBFE04460028EBD1D9F8003033B1D8F855
:103FA0000030002B08BF6FF09104E1E76FF091043F
:103FB000DEE76FF08C04DFE70A460023416882B039
:103FC0001360074BB3EB112F06D1D0E90501CDE902
:103FD000000102B0E8F7CCBE6FF0860002B0704777
:103FE00001008000F0B44468DDE90456240A02D0E0
:103FF000054FBC4204D1CDE90456F0BCFCF79CBC93
:104000006FF08600F0BC704701008000F0B4576884
:10401000074EDDE90445B6EB172F04D1CDE9044581
:10402000F0BCE8F7D3BE6FF08B00F0BC704700BF68
:1040300001008000013201310140C04310400843BB
:10404000013800B2704773B5C3881646CA889A42D1
:1040500029D18488C4F3400463421C43E4178B884D
:10406000C3F340035D422B43DB1783EA0405036877
:1040700002A800930B68019304F0010383F001018F
:1040800000EB810100EB830351F8081C53F8080C86
:1040900001F03BFC44402C404440002004F001046B
:1040A000346002B070BD6FF08600FAE70022012391
:1040B000C0E90023704710B5044648B1006818B144
:1040C000E1888900FBF79CFC00220123C4E900235E
:1040D00010BD42F21073994270B504460D4602D9E4
:1040E0006FF08C0070BDC3888B4201D30020F9E7CC
:1040F00004212846FBF75CFC06460028F0D0216826
:1041000041B1E2889200F9F7E6FDE1882068890074
:10411000FBF776FCE5802660E8E7F8B50E46C9882F
:1041200005461446FFF7D5FF0746A8B963421C436E
:10413000E4172046B5F90420B6F90410FFF77AFF1A
:104140002346E443A880F2882868316801F0FBFB2D
:10415000F388E888984201D83846F8BD296851F8B4
:104160002320224041F823200133F3E7884270B531
:1041700006460D46144625D063421C43E417C98801
:10418000FFF7A7FF10B16FF08C0070BD2846F188D3
:10419000FFF79FFF0028F6D1B6F90430B5F90410F7
:1041A0001A462046FFF746FFB0801946B5F90420AD
:1041B0002046FFF73FFF2346A880F2882968306831
:1041C00001F0D5FB0020E0E738B504460D4619B9EB
:1041D000FFF771FF002038BDC2888A4207D1002155
:1041E00000689200F9F79CFD0123A380F2E7FFF736
:1041F00062FF29462046BDE83840FFF76ABF42F219
:104200001073994270B50A46054602D96FF08C00CA
:1042100070BDC3888B4207D8BDE87040FFF759BF17
:10422000296851F8231011B9013B002BF8D15C1C0F
:10423000944238BF144604212046FBF7B9FB0646DA
:104240000028E3D0296839B1A200F9F744FDE988D4
:1042500028688900FBF7D4FB0020EC802E60D7E7AC
:10426000884270B505460E4609D0C98849B9C2884A
:104270002AB10123920083800068F9F751FD0020E4
:1042800070BD4C1E74B9EA88B6F904300134A242FC
:10429000AB800ED221462846FFF71BFF88B16FF096
:1042A0008C00EDE7336853F82430002BEBD1013C50
:1042B000E8E72868121B0021920000EB8400F9F760
:1042C0002FFD31682868A200F9F705FDD7E737B55B
:1042D0000C460546014608226846F9F7FCFC2146D3
:1042E00008222846F9F7F7FC082269462046F9F724
:1042F000F2FC03B030BD70B50C4601210546FFF756
:10430000E8FE064688B9EA88014692002868F9F76F
:1043100007FD84EAE472A2EBE472E40FC4EBC43458
:104320002B68640001341A60AC80304670BDC388CD
:10433000B1EB431F3FBF03684A0953F8220001F065
:104340001F013ABFC84000F0010000207047012A59
:10435000F8B506460C4615464FEA51171DD8C388D6
:10436000B1EB431F0FD20122316804F01F0451F852
:104370002730A24023EA020305FA04F4234341F85C
:1043800027300020F8BD002AFBD0791CFFF7A1FEE2
:104390000028E8D06FF08C00F4E76FF08600F1E7BA
:1043A0000022C188914201D800207047036853F869
:1043B000223033B193FAA3F0B0FA80F000EB421050
:1043C00070470132EEE7C188006801F067BA08B5AE
:1043D000FFF7F9FF0730C00808BD70B50E4612F0B0
:1043E000030118BF012101EB920105461446FFF7B6
:1043F000EBFE38B923463246E9882868BDE87040AC
:1044000001F0D1BA6FF08C0070BD70B50E4612F09D
:10441000030118BF012101EB920105461446FFF785
:10442000D3FE38B923463246E9882868BDE8704093
:1044300001F0DEBA6FF08C0070BD13460A46C188E9
:10444000006801F0FABA13460A46C188006801F014
:1044500026BB38B504460D46FFF7B5FFE388284470
:10446000B0EB431F06D820682A46E18801F081FBA3
:10447000002038BD10F01F0118BF012101EB5011C1
:104480002046FFF726FE0028EDD06FF08C00F0E705
:104490000A46C18808B511B1006801F032FB00205E
:1044A00008BD10B5C38823B9CA885AB9ABB1012079
:1044B00017E0026802EB830252F8042C002AF3D1C1
:1044C000013BF0E70C6804EB820454F8044C0CB98F
:1044D000013AEAE79A42EAD30FD8013B5A1C01D1CC
:1044E000002010BD026852F823400A6852F82320C9
:1044F0009442DCD803F1FF33F0D24FF0FF30F0E705
:1045000030B5C38823B9CA885AB9002B3DD136E0EB
:10451000026802EB830252F8042C002AF3D1013B1B
:10452000F0E70C6804EB820555F8045C4DBB013ADA
:10453000EAE7B1F9045003D2B1F90400404226E0A1
:10454000B0F90420002A03DD002D0CDA01201EE062
:10455000002D08DD3AB14FF0FF3018E003F1FF33D2
:104560000BD2504213E0013B016851F8235054F83C
:1045700023108D42F2D9104609E0591CF4D10020D5
:1045800005E0002BD8D09342D3D9B0F9040030BD58
:104590001FB581EAE173A3EBE17301930123C90F16
:1045A000C1EBC13149000131ADF80C10ADF80E304E
:1045B00002A901AB0293FFF7A3FF05B05DF804FB6E
:1045C00090422DE9F04106460F46144602D088423B
:1045D00006D127460123FC88B3804CB9002005E0B2
:1045E000FFF73EFE0028F4D06FF08C00BDE8F081AC
:1045F0003B684FEA840803EB840353F8043C0BB98F
:10460000013CEAE721463046FFF763FD0028EBD185
:10461000356823463A682946284601F0E0FA0746FD
:1046200005EB0803002FD9D0F288651CA24208D8F8
:1046300029463046FFF74DFD0028D5D1336803EBFE
:1046400084031A682C46D2192CBF01270027003F8B
:1046500018BF012743F8042BE4E72DE9F041054694
:104660000E469046D4886CBBF1882846FFF731FD92
:104670000746002842D1F288A2420BD9AE4209D0A7
:1046800031682868121B920001EB840100EB840062
:10469000F9F721FBEA88F088824207D92B68121AC1
:1046A0000021920003EB8000F9F73AFBD8F80020D4
:1046B00023463168286801F0C4FA024698B90123FC
:1046C000AB800DE0D8F8003003EB840353F8043CD2
:1046D0000BB9013CC7E7F188A142C6D26FF00907C8
:1046E0003846BDE8F0812968EB8801EB8401084673
:1046F0001B1B01F083FD0028E1D0EFE76FF08C0772
:10470000EEE72DE9F843B2F904C0B1F904400546DB
:1047100004FB0CFC67467B430E4691461DD51146B3
:104720003046FFF7BEFEB0F1FF3F80460CD04A4650
:1047300031462846FFF791FF68B9B8F1000F08BF6E
:1047400001240020AC8006E032462846FFF785FFB2
:1047500008B96442AC80BDE8F883FFF731FF002858
:10476000EFD06FF08C00F6E70123FFF7CABF4FF0E0
:10477000FF33FFF7C6BF1FB582EAE273A3EBE27314
:1047800001930123D20FC2EBC23252000132ADF8C5
:104790000C20ADF80E3002AA01AB0293FFF7E4FF44
:1047A00005B05DF804FB1FB582EAE273A3EBE27388
:1047B00001930123D20FC2EBC23252000132ADF895
:1047C0000C20ADF80E3002AA01AB0293FFF7CFFF29
:1047D00005B05DF804FB2DE9F047012314460022E3
:1047E00086B0884206460D46CDE90223CDE9042372
:1047F00010D102A8FFF734FD58B16FF08C0904A85E
:10480000FFF759FC02A8FFF756FC484606B0BDE882
:10481000F08702ADA64206D1314604A8FFF720FD7D
:104820000028EAD104ACEF884FBBB7FA87FAB4F896
:1048300006804FEA5A1AB8F1000F29D108EB070198
:104840003046FFF746FCB8F1000F08BF4AF0010AF6
:1048500001460028D1D13046FFF74DFD81460028A2
:10486000CBD1CDF800803A4623682968306801F042
:10487000C4FABAF1000F15D00123B380BFE72B684B
:1048800003EB870353F8043C002BCED1013FCBE769
:10489000236803EB880353F8043C002BCED108F1C6
:1048A000FF38C8E7AB88A28853439BB2E5E72DE900
:1048B000F34104460F461546CE8836B13B6803EBFC
:1048C000860353F8043C3BB145B90021204602B0B1
:1048D000BDE8F041FFF70FBD013EEEE72046711C39
:1048E000FFF7F7FB28B16FF08C08404602B0BDE837
:1048F000F08139462046FFF7B3FC80460028F2D10C
:10490000013D009533463A68E188206801F0CAF914
:10491000EBE700002DE9F04F99B0CDE9021000213E
:10492000184601920593FFF733FE002800F0E58159
:104930004FF001098D4B05991493019815ABADF813
:104940003090ADF83890CDF84090CDF84890139362
:10495000FFF7A7FD01301ED1039B33B9029B9BB922
:104960000023184619B0BDE8F08F00210398FFF727
:10497000C2FC0028F2D00024A046A24627462646C4
:1049800000946FF08C03D4E0DDE90110FFF768FCC0
:104990000028F0D1E4E7002501990BA80B95ADF8AC
:1049A0003250FFF75DFC0B9E0446BDF832700028C4
:1049B00040F09C810D90ADF83A0005990DA8FFF7E5
:1049C0004FFCDDF834A00546BDF83A80002840F0E1
:1049D0009281019B0F90D9880FA80231ADF83890D1
:1049E000ADF83090FFF775FB044618B10F9B2C46CD
:1049F0000093C6E701460FA8FFF77DFC0F9B0093CD
:104A00000028BED1019B1190D98811A80231FFF76F
:104A100060FB119C83460028B3D10DA8FFF7D3FC9F
:104A200000F01F001F286FD0C0F11F0319460BA80C
:104A30000493FFF70EFD0B9EBDF832700028A0D145
:104A400004990DA8FFF705FDDDF834A0BDF83A8004
:104A5000002896D1C1463D46A7EB080B4FEA4B1301
:104A600019460DA8CDF834A0ADF83A800793FFF7AA
:104A7000F0FCDDF834A0BDF83A80002881D1009B1D
:104A800003EB8B0B0DA90BA80B96ADF83270CDF88C
:104A900034A0ADF83A80FFF733FD002839DA09F188
:104AA000FF3307990DA80693FFF7F2FC09F1FF33D6
:104AB0000AEB8303079309F18043023B0AEB83036C
:104AC00005F1FF3B05F180450993013D009BA5EBF6
:104AD000090503EB8505069B9B4549D8039B6BB1F4
:104AE00018460FA9FFF7BCFB00287FF44AAF019BD3
:104AF000059A9B8892885343039A9380029B002BCC
:104B000040F0D780002314E0C1463D46CDF810B0F8
:104B1000A2E7DBF800300BA90133CBF800300846E0
:104B20000DAAFFF724FE0B9E0346BDF83270002845
:104B3000A8D00BA801930B96ADF83270FFF7BBFA23
:104B40000DA8CDF834A0ADF83A80FFF7B4FA009B79
:104B50000FA80F93FFF7AFFA11A81194FFF7ABFA64
:104B60000C2115A8FAF740FF019BFAE601000300AB
:104B7000079B56F82B101A684FEA8B09A9F104001D
:104B80003318914208934AD2002330580DF0DCF9D3
:104B9000002914BF4FF0FF330346BBF1010F2B6018
:104BA0000EBF0023B14459F8083C1593089B1B68BD
:104BB000169306EB8B031B6817932B6801332B604E
:104BC0002B680021013B2B6011A81194FFF793FB88
:104BD000119C00287FF4D5AE069B1BB3099B1B6874
:104BE0002360079B11A91B68084663602A68FFF7CA
:104BF0005EFE119C00287FF4C4AE13A911A8FFF734
:104C00007FFC0028DCDC2A680DA911A8CDF834A0AF
:104C1000ADF83A80FFF74BFE30B1119CB1E64FF092
:104C2000FF33BAE7069BDBE76FF00703009A4FEA12
:104C3000C50902FB039911A84946FFF70AFC119C1C
:104C400000287FF49EAE0BA9084611AA0B96ADF87A
:104C50003270FFF78CFD0B9E0346BDF832700028C2
:104C60007FF467AF01460BA8FFF792FC00281CDA1F
:104C70000DA911A8FFF7F4FA0028CED1494611A8D2
:104C8000FFF7E7FB119C00287FF47BAE0BA90846D9
:104C900011AAFFF769FD0B9E0346BDF8327000288C
:104CA0007FF447AF2B68013B2B600BF1FF3B043DCA
:104CB00011E704990BA80B96ADF83270FFF7E8FBEB
:104CC000019B0BA99B880298ADF83030FFF7C8FA1A
:104CD000014600287FF455AE0298FFF759FC0028E2
:104CE0007FF410AF0123029A93800BE72C46A8466D
:104CF000AA46009545E6009443E66FF00B0330E6C4
:104D000070B504460D46104600211646FFF740FCDC
:104D1000002824DB2A46334621460020FFF7FAFD0F
:104D2000054638B1284670BD324621462046FFF779
:104D30001BFD90B900212046FFF72AFC0028F3DB79
:104D400031462046FFF7DCFB0028EBDB32462146EC
:104D50002046FFF70CFD0028F2D00546E2E76FF091
:104D60000905DFE72DE9F04F8BB00646DDE9145762
:104D70008B462846002191460793FFF709FC00283F
:104D800005DC6FF0860420460BB0BDE8F08F2B6881
:104D90001B68D907F5D500214846FFF7F9FB002825
:104DA000EFDB4846FFF70FFBB0F5005FE9D8284678
:104DB000FFF709FBB0F5005FE3D8B9F8061031B989
:104DC000012130460BB0BDE8F04FFFF794BAE888F8
:104DD00001F0E8F904210690FAF7EAFD8046002880
:104DE00000F0988000220123CDE9082317B13B6829
:104DF000002B68D10DF1200A2946504601F047F9F1
:104E00000446002866D11FB19AE8030087E8030032
:104E100059463046FFF724FA002859D10123294684
:104E20003046B380FFF76CFB002867DA3046E9882C
:104E3000FFF74FF9044600284AD1286800F0FEFF2A
:104E4000089BCDF80880CDE900033168EB882A681B
:104E50008246084601F0F2F9EB883168D9F8000083
:104E6000B9F806C00593DDE9073EB3F12A3F2A6889
:104E7000059BCDE9000CCDE902E8084647D101F0D9
:104E8000ACF9CDE900A83168EB8808462A6801F042
:104E9000E1F9BBF904A0BAF1FF3F1BD1D9F800300A
:104EA0001B68DB0716D5F188306801F0BBF90122D9
:104EB0005146FFF7BFF83246B08029463046FFF72B
:104EC00053FC044606E03846E988FFF702F978B15A
:104ED0006FF08C04069B40469900FAF791FD1FB1D4
:104EE0003B68002B7FF44FAF08A8FFF7E4F84AE7D0
:104EF0000AAB97E8030003E9030089E72A46314635
:104F00003046FFF7FDFE044600288FD0E2E701F0AF
:104F100054F9B6E76FF08C0435E7002AF0B52CD0D1
:104F20002EDB012A0AD0CB882BB1022A0F6807D1C9
:104F30003B6803F0010303600020F0BD0023FAE7A3
:104F400007EB8306002356F8044D250C45EA03437E
:104F5000B3FBF2F502FB1533A4B244EA0344B4FBFD
:104F6000F2F3B74202FB1343EDD1B1F9041000296B
:104F7000E1DA002BDFD0D31ADDE76FF00B00DCE7BE
:104F80006FF00900D9E700000368F7B51B68044615
:104F9000DB0703D46FF00D0003B0F0BD032500263E
:104FA0000C4F2A46214601A8FFF7B7FF0028F3D18E
:104FB000019B3BB929462046FFF7EAFA0028E9D1D0
:104FC0000120E9E717F8013B0136A72E1D44E8D17F
:104FD000E2E700BF748B060C13B5049CCDE90034E6
:104FE0000023FFF7BFFE02B010BD13B5049CCDE94E
:104FF00000344FF02A33FFF7B5FE02B010BD2DE9A3
:10500000F04700260D1E88B00746314610460CBFFB
:105010004FF004094FF0050990461C460596FFF72E
:10502000B7FAB04213DB21464046FFF769FAB042B7
:105030000DDC31462046FFF77AF90128014606D1FA
:10504000002D79D02046FFF7A3FA002850D16FF049
:1050500086066DE0002D3ED1E08849468000FAF7D3
:10506000A7FC8146002859D0002D3BD02968D8F8EC
:105070000020002A38D10DF1140CB8F80630E08871
:10508000834233D2002A08BF0123CDE901092268F7
:1050900000923868624601F0EDF80123BB8005B14B
:1050A000AB80FA88E3889A4207D93868D21A00217F
:1050B000920000EB8300F8F733FE9DB3EA88E388A3
:1050C0009A422FD92868D21A0021920000EB83005F
:1050D000F8F726FE26E02846E188FEF7FAFF0028CA
:1050E000BAD01BE02946C2E79446C6E70346CCE7A0
:1050F000A045ACD0A542AAD0BC42A8D00DF1180A58
:10510000002F08BF5746002201233846E188CDE929
:105110000623FEF7DEFF064600289BD04FF000096D
:105120006FF08C065046FEF7C6FF4846FAF746FC7D
:10513000304608B0BDE8F087A045DEE72DE9F04F26
:105140000124002585B0804668461646CDE9005406
:10515000ADF80C40FFF784F8DDF80090BDF806705C
:1051600000287AD131460290ADF80E0002A8FFF770
:1051700077F8029EBDF80E5000286FD1A54229464F
:10518000684638BF2146ADF80C40ADF80440FEF744
:10519000A0FFDDF80090BDF8067000285ED139460A
:1051A00002A8FEF796FF029E0446BDF80E500028A6
:1051B00054D13946484601F035F82346984217D174
:1051C00002A94046FFF74CF8002847D10024684662
:1051D000CDF80090ADF80670FEF76DFF02A80296BC
:1051E000ADF80E50FEF767FF204605B0BDE8F08F22
:1051F0002946304601F016F82346984201D1694607
:10520000DFE76846FFF7CCF8834602A8FFF7C8F847
:10521000824659466846FFF73BF9514602A8FFF718
:1052200037F93A464946304600F06FFB3A460346A6
:105230003146484600F09BFB21466A46404602AB99
:10524000FFF7DDFE04460028C1D1D345594640464C
:1052500028BF5146FFF7FDF8B6E72E466FF08C04E5
:10526000B5E7F7B50C4611F0030118BF012101EBBA
:105270009401054616461F46FEF7A6FF48B934B10D
:10528000009733462246E988286800F01AFF03B0E9
:10529000F0BD6FF08C00FAE72DE9F04F91B00024DB
:1052A000CDE9031201220146064606A8CDE90642D1
:1052B000CDE90842CDE90A42CDE90E420593ADF8A9
:1052C0003420FFF770FA0746002840F0B68006A8A1
:1052D000FFF766F806A9824608A8FEF7C1FF044654
:1052E000002840F0AC80514608A8FFF7D1F82546C9
:1052F000A046039B984516D1002706A8FEF7DBFEC3
:1053000008A8FEF7D8FE0AA8FEF7D5FE0CA80C9553
:10531000ADF83640FEF7CFFE0EA8FEF7CCFE3846BD
:1053200011B0BDE8F08F4FF020094FF0FF3BDDE9F1
:105330000423F1880CA889000C95ADF83640FFF7DE
:1053400090FF0C9D0746BDF836400028D5D10CA82B
:10535000FFF739F8074606A8FFF735F887420ED958
:10536000631E04F18042013AA0EB4310013855F866
:1053700022300BFA00F023EA000345F82230B9F19D
:10538000010961D006A90CA8FFF7BAF80028CEDA07
:1053900001210CA8FFF7FCF80028C8DD0EAB0CA912
:1053A00000930846334608AAFFF716FE0C9D0746F1
:1053B000BDF836400028A0D106A90CA8FFF7A0F838
:1053C000E8B101210CA8FFF7E3F8C0B14FF00109E3
:1053D000D14507D206A90CA80C95ADF83640FFF7C9
:1053E0008FF878B906A90CA80C95ADF83640FFF7F0
:1053F00087F848BB01210CA8FFF7CAF820B308F1D1
:10540000010876E70CAA11460AA8FFF7E4F9C0B92B
:1054100032460AA90CA8FFF773FC0C9D0746BDF89D
:10542000364000287FF469AF01210CA8FFF7B0F8DF
:105430000028D7D009F10109CAE725465DE73C46B7
:105440003D466FF08C0758E76FF00D0755E7F7B54D
:105450000E1E044615461F4614DB1046FFF798F84B
:1054600000280FDD2046E988FEF7AEFE68B9089BEC
:105470003146CDE90073E3882A68206800F050FEC9
:1054800003B0F0BD6FF08600FAE76FF08C00F7E72D
:10549000F0B50023012685B0054668461746CDE9DC
:1054A0000036CDE90236FFF72BFC0446A0B93B4697
:1054B0006A46694602A8FFF7A2FD044660B9314674
:1054C00002A8FFF765F880B969462846FEF7C8FECE
:1054D000041E18BF6FF08C046846FEF7ECFD02A8AE
:1054E000FEF7E9FD204605B0F0BD6FF00D04F3E7CF
:1054F0002DE9FF41154600234FF001080A460746F3
:105500000E4668462946CDE90038CDE90238FFF756
:10551000F7FB044638BB33466A46694602A8FFF7E4
:105520006EFD0446F8B9414602A8FFF731F820BBEA
:105530002A4669466846FFF74EF908BB4246694667
:105540006846FFF730F9044668B9014633466A46B3
:1055500002A8FFF7DFF9044628B92946384602AA0F
:10556000FFF705F904466846FEF7A5FD02A8FEF719
:10557000A2FD204604B0BDE8F0816FF00D04F2E713
:105580006FF08C04EFE7F7B501271E46C3880C4681
:10559000ADF806300368002168461546ADF8047082
:1055A0000093FEF7F5FFC0B139466846FEF7F0FFFD
:1055B00098B102216846FEF7EBFF28B16846FFF775
:1055C000E3FC18B100EAE07003B0F0BD33462A46B0
:1055D00021466846FFF760FEF6E76FF00D00F3E73F
:1055E0002DE9F04F1F4641F6FD730C46033987B095
:1055F00099420546DDF8409000F2E4800123002145
:10560000CDE9041314F01F0318BF0123900703EB27
:1056100054134FD440F213518C4268D840F25131A8
:105620008C4266D840F289218C4266D8B4F5AF7FAF
:105630006BD2F92C5FD8962C34BF1B2612264FEA6A
:10564000830A4FEA431BC4EB4313009302F00103A8
:10565000AAF1040801934B463A4651462846FFF703
:1056600000FE0346E8B92B68584A53F808309342C5
:10567000F1D95C4503D228460099FEF709FF2A6854
:10568000136843F0010111600199002943D14B4691
:105690003A4631462846FFF776FF10F10E0F0346D3
:1056A000D9D004A80093FEF706FD009B184607B06A
:1056B000BDE8F08F40F2A9518C421ED840F27D41E6
:1056C0008C421CD8B4F57A7F1BD240F251318C4207
:1056D00019D840F2ED218C4217D8B4F5FA7F16D2D2
:1056E000F92C16D8962C34BF33262826A7E7022695
:1056F000A5E70326A3E70C26A1E704269FE70526D6
:105700009DE706269BE7072699E7082697E70D26DB
:1057100095E71C2693E743F0030313602946032211
:1057200003A8FFF7FAFB03460028BAD1039B002B1E
:1057300041D1082229462846FFF71DF803460028D4
:10574000AFD1294604A8FEF78BFD002837D10121EF
:1057500004A8FEF79DFE2846FFF716FC0346A8B9ED
:1057600004A8FFF711FC034680B94B463A46314680
:105770002846FFF791FD034640B94B463A4631466D
:1057800004A8FFF789FD034600288AD013F10E0F05
:1057900087D10C2229462846FEF7EDFF0346002854
:1057A0007FF47FAF04A906220846FEF7E4FF034614
:1057B0000028D0D075E7012BC3D10422BAE76FF0DF
:1057C0008C036EE76FF0860370E700BF33F304B518
:1057D0002DE9F041804610460F461546FEF7F7FDCD
:1057E000012838BF0120D8F800100646B94204D27B
:1057F0006FF089042046BDE8F081CA1B8242F7D3CE
:10580000091A0246C8F800102846FEF71CFE044696
:105810000028EFD1B5F90430012B0ED1D8F80030B3
:1058200093F90020002A08DADA1B002AE0DD5A1E6C
:10583000C8F80020013603F8010C324639464046CC
:1058400008F000FC041ED5DB02223946404608F071
:105850001DFC031EAABFA2191C469C18CAE737B537
:105860000223154601AA044608F09DFB40B9019A9F
:1058700028462168FEF7C9FD2368019A1344236076
:1058800003B030BD43421843C017704790EA01038C
:10589000401A984319400843C0177047013900293E
:1058A00001DA0020704750F82130002BF6D0B3FA0F
:1058B00083F00131C0EB4110704739B101F18041F3
:1058C000013900EB81018142034600D270471B6819
:1058D0000A681BBA12BA40F8042B41F80439F2E7FF
:1058E00070B50E4601463068FFF7D0FF0024C14373
:1058F0000125954202D344EA010070BD56F8250007
:10590000FFF7C0FF01350443F3E72DE9F843002416
:1059100005460E4627462346013A02D23846BDE8E0
:10592000F88356F8229055F8228048464146FFF702
:10593000ADFF494604434046FFF7A8FF20EA0403B1
:105940001F430443E8E78842F0B503D0002504383C
:10595000AA4200D1F0BD1E4650F8047F51F8254000
:105960003440F6433E40264306600135F0E7884266
:10597000F0B504D0002704380439BA4200D1F0BD94
:105980001E4650F8044F51F8045F3540F643264058
:105990002E4306601D460E682C40ED4335402543DE
:1059A0000D600137E9E770B51C4613F0030318BF1B
:1059B000012303EB94038B420546164615D808B91C
:1059C000002070BD8A000021F8F7AAF90023A34245
:1059D000F6D0F15CDA0023F0030002F018029140E7
:1059E0002A5801330A432A50F1E76FF08900E8E7AB
:1059F0002DE9F0411C4613F0030318BF012303EB0C
:105A000094038B4206460D46904613D879B18F0019
:105A10003A460021F8F784F92CB1381B224641465A
:105A20003044F8F758F929463046FFF746FF002082
:105A3000BDE8F0816FF08900FAE7B3EB810FF8B5AC
:105A400016464FEA810415D81946A14207D31F46CE
:105A500000218F4210D19C4218D30020F8BD21F0C4
:105A60000305455901F00302D200D540EDB29DB9BE
:105A70000131EAE72746EBE721F00302825801F003
:105A80000305ED00EA4072540131E2E700211A1BE0
:105A90003019F8F745F9E0E76FF08900DEE7B3EB7E
:105AA000810F70B504464FEA8105104619D95A1B7B
:105AB00086180021F8F734F930462B460021C21829
:105AC0008B4210D1002070BD22F00301615802F01A
:105AD0000306F600F140C9B281B90132AA42F3D3FC
:105AE000ECE71A46FAE721F00300205801F003051D
:105AF000ED00E84002F8010D0131E1E76FF08900A7
:105B0000E1E753098B42F0B402F01F0401D805D13C
:105B10003CB3F0BC8A000021F8F702B91F2A22D852
:105B200034B1002200EB8101C4F1200681420FD183
:105B3000F0BC704752F8047B45F8047FB242F9D1BB
:105B40000022CB1A8B42EBD240F823200133F9E735
:105B500051F8045D25FA04F313430B6005FA06F2CD
:105B6000E4E71F2AE4D900EB8302051F00EB81065E
:105B7000E4E71F2AF0B54FEA521402F01F0512D9CC
:105B80006FF003060B4606FB04069C4203F1FF324E
:105B900012D3631A8C4288BF002300220B4400EB0F
:105BA000830383420ED135B1002200EB8400C5F19E
:105BB00020078C4209D3F0BD56F8223040F822303D
:105BC0001346E2E743F8042DEBE70668013406FAD2
:105BD00005F3134340F8043B26FA07F2E9E7F0B572
:105BE0000024844620469C4200D1F0BD51F8245048
:105BF00052F824702E182CBF01250025BF194CF82F
:105C0000247045F100000134EDE7F8B5044618466C
:105C1000FFF738FE002784463846231F974200D1FD
:105C2000F8BD53F8046F51F8274036182CBF0125F2
:105C300000250CEA0404A41945F100001C6001379A
:105C4000ECE72DE9F74F00259246804689462C4621
:105C50002A464FF0010B9D4203D1204603B0BDE818
:105C6000F08F59F82560214630460193FFF70EFE6C
:105C7000594607463940FF4317400F435AF825104D
:105C8000361B304600915C46FFF700FE0440C043DF
:105C9000104020430099019B761A48F82560C419EA
:105CA0000135D8E72DE9FF418B4228BF0B46CDE9EE
:105CB00000200022A1EB030803924FEAD30C03F06B
:105CC0000707BCF1010C0AD2013F70D20024012564
:105CD0000398B8F1000F7ED104B0BDE8F0810098C0
:105CE0000199039A0A9B50F8044B4FF000050E6887
:105CF000E3FB0425B41845F1000241F8044B50F8C9
:105D0000044B4FF000050E68E3FB0425B41845F181
:105D1000000241F8044B50F8044B4FF000050E68A8
:105D2000E3FB0425B41845F1000241F8044B50F898
:105D3000044B4FF000050E68E3FB0425B41845F151
:105D4000000241F8044B50F8044B4FF000050E6878
:105D5000E3FB0425B41845F1000241F8044B50F868
:105D6000044B4FF000050E68E3FB0425B41845F121
:105D7000000241F8044B50F8044B4FF000050E6848
:105D8000E3FB0425B41845F1000241F8044B50F838
:105D9000044B4FF000050E68E3FB0425B41845F1F1
:105DA000000241F8044B03920191009089E70098AA
:105DB0000199039A0A9B50F8044B4FF000050E68B6
:105DC000E3FB0425B41845F1000241F8044B0392AB
:105DD0000191009078E7019A1368184442F8040B87
:105DE0000399FFF753FD2B460340C043204018435F
:105DF0000390019208F1FF386AE72DE9F347DDF8D7
:105E0000289015464A440F469200002106469846BF
:105E10000024F7F785FF05F1010A4C4502D102B0D5
:105E2000BDE8F08758F8243006EB840000933A462A
:105E30002B465146FFF736FF0134EEE70068831C1E
:105E40005B0003F00803034403FB00F2C2F102020B
:105E5000534303FB00F2C2F102025343584302389A
:105E6000584370472DE9F04F87B0139D00242E460C
:105E70000493109B91460293DDE911834FEAC80217
:105E800083468A462846002104320593F7F748FFE7
:105E900008F102030393444516D105EB840523461C
:105EA0002946029A584655F82470FFF7CAFE7840F2
:105EB000FFF7E8FC2A4600235946A600109607B0D3
:105EC000BDE8F04F08F07EB95AF82430D9F8002028
:105ED0003768304602FB0377059A039957430093CE
:105EE0004A46049BFFF7DEFEDDE9022130464346C9
:105EF0000097FFF7D7FE04360134CCE72DE9F04FC9
:105F00008DB01D46189B8346B3F12A3F8A46179FE2
:105F10001A9E059240F08D8039461698FFF7BEFC18
:105F2000012838BF0120470900F01F047B01502BD6
:105F300034BF01230323012B0A930CBF0223082340
:105F40000B930A9B059805FA03F306EB830306936C
:105F500003EB85030793FFF771FF4FEA850842467D
:105F6000002108903046F7F7DBFE01233360079BE2
:105F700031460393089B3046CDE90153059B199A9E
:105F8000009306EB08092B46FFF76CFF514642468B
:105F90004846F7F7A0FE0223494609930B9B099A4E
:105FA000934248D1424631465846F7F794FE4FF0A7
:105FB0000009CA46079B5A460393089B5946CDE9F8
:105FC0000153059B584600932B46FFF74BFF002CCF
:105FD00047D11F24013F169B0AF1010A53F82730CD
:105FE000E34003F0010343EA49090A9B534503D008
:105FF000002CDFD1002FDDD1189BB3F12A3F32D125
:10600000424609FB08610698F7F765FE079B59466B
:106010000393089B5846CDE90153059B069A0093CC
:106020002B46FFF71FFF002CC1D1BFB90DB0BDE853
:10603000F08F00247AE7079B01EB080A0393089B83
:106040004A46CDE90153059B504600932B46FFF786
:1060500009FF099B5146013309939FE7A146A246D8
:10606000A8E7013CB7E731464FF0000A50464B46DF
:106070005840FFF707FC2A46C3430698FFF763FC26
:10608000099B0AF1010A53454144EFD1BEE738B5F7
:106090000D4601210446FEF72EF988B9E98820460D
:1060A0008901FEF7D6F958B92A4621462046FEF75F
:1060B00027FE28B92046E988BDE83840FEF79FB89A
:1060C00038BD2DE9F04712F0030418BF012404EB9A
:1060D00092048C420646884617461D464FEA840ABB
:1060E000C2EB840919D84A460021F7F719FEA8EB3C
:1060F00004020021920006EB0A00F7F711FE3A466F
:10610000089806EB0901A847054618B9214630460C
:10611000FFF7D3FB2846BDE8F0876FF08605F9E767
:106120002DE9F04F85B01F460646039190464FF08B
:10613000FF33002339461046FFF7B0FBC41D282C5F
:1061400034BF4FF0FA0A4FF01E0A4FEAD40B24F086
:106150000704241A0F9B5A460093394630460E9B7B
:10616000FFF7AFFF0546B0B9224639463046FFF784
:10617000C8FCBAF1010A12D03A4631460398FFF73B
:10618000AFFB414681463046FFF7BFFB2A4609EA8E
:1061900000039A42DED0284605B0BDE8F08F6FF0CC
:1061A0000D05F8E74901502934BF012203220123DC
:1061B0009340033358430130704710B586B00B9CB1
:1061C00004940A9C039400240294099C0194089C62
:1061D0000094FFF793FE06B010BD10B586B00B9C7F
:1061E00004940A9C03944FF02A340294099C01946D
:1061F000089C0094FFF782FE06B010BD70B50646FD
:10620000002410469C4200D170BD51F82420151A7C
:1062100034BF01220022101E46F8245018BF01206E
:106220000134EFE7034600EB810100208B4201D1EE
:10623000FFF728BB53F8042B1043F7E71FB5089C62
:1062400000920394069C079ACDE90134FFF70AFEF9
:1062500004B010BD30B51C46012387B00B9D0092E1
:1062600003950A9D05AACDE901450593FFF7FAFDBF
:1062700007B030BD2DE9F04F0F4689B0DDE9134975
:106280009A4609EB8403019309EBC4038046114647
:10629000A600029303EB8405002F3AD005EB060B12
:1062A000A24528BFA2464FEA8A031A4648460393EE
:1062B000F7F711FD039BA4EB0A0209EB0300002191
:1062C0009200F7F72DFD129B984504D032461946EF
:1062D0004046F7F700FD67B1324600213846F7F730
:1062E0001FFD324600215846F7F71AFD0123CBF86F
:1062F0000030A2444FEA4A130793331FEB1806936A
:1063000000230393039A079B934204D809B0BDE886
:10631000F08FBB46C4E7D9F80000414600F0010009
:10632000FFF7B0FA0246D8F8000000F00100FFF7CE
:10633000A9FA22EA000302EA000A04934A46234625
:106340000198FFF77EFCDDE901103246F7F7C3FC48
:106350005346494622460298FFF7F5FA3246284648
:10636000F7F7B9FC224641462846049BFFF7EBFAB3
:10637000534628460199FFF7E6FA012221462846AE
:10638000FFF7BFFB324602994846F7F7A4FC3246B6
:1063900029464046F7F79FFC224649464046FFF70C
:1063A000B4FA22460346059041464846FFF7DFFA15
:1063B000002F48D023465A4639460198FFF741FC42
:1063C0002246034612990198FFF71FFCDDE90110F0
:1063D0003246F7F780FC5346594622460298FFF7AB
:1063E000B2FA32462846F7F776FC22463946284666
:1063F000049BFFF7A8FA534628460199FFF7A3FA32
:106400002B68129903F001032846FFF7FEFB824632
:10641000012221462846FFF774FB069B069A1B685B
:10642000029943EACA73136058463246F7F753FCA1
:10643000324629463846F7F74EFC2246394658463A
:10644000059BFFF794FA039B01335AE738B500EB3D
:10645000C104A04200D138BD00F10805FDF726FEB9
:106460002846F6E738B500EBC104A04200D138BD9C
:1064700000F10805FDF71FFE2846F6E770B50C464B
:106480000646114620461A46FEF7A5F90546A8B964
:10649000B36C33B921462046321DBDE87040FEF78B
:1064A0002FBCB4F90430002B0ADB2046FDF78BFF2C
:1064B000F36BB0EB430F0AD96FF08605284670BD29
:1064C00001462046FEF764F80028EED0F4E72046A7
:1064D000B36C984705460028F0D10436B4F904306F
:1064E000002B04DA00212046FEF752F868B9314645
:1064F0002046FEF705F80028E0DB3246214620461C
:10650000FEF7ABF80028F2D006E0324621462046DE
:10651000FEF72AF90028E1D00546CFE72DE9F3413F
:1065200001F1100506460F4628460021FEF730F817
:106530000446A0B36846FDF7B9FD2A466946002027
:10654000331DFEF75CFD044630BB07F108086B46BF
:10655000424641463046FFF791FF0446E0B96B469C
:106560006A4669463046FFF789FF0446A0B96B4684
:106570003A4639463046FFF781FF044660B96B461C
:10658000424641463046FFF779FF044620B90121D3
:106590002846FDF7B0FE04466846FDF78CFD204610
:1065A00002B0BDE8F0812DE9F04F012A80460E4689
:1065B000914685B005D8096805B0BDE8F04FFFF7F2
:1065C000ADBF08211046F9F7F3F90746002800F09F
:1065D000AA8002A8FDF76AFD49463846FFF736FF54
:1065E000316838461031FDF73BFE0446002846D19D
:1065F000B24607F108014FEAC90507EBC90B5AF883
:10660000043F40461033A1F108020191FFF736FF25
:106610000446A0BB019908315945F0D1A5F1080203
:106620003A44114608F10403FEF7E9FC044630BB86
:10663000103D09F1FF3A06EB89063D44BAF1000F1F
:106640002BD005F1080B2B465A46404602A9FFF70E
:1066500015FF044698B956F8043C5A462946404668
:106660001033FFF70BFF044648B956F8042C404698
:106670000832114602ABFFF701FF044690B102A8B1
:10668000FDF719FD38464946FFF7ECFE3846F9F7A5
:1066900095F9204605B0BDE8F08F394602A8FDF710
:1066A000DFFDE0E702AB1A4619464046FFF7E6FE7B
:1066B00004460028E3D156F8042C4046114602ABAC
:1066C000FFF7DCFE04460028D9D156F8042C4046DA
:1066D0000832114602ABFFF7D1FE04460028CED1A6
:1066E000B8F80A1056F8040CFDF789FD0446002896
:1066F000C5D156F8040CB8F80A100830FDF77FFD34
:1067000004460028BBD156F8040D01211030FDF7D6
:10671000F2FD04460028B2D1083DBAF1000FAED018
:106720000AF1FF3A8AE76FF08C04B2E7F7B50D463D
:106730000446083568461646FDF7B8FC0021284691
:10674000FDF726FF211D07462A466846FEF70FF88B
:10675000044648B9002F0CBF002206F0010269462A
:106760002846FDF7DAFC04466846FDF7A4FC2046FF
:1067700003B0F0BD2DE9F74F06460C461F461546FF
:106780004FF0000B9DF8308001F1080AC8F345096D
:106790005FFA8BF2A2EB09035A425A41294620467E
:1067A0000192FDF7BAFCD8B95046019A05F10801EB
:1067B000FDF7B3FCA0B90BF1010BBB4505F11805C2
:1067C000E6D1214630464FEAD812FFF7AFFF38B97D
:1067D000012104F1100003B0BDE8F04FFDF78BBDBF
:1067E00003B0BDE8F08F70B50C4606461146204652
:1067F0001A46FDF7BCFF054648B90436B4F9043023
:10680000002B04DA00212046FDF7C2FE08B9284615
:1068100070BD324621462046FDF7A6FF0028EDD088
:106820000546F4E770B50C460546114620461A4663
:10683000FDF79AFF064630B9043529462046FDF794
:106840005FFE002801DA304670BD2A462146204608
:10685000FDF703FF0028F0D00646F4E738B50C46F4
:10686000051D29462046FDF74BFE002801DA0020D1
:1068700006E02A4621462046FDF7EFFE0028F0D02C
:1068800038BD10B50446FDF716FC04F10800FDF70D
:1068900012FC04F11000BDE81040FDF70CBC38B547
:1068A0000C46054601212046FDF7D3FD28B92146B7
:1068B0002846BDE83840FFF7D1BF38BD2DE9F0418B
:1068C000134605460C461646FFF7D8FD40BBEB685D
:1068D00043BB032221462046FDF765FF00BB2F1D69
:1068E000B4F90430002B04DA00212046FDF750FEF5
:1068F00078B93346224621462846FFF7BFFD78B9CE
:1069000022462146284605F11403BDE8F041FFF771
:1069100089BF3A4621462046FDF726FF0028DFD0F2
:10692000BDE8F08122462146284605F10C03FFF719
:1069300079FF0028DDD0F3E72DE9F84F1E4603F17B
:106940000805C36804468A469046002B40F0C08084
:1069500002F110031A462946FFF790FD002840F087
:10696000EF8006F110072B46424639462046FFF7D6
:1069700059FF002840F0E48006F118092B464246F2
:1069800049462046FFF72FFF002840F0D9804B46AC
:106990003A4629462046FFF771FD002840F0D08096
:1069A000032229463046FDF782FF002840F0C880C8
:1069B00031462046FFF752FF002840F0C18008F121
:1069C000080B06F110075B465A4639462046FFF78A
:1069D00055FD002840F0B48039462046FFF75FFFA0
:1069E000002840F0AD803B46424629462046FFF74E
:1069F00045FD002840F0A48029462046FFF74FFFC0
:106A0000002840F09D8006F118093B463A46494669
:106A10002046FFF733FD002840F09280494620468B
:106A2000FFF73DFF002840F08B8033463246394661
:106A30002046FFF723FD002840F082802B463A468F
:106A400039462046FFF7CFFE002879D12B463A463B
:106A500039462046FFF7C7FE002871D13B462A463B
:106A600029462046FFF7BFFE002869D133462A4653
:106A700029462046FFF702FD002861D14B462A46F1
:106A800029462046FFF7AFFE002859D15A4649460D
:106A9000204608F11003FFF7F1FC002850D14946C9
:106AA0002046FFF7FCFE00284AD139465046FDF744
:106AB000D7FB002844D129460AF10800FDF7D0FB96
:106AC000F0BB49460AF11000BDE8F84FFDF7C8BB1E
:106AD00013462946FFF7D2FC90BB032229463046D5
:106AE000FDF7E5FE60BB31462046FFF7B7FE38BB39
:106AF00004F10C0701463846FDF74AFD00283FF433
:106B00005EAF08F110031A4629462046FFF7B6FC8F
:106B1000B0B906F110092B462A4649462046FFF730
:106B2000ADFC68B93B464A4629462046FFF7A6FC1D
:106B300030B92B46324631462046FFF773FE3BE71D
:106B4000BDE8F88F0346C06920B15B6A002B14BF13
:106B500001200220704710B50446FDF7A7FA04F1A2
:106B60000800FDF7A3FA04F11000BDE81040FDF79E
:106B70009DBA38B50025044600F8045BFDF796FA87
:106B800004F10C00FDF792FA04F11400FDF78EFAFF
:106B900004F11C00FFF7DFFF04F13400FDF786FA73
:106BA000C4E90F55C4E91155C4E91355C4E9155595
:106BB000E56538BD10B50446FFF7DBFF04F1600062
:106BC000FDF774FA04F16800BDE81040FFF7C3BF99
:106BD00008B1FFF756BE704770B5044658B3436C12
:106BE000012B11D00C30FDF766FA04F11400FDF70B
:106BF00062FA04F11C00FFF7EBFF04F13400FDF72B
:106C00005AFA201DFDF757FAA36D8BB92046BDE84F
:106C100070406021F8F7E8BE06FB0500FFF7D8FFDB
:106C20000135D4E91603AB42F6D8F8F7C7FEEDE715
:106C300000251826F5E770BD10B5044658B1FFF7DA
:106C4000CBFF04F16000FDF736FA04F16800BDE8FF
:106C50001040FFF7BDBF10BD38B504460D46FDF727
:106C6000FFFA70B905F1080104F10800FDF7F8FA20
:106C700038B905F1100104F11000BDE83840FDF706
:106C8000EFBA38BD10B501210446FDF734FB60B9F9
:106C9000012104F10800FDF72EFB30B9014604F193
:106CA0001000BDE81040FDF726BB10BD2DE9F14FE7
:106CB0009A461B6904460E4691460A9D23B96FF019
:106CC000860001B0BDE8F08F02F1100700213846C0
:106CD000FDF75EFC30B95146304601B0BDE8F04FDB
:106CE000FFF7BABF0AF1100800214046FDF750FC3B
:106CF00008B94946F0E701214046FDF749FC002864
:106D0000DDD13B463A4629462046FFF7B7FB00282F
:106D1000D7D105F108083B462A4641462046FFF7F1
:106D2000ADFB0028CDD153462A4629462046FFF721
:106D3000A5FB0028C5D14246414620460AF108037A
:106D4000FFF79CFB0028BCD14B462A46294620462B
:106D5000FFF749FD0028B4D109F1080B5B46424614
:106D600041462046FFF73FFD0028AAD100212846D2
:106D7000FDF70EFC014690B94046FDF709FC40B90D
:106D80002B464A463146204601B0BDE8F04FFFF79A
:106D9000D3BD304601B0BDE8F04FFFF773BF2B46BF
:106DA0003A46204606F11001FFF768FB002888D11B
:106DB00005F110072B462A4639462046FFF75EFBB1
:106DC00000287FF47EAF05F1180A2B463A4651465B
:106DD0002046FFF753FB00287FF473AF4B463A463B
:106DE00039462046FFF74AFB00287FF46AAF394650
:106DF0002846FDF735FA00287FF463AF2946204680
:106E0000FFF74DFD00287FF45CAF43464246314614
:106E10002046FFF733FB00287FF453AF2B46324662
:106E200031462046FFF7DFFC00287FF44AAF534687
:106E3000324631462046FFF7D6FC00287FF441AFAA
:106E400033463A4639462046FFF7CDFC00287FF40A
:106E500038AF43463A4639462046FFF70FFB002835
:106E60007FF42FAF5B46524651462046FFF706FBA4
:106E700000287FF426AF53463A46204606F1080123
:106E800001B0BDE8F04FFFF7AEBC2DE9F04F05466D
:106E9000DBB003939DF890310AA80E461746049381
:106EA0009DF894A1DDF8988105F1340BFDF7FEF80B
:106EB00010A8FDF7FBF800215846FDF738FA012825
:106EC00005D06FF0860420465BB0BDE8F08F00214E
:106ED0003846FDF72CFA3946B0FA80F90AA8FDF7D2
:106EE000BFF94FEA59190446002852D13A4659468B
:106EF00010A8FDF73CFC044600284AD14A4610A9D8
:106F00000AA8FDF70AF90446002842D1014608F113
:106F1000010218A818AFF6F703FF3A462346984532
:106F200000F0AF8019464FF0000B0AA8CDE90632F9
:106F30000591FDF7FCF9079A00FA0BFC107805990A
:106F40000BF1010B40EA0C00DA45069B107041443E
:106F5000EBD801330132E2E7787897F800A080EAB5
:106F60000201CB4303F0010E43F300030AEA0303DB
:106F7000104001EA0302594007F8011F17F8013CCD
:106F8000024343EACE1307F8013C0CF1010CE04543
:106F9000E2D210AF3846FDF78EF80AA8FDF78BF85D
:106FA000002C90D10AA8FFF7D6FD04213846FFF740
:106FB0004DFA18AB13F80830314600932846DDE946
:106FC0000323FFF7D7FB0446002841D1679B002B22
:106FD00060D008A8FDF76AF8689B022100932A1D7B
:106FE000679B08A8FEF733FA834648BB06F11002F8
:106FF0001146284608ABFFF741FA834600BB06F16D
:10700000080A52465146284608ABFFF737FA83462E
:10701000B0B908AB1A4619462846FFF72FFA83463F
:1070200070B932463146284608ABFFF727FA834647
:1070300030B952465146284608ABFFF71FFA83463F
:1070400008A8FDF738F81BF10E0F1ED16FF093045E
:107050000AA8FFF716FC042110A8FFF703FA002C7A
:107060007FF431AF4A4631462846FFF75FFB0446BE
:1070700000287FF428AF31462846FFF74FFA044630
:1070800021E700224FF0010C81E7BBF1000F01D096
:107090005C46DDE70DF1600AB8F1000FD8D03B4641
:1070A00032463146284608F1FF38FFF745FC90B9D3
:1070B00018F80A30284600930AA9DDE90323FFF7F0
:1070C00059FB40B932463146284600970AABFFF7D4
:1070D000EDFD0028E0D00446BAE7002108B51030E5
:1070E000FDF756FAB0FA80F0400908BD2DE9F84FD7
:1070F000012A8346DDE90A690F46924698465ED822
:107100000430FDF764F905465846FFF71BFD0228D9
:1071100024D14D45C8F8005004D96FF089042046A9
:10712000BDE8F88F2A4631463846FDF786F9044611
:107130000028F4D15846FFF705FD01288346EED11B
:10714000002107F11000FDF723FA044648B9B9F110
:10715000000FE2D03070C8F800B0E0E76FF08504AF
:10716000E8E7BAF1000F19D16B0001334B45C8F8BD
:107170000030D2D8314604232A46384601F8013B74
:10718000FDF761F904460028C9D12A46691C31443B
:1071900007F10800BDE8F84FFDF755B96B1C4B45EA
:1071A000C8F80030B9D8002107F10800FDF7BFF892
:1071B0003146023001F8010B2A463846EAE76FF003
:1071C0008604ACE72DE9F04F07460D4690461E4673
:1071D00087B02BB96FF08604204607B0BDE8F08F6A
:1071E00000F1040A5046FDF7F2F881463846FFF7F1
:1071F000A9FC022833D14E45ECD1324641462846FF
:10720000FDF7EBF804460028E6D105F10800FCF78D
:1072100052FF3B78072B18D0012105F11000FDF734
:107220006AF804460028D7D13846FFF78BFC0128BE
:107230008346D1D198F80030A3B9012ECAD128468F
:1072400007B0BDE8F04FFFF71DBDF100224628460C
:107250000139FDF77CF804460028DDD0BCE76FF06B
:107260008504E1E709F10103B3420393B2D84A462A
:10727000284608F10101FDF7C8F804460028ABD103
:10728000594605F11000FDF736F804460028A3D151
:1072900098F800B0039BBBF1040F0ED14FEA4902EE
:1072A0000132B24296D14A4608EB030105F10800CB
:1072B00007B0BDE8F04FFDF7A8B8ABF10202012A14
:1072C00088D8B34286D101465046FDF730F80128F0
:1072D000014605F1080602D06FF085047CE75046B0
:1072E000FDF725F80128F7D104A8FCF7DFFE2A46B0
:1072F00031463846FFF7E2FA044618BB01225146F0
:1073000004A8FDF738FA0446E0B9022104A8FDF705
:10731000BFF80446B0B9009053463146304604AA3F
:10732000FDF75AFE044668B901463046FCF7FFFFF8
:107330000BF0010B834505D0324651463046FDF730
:1073400016FA044604A8FCF7B6FE45E7F0B50E466B
:107350000546012185B006F11000FDF719F9044634
:1073600018B14D4C204605B0F0BD2846FFF7EAFBAA
:10737000022850D13046FDF72AF82B6C0733B0EBCA
:10738000D30FEED821463046FDF702F90028E8DB9E
:1073900002A82F78FCF78AFE314602A8FCF760FFAE
:1073A0000446B0B90435294602A8FDF7A9F800281B
:1073B00007DA012102A8FDF7EBF800280DDC364CB6
:1073C00007E002A92A460846FDF7D1F9044600283D
:1073D000E9D002A8FCF76FFEC4E7072F0ED002A980
:1073E00001220846FDF7C7F904460028F1D12946D5
:1073F00002A8FDF785F80028EBD1E0E7274902A8AD
:10740000FDF77EF80028DAD0254902A8FDF778F8C4
:107410000028E4D1D3E701283BD121463046FDF7CF
:10742000B7F800289DDB06F1080721463846FDF72E
:10743000AFF8002895DB2C1D21463046FDF760F89B
:1074400000288EDA21463846FDF75AF8002888DAF7
:107450006846FCF72BFE02A8FCF728FE3B463A469E
:1074600069462846FFF70AF8044670B932462846AE
:1074700002A9FFF723FA044638B9684602A9FDF7C6
:107480003FF8054B041E18BF1C466846FCF713FE68
:107490009FE76FF0860465E780B3FFFF248C060C3E
:1074A0001C8C060C70B50646FFF74CFB02280C46F8
:1074B00005461DD100212046FCF739FF08B11648CA
:1074C00070BD01212046FCF732FF0028F7D120468D
:1074D000FCF779FF336C5A1C9042F0D1FE2B05D19A
:1074E00029462046FCF723FF0028E8D10020E7E7E3
:1074F00001280DD101462046FDF74AF80028DEDBC1
:10750000204606F13401FCF7FBFF0028EEDBD6E74E
:107510006FF08600D4E700BF80B3FFFF2DE9F04F86
:107520008B46A3B01146044698460C92FFF7BAFF6B
:107530000646C8B941462046FFF708FF064698B9F7
:107540002046FFF7FFFA022840F0148213A8FFF745
:1075500002FB0FA8FCF7AAFD04211AA8FEF776FF8C
:107560002C9B2BB96FF08606304623B0BDE8F08F18
:1075700041460FA8FCF774FE0646002850D141464C
:1075800013A8FFF769FB0646002849D10121584698
:10759000FCF7B1FE0646002842D10BF1100501466A
:1075A0002846FCF7A8FE0646002839D10BF1080052
:1075B000FCF781FD04F10409494613A8FCF7A0FF7C
:1075C000002825DA11A8FCF771FD2D9B4A4600938F
:1075D00002212C9B11A8FDF73AFF064670B913AAA9
:1075E0001146204611ABFEF749FF064630B917AAEF
:1075F0001146204611ABFEF741FF064611A8FCF7E5
:107600005AFD16F10E0F40F0B2806FF0930607E0BE
:1076100013A94A460846FDF720F806460028CBD0B5
:1076200013A8FFF72EF90FA8FCF745FD04211AA8AF
:10763000FEF718FF002E97D12046FFF783FA0128A6
:10764000074691D1236C1821052B34BF0222042256
:107650000892013A0A9200FA02F20B929DF82C204D
:10766000013B0792089A0B981344B3FBF2F309937A
:10767000F8F79EF90546002800F0E3814FF0000975
:107680004FF0180A0AFB0950FFF765FA09F10109E2
:10769000079A5FFA89F39A42F4D81C22002113A8B2
:1076A000F6F73EFB04211AA8FEF7D0FE4146284615
:1076B000FFF7D2FA0646002840F07681DDE909237B
:1076C00080464FF0180953430D930D9B984540F0A9
:1076D00054810DF14C094946012300224FF0180C4A
:1076E0000CFB03505B0041F8040B0798DBB2984297
:1076F00002F10102F4D8204613A9FEF754FF064612
:10770000002840F051811823BA4603FB0753D046A6
:107710000AF1FF3AB8F1000F40F08281079B7F0029
:10772000FFB2BB42EFD818230A9905F118028B402B
:107730002B4449F8042B18329A42FAD10B9B20466D
:107740005A1E13A9FEF72FFF0646002840F02C8191
:1077500005F110073846FCF7AEFC08F10108079A5E
:107760005FFA88F3934207F11807F3D31CE1002E68
:107770007FF456AFD4F840A0BAF1FF3F19D14B4681
:107780002A4629460020FDF73AFC064600287FF4E9
:1077900047AF2B465A4659462046FEF76FFE06462F
:1077A00000287FF43DAF01212846FCF7A4FD0646E2
:1077B00036E751460C98FCF7BAFDC7B23A46584630
:1077C00013A9FCF7D3FC064600287FF429AF3A46FC
:1077D000284617A9FCF7CAFC064600287FF420AF0C
:1077E0002B465A4620461AA9FFF71CF806460028E1
:1077F0007FF416AF2B465A4620461CA9FEF7F3FF2E
:10780000064600287FF40CAF204617AB13AA1EA92A
:10781000FFF708F8064600287FF402AF204617ABB2
:1078200013AA20A9FEF7DFFF064600287FF4F8AE72
:1078300020AA114620461AABFEF720FE0646002875
:107840007FF4EEAE1EAA114620461CABFEF716FED4
:10785000064600287FF4E4AE1AAB1A4619462046C5
:10786000FEF70CFE064600287FF4DAAE1CAB1A4683
:1078700019462046FEF702FE064600287FF4D0AEE9
:10788000594620461CAB1AAAFEF7F8FD064600280A
:107890007FF4C6AE1AAA114620461CABFEF7A3FF22
:1078A000064600287FF4BCAE294620461AAB04F1F8
:1078B0000C02FEF7E3FD064600287FF4B1AE2B462E
:1078C000294620461CAAFEF7ADFF064600287FF495
:1078D000A7AE20461EAB20AA13A9FEF7A3FF0646BB
:1078E00000287FF49DAE13AB1A4619462046FEF7DA
:1078F000C5FD064600287FF493AE20461EAB20AAA5
:1079000017A9FEF770FF064600287FF489AE17AB73
:107910001A4619462046FEF7B1FD064600287FF4B8
:107920007FAE17AB194620460FAAFEF7A7FD064605
:1079300000287FF475AE2B46294620461AAAFEF78A
:107940009DFD064600287FF46BAE3A46584613A9C3
:10795000FCF70CFC064600287FF462AE3A46284647
:1079600017A9FCF703FC0AF1FF3A064600283FF48A
:1079700003AF55E66FF086065EE6099B0122B8FB71
:10798000F3F302FA03F1099AC9B202FB138309FB6C
:10799000015A002B37D05246514620461AABFEF70B
:1079A000CBFF0646002838D004211AA8FEF75AFD5E
:1079B00086B92D9B594604932C9B20460393099B23
:1079C0000C9A0293089B0193079B00932B46FFF7A9
:1079D0005CFA0646A36D9D420ED06DB100241827B7
:1079E00007FB0450FFF7F4F80134079AE3B29A4218
:1079F000F6D82846F7F7E2FF002E3FF4B5AD58461B
:107A0000FFF7E6F8B0E54908504609FB0151FFF7DA
:107A100023F906460028BED0C6E708F1010854E65F
:107A2000182202FB0AF11AAA009220466A18194489
:107A30000D93FFF73BF90D9B064600283FF467AE18
:107A4000B2E76FF08C06C5E7F0B5144685B007467F
:107A500002A80D461E46FCF729FB00212046FCF734
:107A600097FD78B931463846FFF770FC044618B9DF
:107A70002846FFF707F9044602A8FCF71CFB20463E
:107A800005B0F0BD01212046FCF782FD58B9314612
:107A90003846FFF75BFC04460028EDD13146284606
:107AA000FFF7DAF8E7E74FF0FF312046FCF770FD0B
:107AB00018BB31463846FFF749FC04460028DBD1A5
:107AC00031462846FFF7C8F804460028D4D10835C7
:107AD00001462846FCF75CFD2A460646391D02A8E9
:107AE000FCF745FE04460028C6D1321E18BF01220D
:107AF000284602A9FCF711FBBDE700232246CDE989
:107B00000033294633463846FFF708FDB3E72DE931
:107B1000F04190B005469846FFF714F801280E464C
:107B2000144630D102A808AFFFF715F804213846F3
:107B3000FEF78CFC22464346284602A9FFF784FF45
:107B40000446A8B9DDE9162331462846FFF77CFF35
:107B5000044668B9334631462846009702AAFFF723
:107B6000A5F8044620B931462846FEF7D7FC04465E
:107B700038460421FEF776FC02A8FEF782FE204676
:107B800010B0BDE8F0816FF08504F8E730B4DDE9AE
:107B9000024524B1CDE9024530BCFFF7BFBC6FF010
:107BA000860030BC70471FB500240294079C0194E6
:107BB000069C0094FFF7EAFF04B010BDF7B5064637
:107BC0000C461946FEF7BEFF022805462BD1366C3F
:107BD0000B46F708013739462046FDF742FB88BBC4
:107BE000C6EBC70120460139FCF752FC50BB01220D
:107BF00031462046FCF7ABFB20BB0246014620463F
:107C0000FCF7A5FBF0B9024601212046FCF79FFBDB
:107C1000C0B9FE2E16D102462946204603B0BDE863
:107C2000F040FCF794BB01280ED11346009106F1F9
:107C3000340201462046FDF70AFC10F10E0F08BF82
:107C40006FF0930003B0F0BD6FF08600FAE700001C
:107C50002DE9F7430C4680460146204617461E464E
:107C600000F01AFE054600287BD12046FEF76AFF89
:107C70000228814654D1B8F1070F30D1202E72D19D
:107C800004F16008324639464046FCF7A6FB02463E
:107C9000F0B901464046FCF75AFB0246C0B9012143
:107CA0004046FCF754FB024690B949464046FCF773
:107CB0004EFB024660B9FF214046FCF748FB0246F6
:107CC00030B90122FE214046FCF741FB024648B391
:107CD00004F160000192FCF7EEF9019A38E0B8F186
:107CE000090F1DD1382E3ED104F1600832463946C5
:107CF0004046FCF772FB02460028E9D101464046A7
:107D0000FCF725FB02460028E2D101214046FCF7A2
:107D10001EFB02460028DBD1012240F2BF11D2E750
:107D20006FF085052046FEF70DFF012804F160087D
:107D300012D1324639464046FCF767FB024600281E
:107D4000C6D141462046FFF7ADFB02460028BFD111
:107D5000104603B0BDE8F083002DF2D06FF085022D
:107D6000B6E70246F4E7014AF2E700BF80B3FFFF3F
:107D700070B5066C0D460736B3EBD60F11460446B8
:107D80004FEAD60204D200236FF089002B6070BD49
:107D9000B0F866302A608BB1FEF7D4FE022805D118
:107DA00004F16000BDE87040FCF747BB012808D132
:107DB00004F16000BDE87040FCF745BB6FF0860041
:107DC000E5E76FF09600E2E7F0B504685509231F78
:107DD0001E4604EB850556F8047FFF43AE4237602C
:107DE000F9D153F8046F01361E600EB9AB42F8D1D9
:107DF0004FF6FF73D2088380A3585B1AA350F0BDDF
:107E0000F0B5C38804460E2BA3B05CD901220E3B0B
:107E10009BB20E2BADF80820ADF80A3055D813AE42
:107E20003C22002130460196F5F77AFFBDF80A2082
:107E30002168920038313046F5F74DFF0E230021BE
:107E4000E2889A4236D801AD2A4621462046FCF700
:107E50008BFC68BB95E8030003AF87E8030038227A
:107E6000314605A80390F5F736FFE0213846FCF7C8
:107E70000FFBE8B93A4621462046FCF775FCB8B935
:107E80000723BDF80A209A4219D83A4629462846BF
:107E9000FCF76AFC60B90F23E0212846ADF80A30F0
:107EA000FCF7D7FA20B92A4621462046FCF75CFCAD
:107EB00023B0F0BD206840F823100133C1E746F835
:107EC00023000133DFE70020F2E76FF08600EFE7E1
:107ED000F0B5C4880546082C8BB017D9083C082C8F
:107EE00017D80668A70020363A46314602A8F5F7AB
:107EF000F2FE3A4600213046F5F712FF26230093A2
:107F000009212346286802AAFDF7CCFE00200BB009
:107F1000F0BD6FF08600FAE710B5C2880446102A5B
:107F200094B029D9103A92B2122A28BF1222012302
:107F30002168ADF8062002A840319200ADF8043067
:107F40000090F5F7C8FE09216846FCF7A1FA68B968
:107F50002268E188136CC3F3080313641123994268
:107F600006D86A4621462046FCF72AFB14B010BD0D
:107F700042F823000133F2E70020F7E770B5C38829
:107F80000546072B90B071D9394A083B0392394A0C
:107F90009BB2082B04924FF0010228BF082305AEC4
:107FA0000021ADF8082030462C22ADF80A300196A9
:107FB000F5F7B6FEBDF80A20296892002031304658
:107FC000F5F789FEBDF80A30BDF8122000211344F0
:107FD000ADF80A300823EA8893423DD301A9084648
:107FE00003AAFCF7F8FB044698BB2946284601AAD9
:107FF000FCF7E6FA044660BBEB880146083B9BB2FF
:10800000082B28BF08232C223046ADF80A30F5F79C
:1080100087FEBDF80A202968920030462031F5F726
:108020005AFEBDF80A30BDF812201344ADF80A30EC
:108030000823EA88934214D301A9084603AAFCF74F
:10804000CAFB044628B92946284601AAFCF7B8FA13
:108050000446204610B070BD286840F82310013354
:10806000BAE7296841F823400133E3E70024F0E749
:108070006C8C060C010002002DE9F74F1921804697
:10808000FCF727F80190002840F0F981D8F800307B
:108090001A68D3F830C05E6D12EB0C012CBF0120C2
:1080A00000201D6D7118DA6D40F10000691840F173
:1080B00000008A4288BF0138C0B2891AFF281960BF
:1080C000596840F0E081B1FA81F04009404201393D
:1080D0005F6B9C6D791840F1000E60184EF1000145
:1080E00001F0FF01101841F10001844588BF0139FA
:1080F000A0EB0C0E754588BF0139C8B249B2AEEB92
:10810000050E0029C3F804E0D3F808E080F2C0812E
:10811000484286454FF0FF3028BF00208E44D3F8F8
:10812000389019EB0E0E40F10000C0B212EB0E01B8
:1081300040F1000E8F4288BFAEF1010EA1EB070A9D
:10814000564588BFAEF1010E5FFA8EF14FFA8EFEF2
:10815000AAEB0600BEF1000F9860D86880F29E81FD
:10816000CEF1000188424FF0FF3128BF002170445A
:10817000D3F83CE01EEB000041F100011CEB0000D5
:1081800041F10001281841F1000101F0FF01301810
:1081900041F10001814588BF0139A0EB090B5C4525
:1081A00088BF0139ABEB040A524588BF0139C8B218
:1081B00049B2AAEB020A0029C3F80CA0D3F810A018
:1081C00080F27181484282454FF0FF3028BF002085
:1081D0008A4416EB0A0A40F1000016EB0A0A40F145
:1081E0000001186C10EB0A0A41F1000117EB0A0AB2
:1081F00041F100011CEB0A0C41F1000115EB0C0CE4
:1082000041F1000101F0FF0114EB0C0C41F1000100
:10821000E64588BF0139ACEB0E0B5A4588BF0139E2
:10822000ABEB020A524588BF01395FFA81FC49B2C3
:10823000AAEB020A0029C3F810A0D3F814A080F218
:108240003881C1F1000CE2454FF0FF3C28BF4FF0F0
:10825000000C8A4414EB0A0A4CF10001D3F844C024
:1082600014EB0A0A41F100011CEB0A0A41F100017A
:1082700019EB0A0A41F1000117EB0A0741F1000A64
:10828000F7194AF1000A0AF0FF0AD7194AF1000A61
:10829000B84288BFAAF1010A5FFA8AFB4FFA8AFA4C
:1082A0003F1ABAF1000F99695F6180F20A81CAF141
:1082B0000007B9424FF0FF3728BF0027514451183B
:1082C000D3F848A047F10007511847F100071AEB0F
:1082D000010147F100071EEB010147F1000719EB0F
:1082E000010147F1000707F0FF07611847F1000798
:1082F0008C4588BF013F5FFA87F97FB2A1EB0C0183
:10830000002F9961D96980F2E280C7F100094945DF
:108310004FF0FF3928BF4FF000093944DF6C79185E
:1083200049F10009411849F100091EEB010149F129
:10833000000909F0FF09511849F100098A4588BF71
:10834000A9F101095FFA89FE4FFA89F9A1EB0A0147
:10835000B9F1000FD961196A80F2C180C9F1000E2C
:1083600071454FF0FF3E28BF4FF0000E4944691899
:108370004EF1000E1CEB01014EF1000E0EF0FF0E4F
:1083800041184EF1000E8F4288BFAEF1010E5FFA28
:108390008EF04FFA8EFEC91BBEF1000F1962596AAA
:1083A00080F2A580CEF1000081424FF0FF3028BF5F
:1083B00000207144711840F100001AEB010140F1F6
:1083C000000000F0FF001CEB010140F1000C8D42A9
:1083D00088BFACF1010C5FFA8CF04FFA8CFC491BA2
:1083E000BCF1000F5962996A80F28680CCF10000DE
:1083F00081424FF0FF3028BF00206144611840F1F6
:108400000000791840F1000000F0FF001AEB010AAB
:1084100040F10001564588BF01395FFA81FC49B23D
:10842000AAEB060600299E62DE6A6ADA48428642A4
:108430004FF0FF3028BF00200E44921940F1000198
:10844000AD1841F1000101F0FF017F1941F1000178
:10845000BC4288BF013949B221EAE1723F1B1A636D
:1084600000240C22B8F80600DF62013290424ED898
:10847000002904DA4FF4C0724046FFF7A5FC0198CA
:1084800003B0BDE8F08F09182CBF012000201FE6C3
:108490001EEB000E2CBF0120002040E640182CBF30
:1084A0000121002164E61AEB000A2CBF0120002004
:1084B0008FE61AEB0C0A2CBF4FF0010C4FF0000CAA
:1084C000C8E611EB0B012CBF01270027F7E611EBE3
:1084D00009012CBF4FF001094FF000091EE711EB15
:1084E0000E012CBF4FF0010E4FF0000E3FE70918B0
:1084F0002CBF012000205DE709182CBF01200020BF
:108500007CE716EB0C062CBF0120002095E743F812
:108510002240AAE72DE9F74F11210090FBF7D9FD82
:108520000190002840F08481009B18680368D0F80F
:1085300020C0D0F8248013EB0C032CBF01220022B2
:10854000C76A18EB030942F100024F4588BF013AA0
:10855000056BA9EB070E754588BF013A446BAEEB7E
:108560000506B44288BF013A836B311B8B4288BF3A
:10857000013AC91A5FFA82FE002A4668016080F259
:108580005B8151428E424FF0FF3128BF00211644DB
:1085900018EB0606D0F828E041F10001C9B21EEB45
:1085A000060641F10001B54288BF0139A6EB050B73
:1085B0005C4588BF0139ABEB040A534588BF0139DC
:1085C000C26BAAEB03094A4588BF01394FFA81FA09
:1085D0005FFA81FBBAF1000FA9EB020186684160E6
:1085E00080F23081CAF100018E424FF0FF3128BF86
:1085F000002156441EEB060641F10001C9B2BE1926
:1086000041F10001B44288BF0139A6EB040A534589
:1086100088BF0139AAEB03094A4588BF0139CEB2A8
:1086200049B2A9EB02090029C0F80890D0F80C90D3
:1086300080F20E81C1F1000AD1454FF0FF3A28BF08
:108640004FF0000A894417EB09094AF1000117EBC2
:10865000090641F10001AE1941F10001AE1941F1E5
:10866000000101F0FF01A61941F10001B24288BFEB
:108670000139A6EB020AD44588BF0139AAEB0C09DF
:10868000C84588BF0139CEB249B2A9EB0809002913
:10869000C0F80C90D0F8109080F2E2804E42B145C4
:1086A0004FF0FF3628BF0026894415EB090946F133
:1086B000000615EB090946F1000614EB090946F11D
:1086C000000614EB090946F1000606F0FF0613EB5D
:1086D000090A46F10009D04588BFA9F10109AAEBB2
:1086E00008018E4588BFA9F101095FFA89FA4FFA9E
:1086F00089F9A1EB0E01B9F1000F0161416980F226
:10870000B580C9F10006B1424FF0FF3628BF002600
:108710004944611846F10006611846F100065918EF
:1087200046F10006591846F1000606F0FF065118FA
:1087300046F100098E4588BFA9F10109A1EB0E0B96
:108740005F4588BFA9F101095FFA89FA4FFA89F9F3
:10875000ABEB0701B9F1000F4161816980F28C80B8
:10876000C9F10006B1424FF0FF3628BF0026494448
:10877000591846F10006591846F10006511846F1FD
:108780000006511846F100065B1846F1000101F0A1
:10879000FF01E31841F100019C4588BF0139A3EBBB
:1087A0000C06B04594BF0B464B1E59B2A6EB08060B
:1087B000002986615FFA83F9C66963DA4B429E42FB
:1087C0004FF0FF3328BF00230E44961943F10001F8
:1087D000961941F10001921941F1000101F0FF01E8
:1087E0001CEB020C41F10001E64588BF0139ACEBFE
:1087F0000E06B74288BF0139F31B9D4288BF01397D
:108800005A1B944288BF013949B221EAE1730362DD
:10881000009B121BC2610024DA88082301339A42AC
:1088200036D8002904DA4FF480720098FFF7CCFAAA
:10883000019803B0BDE8F08F16EB0E062CBF0121A6
:108840000021A5E616EB0B062CBF01210021D1E685
:1088500019EB06092CBF4FF0010A4FF0000AF2E6AF
:1088600019EB06092CBF012600261EE711EB0A01B1
:108870002CBF012600264CE711EB0A012CBF012674
:10888000002675E716EB09062CBF012300239CE7A1
:1088900040F82340C2E7000073B504460D46FEF7DA
:1088A0009BF92046FEF765F92570013D082D00F281
:1088B0003181DFE815F00900320044002F012F015B
:1088C0002F016F005600C200954A964B6260964A8F
:1088D000A3646261954A964B6263964AA360A36162
:1088E000A3632362A362944BE26163624FF00113BE
:1088F0002363924B201DE362FBF765FDE06304F107
:108900003400FBF760FD012363640023C4E91633E0
:1089100020640025284602B070BD894A894B6260F8
:10892000894AA3646261894A894B6263894AA36068
:10893000A361A3632362A362E261874BD5E7874A01
:10894000874B6260874AA3646261874A874B626390
:10895000874AA360A361A3632362A362E261854B9C
:10896000C3E7854A854962604FF00112844BE1609C
:108970008449A36461616E4B8349A360A36361630F
:1089800023628249A362824B2261A261E161636238
:108990002263AEE77F4B8049A36404F10C00FBF730
:1089A000AAFC0546002840F0B180261D0121304672
:1089B000FBF7A1FC0546002840F0A880FF213046C7
:1089C000FBF747FD0546002840F0A0801322314602
:1089D0003046FBF7E8FE0546002840F09780304619
:1089E000FBF7F1FC04F13406E063102230466B49DA
:1089F000FBF70BFD0546002840F088800122FC2192
:108A00003046FBF7A4FC054600287FD1092104F17C
:108A10001C00FBF770FC0546002877D1012104F10A
:108A20002C00FBF768FC054600286FD104F12400F8
:108A3000FBF741FBFE2323646BE7594B6846A364B5
:108A4000FBF734FB49F6AA0104F10C00FBF753FCD9
:108A50000546002854D1261D01213046FBF74BFC6A
:108A6000054600284CD1E0213046FBF7F2FC0546D4
:108A7000002845D1012231463046FBF794FE0546D9
:108A800000283DD1E0213046FBF7E3FC0546B8BBAA
:108A9000012231463046FBF786FE054680BB304654
:108AA000FBF791FC0521E06304F11C00FBF723FCBC
:108AB000054628BB012104F12C00FBF71CFC0546F0
:108AC000F0B904F1240004F13406FBF7F4FA0122B2
:108AD0004FF4DF713046FBF73AFC054680B91C22A3
:108AE00068463049FBF791FC054648B96A4631466D
:108AF0003046FBF73CFE054610B940F2BF13236435
:108B00006846FBF7D8FA002D3FF404AF2046FEF785
:108B100063F8FFE600236FF085052370FAE600BFD7
:108B2000EC8F060C1585050CCC8F060C6C8F060C93
:108B300001000800AC8F060C8C8F060C0C90060C04
:108B40003C8F060C7980050C0C8F060C7C8E060C75
:108B500001000C00DC8E060CAC8E060C388E060C68
:108B6000197F050CF48D060C288D060C01001100F0
:108B7000B08D060C6C8D060C088D060C048D060C51
:108B80007D7F050C008D060CA08C060CE08C060C7D
:108B9000C08C060CD17E050C42DB0100908C060CCB
:108BA000017E050C748C060C2DE9F7431F46064622
:108BB0000D469046384609880DF106030DF107026F
:108BC00000F0F4F9044650B9274A27F47E13934283
:108BD00009D002F5807293422AD06FF085042046B6
:108BE00003B0BDE8F083214B33602B8803F4E042EF
:108BF000B2F5005F02D06FF08604F0E703F4E063A3
:108C0000B3F5806FF7D106F10809484605F0F5FB8A
:108C1000424648466B889DF8061005F0F2FBF7F7D0
:108C2000A7FCF8B92B88C7F30547B380F771D6E7DF
:108C30000F4B33602B8803F4E042B2F5005FDAD1CA
:108C400003F4E063B3F5806FD5D106F10809484617
:108C500006F0A4FF424648466B889DF8061006F0D1
:108C6000A2FFDCE70446BAE7000140050001500519
:108C70000002500510B5029B0446FFF795FF18B996
:108C8000A37943F00103A37110BD10B5029B044604
:108C9000FFF78AFF18B9A37960F30003A37110BD31
:108CA000134610B502680E4CA2420AD184790A46D6
:108CB000083004F0010107F07DF8BDE81040F7F737
:108CC00057BC084CA24207D184790A46083004F008
:108CD000010105F0C9FBF0E76FF0850010BD00BF92
:108CE000000250050001500510B5074B04689C4276
:108CF00007D1C379083005F0EBFBBDE81040F7F76A
:108D000037BC002010BD00BF0001500510B503683E
:108D1000094CA34206D1083007F0F9F8BDE810402D
:108D2000F7F726BC054CA34203D1083005F0EAFB57
:108D3000F4E76FF0850010BD0002500500015005FA
:108D4000F0B50668124F85B0BE420A9D03920DD160
:108D500003ACCDE90054083007F0A0F9F7F708FCA0
:108D600010B90B9B039A1A6005B0F0BD094FBE42C3
:108D700008D1AA4209D803ACCDE90054083005F067
:108D800046FCEBE76FF08500EEE76FF08900EBE75C
:108D90000002500500015005F7B5099F0446C0794F
:108DA0001D46B842089E1DD82768DFF844C06745B5
:108DB0000ED1CDE9006004F1080007F012FAF7F7D0
:108DC000D7FB18B92860E2790A9B1A6003B0F0BD9E
:108DD000084B9F4209D10246314604F1080005F0D4
:108DE00015FDECE76FF08900F0E76FF08500EDE727
:108DF000000250050001500503680B4A10B593426C
:108E0000044609D002F58072934209D0A37900206C
:108E100023F00103A37110BD083005F018FBF5E73E
:108E2000083007F0E3FAF1E7000150052DE9F04FB3
:108E3000074688469946EFB008AC4FF4CC72DDE99E
:108E40007BABDDE97D5600212046F4F769FF39460A
:108E50004B4642462046FFF7A7FE0746F8B9E3799E
:108E60007F9A5919914235D821681D48721981425B
:108E70001CD1CDE904237A9B29460093CDE902B6A3
:108E8000DDE97823CDF804A00AA805F039FDF7F74D
:108E90006FFB074618B9E379809A2B44136020468C
:108EA000FFF7AAFF38466FB0BDE8F08F0D4881424A
:108EB00013D1CDE905327A9B2A460193799B012192
:108EC0000093CDE903B6789BCDF808A00AA807F077
:108ED0003FFADCE76FF08907E1E76FF08507E1E72C
:108EE00000015005000250052DE9F04F0746884665
:108EF0009946EDB006AC4FF4CC72DDE97A650021FD
:108F00002046DDF8DCA1DDF8F0B1F4F709FF3946C1
:108F10004B4642462046FFF747FE074600BBE37933
:108F2000AB4235D87D9AE91A8A4234D320681D4F66
:108F30007218B8421BD1CDE90423799BCDE9026BAD
:108F40000193789B769A009308A8534605F0EEFCAF
:108F5000F7F70EFB074618B9E379ED1A7E9B1D6003
:108F60002046FFF749FF38466DB0BDE8F08F0E4F41
:108F7000B84213D1CDE90223799BCDE9046B01936B
:108F8000789B769A009308A8534607F00BFADFE720
:108F90006FF08607E4E76FF08907E1E76FF0850778
:108FA000E1E700BF000150050002500510B500F0D8
:108FB000FE44B4F1A06F08BF20F47E1000F0FC4422
:108FC000B4F1806F21D11C4CA04223D011D81B4C8E
:108FD000A0421DD007D820F48070A4F58064A04280
:108FE00004D1022017E0164CA0421BD06FF0850080
:108FF00017E0144CA04217D004F58074A04215D09D
:10900000114CA042F2D1042005E0104CA042EDD159
:10901000012000E00320B1F5105F1070E6D13BB9EC
:10902000002010BD0520F6E70820F4E70620F2E74F
:1090300002221A70F4E700BF0011C004004440048B
:109040000010C004000140050012C0040002C0036B
:1090500073B5002615461C460DF106020DF10703F7
:109060008DF80760FFF7A2FF58B99DF8070004B11B
:10907000207029469DF8062002B0BDE8704005F03A
:10908000D7BC304602B070BD2DE9F84F0D461C46E6
:10909000074600F10808404691460E889DF928B021
:1090A00005F0E4FCB5F802A0314600235246204604
:1090B0003C60FFF7CDFF0146002864D0404605F034
:1090C000F5FC0546002840D15B46524649464046DD
:1090D00005F00CFD0546C0BB2D4B9C420AD003F5A4
:1090E00080739C4236D004F0FF43B3F1906F07D1F8
:1090F00001230BE00121404605F02EFF002840D15E
:1091000006F4E043B3F5005F26D000237B7106F43C
:10911000E043B3F5005F25D116F4E06F22D01D4A7D
:1091200024F4807393420AD002F50072944206D070
:10913000194A944203D0A2F53F42934212D101242E
:10914000C6F30226B440E4B23C712846BDE8F84FAD
:10915000F7F70EBA0146CEE70123C6F30222934089
:10916000DBB2D3E742F204039E4202D10B4B9C4296
:1091700005D00B4B9C420CBF0D240024E4E70C24CB
:10918000E2E70546E1E76FF08500BDE8F88F00BF34
:10919000004040040010C00400FF400400018004AF
:1091A0000013C00410B40124019B019410BCFFF70C
:1091B0006BBF10B40024019B019410BCFFF764BF87
:1091C00008B50379934206D1083005F0BFFCBDE82D
:1091D0000840F7F7CDB96FF0860008BD2DE9F04FD4
:1091E000144602689B4602F0FF4385B0B3F1906FCE
:1091F0000546DDE90E780E4600F08380C36A4179AA
:109200002344B3FBF1F34B43BB427CD83F4B9A4220
:1092100061D182680023002A45D0177907F01F0723
:109220000393C8F80030002C39D0E86A05F108092A
:1092300030B3A7EB000AA24528BFA246143031463E
:1092400052464844F4F747FDEB6AA4EB0A04534442
:109250009F425644EB6213D103AB3A46009305F1AB
:109260001C015B46484605F0C1FCF7F781F9B8B927
:10927000D8F80030039A1344C8F800309344E862E9
:109280000DF10C0AA74210D94CB1E86A22461430FD
:1092900031464844F4F71FFDEB6A2344EB6200209B
:1092A00005B0BDE8F08F1F46BAE75B463A46314647
:1092B0004846CDF800A005F099FCF7F759F90028C9
:1092C000EED1039AD8F80030E41B13443E44934493
:1092D000C8F80030D6E714B9C8F80040DFE75B46AD
:1092E00022463146CDF8008005F1080005F07EFCED
:1092F000F7F73EF9D8F80030BB4288BF6FF0960010
:10930000CEE7BC42E7D96FF08900C9E700444004CA
:10931000F0B504460F46002187B0164602A8102279
:109320001D460191F4F7FCFCE36A2BB123681B4A4C
:1093300023F4806393422DD02A4601AB02A904F1A5
:10934000080005F081FDF7F713F90446D8B9102E8F
:10935000344628BF102426B12246384602A9F4F725
:10936000BAFC2B68224692EA0301D21A8A430B40C8
:109370001A43D217019B8A2103F096031140D2436E
:109380001A400A43544202A81021F6F72DFB20464A
:1093900007B0F0BD6FF08604F5E700BF0040400461
:1093A00008B5036803F0FE43B3F1806F04D10830C1
:1093B00005F060FB002008BD6FF08800FBE72DE999
:1093C000F04704469A460E46904698B04C22DDE996
:1093D0002457002105A8DDF88490F4F7A1FC21466C
:1093E00043463246CDF800A005A8FFF7DBFE044651
:1093F00068B9B9F1000F0ED1DDE9221203ABCDE956
:10940000007305A82B46FFF7E9FE044660B105A8E6
:10941000FFF7C6FF1DE04A46209905A8FFF7D0FEDA
:1094200004460028E8D0F2E7039A05B1154429461E
:1094300004ABBA1A05A8FFF76BFF04460028E6D173
:10944000DDE903321344269A05A81360FFF7A8FF4D
:109450000446204618B0BDE8F0872DE9F0470446E1
:109460009A468846914696B04C22DDE92057002165
:1094700003A81E9EF4F754FC21464B464246CDF805
:1094800000A003A8FFF795FE044640BB9DF81020FE
:10949000F2B99DF810206EBB1F990DF108088A1AC9
:1094A0002B463146CDE9007803A8FFF797FE044626
:1094B000A8B9029E05B135444346BA1B294603A804
:1094C000FFF726FF029B229A33440446136006E00E
:1094D000314603A8FFF774FE04460028D9D003A83C
:1094E000FFF75EFF00280CBF20466FF0880016B023
:1094F000BDE8F0871644CFE72DE9F04700F4E04AD5
:10950000BAF5804F06460C4691469846089F17D1FB
:1095100000F44F43B3F5824F02D0B3F5884F02D128
:10952000F3B2412B0CD018F0010F06D04FEA5803CC
:1095300044B1E21DB3EBD20F05D06FF0860665E0B3
:109540004346F5E7DC0080210120F6F731FA0546B5
:10955000002800F08180FDF72DFB06F44F43B3F5A2
:10956000824F02D0B3F5884F07D1F0B2302858D0DF
:109570000DD8122815D017285BD06FF08604284626
:10958000FDF75AFB2846F6F719FA26463EE0412831
:10959000F3D1B4F5807F51D0B4F5E07F0ED0FF2C2D
:1095A0000BE040F209239C4208D035D8B4F5807F07
:1095B00004D02ED824F02003C02BDED1214601F0A8
:1095C00015F90146002842D02846FFF765F9F6F75D
:1095D000CFFF064600283DD1BAF5804F30D105F1C6
:1095E000680A43464A4651462846FDF7EBFDF6F722
:1095F000BFFF04460028C2D151462846FDF7A6FE0B
:10960000F6F7B6FF04460028B9D13D603046BDE804
:10961000F087B4F5C07FD0E7B4F5047FADD11C4628
:10962000CCE724F08003B3F5807FC7D0B4F5007F8A
:10963000C3E7C02CC2D0B4F5807FBEE7FF24BDE7EE
:1096400043464A4629462878FEF702FBD8E76FF0E2
:10965000850494E7044692E76FF08C06D6E7000095
:109660002DE9F74300F4E040B0F5804F0D46164673
:109670001F46DDF828902CD101F168084046FDF71F
:109680002CFD88B94B46002241462846CDE90067AB
:10969000FDF72CFDF6F76CFF0446B0B13A46002109
:1096A0003046F4F73DFB10E0002301930D4B41469B
:1096B000009305F1600205F11C032846FEF773FADA
:1096C000F6F756FF04460028DCD0204603B0BDE87C
:1096D000F08349462846FEF74BFB03B0BDE8F04354
:1096E000F6F746BFC1E2050C7FB51E460023039383
:1096F00003AB0093054613460A4641880088FFF7EE
:10970000FBFE0446B8B92888039900F44F43B3F52B
:10971000824F02D0B3F5884F17D1C3B2412B14D179
:109720000C6C01340A9B32461C60099B0093089B19
:10973000FFF796FF0446039D2846FDF77DFA28466D
:10974000F6F73CF9204604B070BD0C6CEAE77FB533
:109750001E460023039303AB0093054613460A46B7
:1097600041880088FFF7C8FE0446D0B9288800F475
:109770004F43B3F5824F02D0B3F5884F14D1C0B236
:1097800040F48240039D099B324629460093089B82
:10979000FFF766FF04462846FDF74EFA2846F6F71F
:1097A0000DF9204604B070BD4FF48240EAE7000096
:1097B000F0B504881D4604F44F43B3F5824F844648
:1097C0000E461746A1B002D0B3F5884F26D1E0B2BD
:1097D000BCF8021001F00AF8044608B36846FDF729
:1097E000E9F921466846FFF757F8044670B9034681
:1097F0000D4A684618A9FEF7E1F9044630B93B4620
:10980000324629466846FEF7B3FA04466846FDF735
:1098100013FA2046F6F7ACFE21B0F0BD0020D7E7E2
:109820006FF08500F8E700BFC1E2050C2DE9F04FAD
:109830001C4600238DB0079307AB00931346DDE968
:10984000169A0A4641880088DDF86080FFF754FECA
:10985000834600285ED1079E08A8F56BFAF726FC20
:109860000AA8FAF723FC0735199BED08B3EB450F5F
:109870004FEA45075ED314F48072304906F1600365
:109880004ED02F4824F4875222F01F0282420CD07F
:109890002C4A24F47F7020F00300904205D024F07D
:1098A000FF0002F5A062904238D114F0FF0001D011
:1098B00040F000700022C0B2CDE90312CDE901A052
:1098C000CDF8009030460AAA08A905F0FDFE04462E
:1098D00068B92A46414608A8FAF7B5FD044630B9EA
:1098E0002A4608EB05010AA8FAF7ADFD044608A8C8
:1098F000FAF7E1FB0AA8FAF7DEFB0CB91A9B1F6026
:109900003046FDF799F93046F6F758F82046F6F755
:109910002FFE834658460DB0BDE8F08F5846C9E784
:10992000CDE902123046CDE9009A0AAA08A905F04D
:109930005BFECCE76FF08904D9E700BFC1E2050CFC
:10994000000300060004000637B500F16805044670
:109950002846FDF7C2FB58B100230193074B294667
:109960000093204604F11C0304F16002FEF71BF98A
:1099700003B0BDE83040F6F7FBBD00BFC1E2050C07
:10998000134600222DE9F04389B0039203AA009206
:109990000A4641880088DDF84890FFF7ADFD04468F
:1099A000002840D1039D04AFEA6B3846073206AE6B
:1099B0004FEAD208FAF77AFB3046FAF777FB139BA7
:1099C000B3EB480F33D1424649463846FAF71DFDFE
:1099D000F6F7CEFD0446D0B9424609EB0801304601
:1099E000FAF713FDF6F7C4FD044680B92846FFF7E1
:1099F000ABFF044658B9DDE9101205F168032846AB
:109A0000CDE9007605F01DFFF6F7B2FD04463846B5
:109A1000FAF751FB3046FAF74EFB2846FDF70CF9F2
:109A20002846F5F7CBFF204609B0BDE8F0836FF07C
:109A30009404ECE72DE9F04F05469B4600238DB0DA
:109A400006A8CDE90333DDE918780E469246DDF825
:109A50006890FDF780F8288820F0FF03B3F5E24F07
:109A600066D1354C354B0BEA040444F010649C423B
:109A70005ED103AB0093324653466988FFF73CFD45
:109A8000044600284AD1039D059005A9287800F0D6
:109A90008BFE04AB40F482400093059980B2DDE96F
:109AA0001623FFF729FD049E044620BB244B01909A
:109AB000009305F1600206F1680306A92846FEF747
:109AC00072F8F6F755FD0446A8B9EB6B0733DB08CF
:109AD0009845C9F8003028D32846FDF733F8022806
:109AE0003946D9F8002006A81CD1FAF7A6FCF6F7EB
:109AF0003FFD044618B141463846F5F775FF06A804
:109B0000FDF766F83046FDF797F83046F5F756FF53
:109B10002846FDF791F82846F5F750FF20460DB08E
:109B2000BDE8F08FFAF78FFCE1E76FF08904E2E718
:109B30006FF08604F2E700BF0000FFF600000209A4
:109B4000C1E2050C03680D4A10B59342044606D8DD
:109B5000023A93420CD873B16FF088000DE003F124
:109B60007E430A3B012BF7D8083003F0A3FD02E047
:109B7000083002F037FF0020206010BD090000020D
:109B8000036870B505460E46002B3FD101F17E43B8
:109B9000083B032B2CD8DFE803F002131A2400F152
:109BA0000804204602F01AFF0121204602F024FF9B
:109BB000044638BB2E602046BDE87040F6F7D8BC9E
:109BC00000F10804204602F009FF0021EDE700F152
:109BD0000804204603F06AFD0121204603F074FDCD
:109BE000E6E700F10804204603F060FD0021F4E7F9
:109BF00001F0FE46B6F1007F14BF6FF086006FF0F3
:109C0000850070BD2846FFF79DFFD4E76FF0880000
:109C1000F7E7000038B5144A0368044693420D463E
:109C200009D8023A93420ED8002B14BF6FF085007A
:109C30006FF0880038BD03F17E430A3B012B0CD93D
:109C40006FF08500F6E700F1080105F1080002F069
:109C5000CEFE236800202B60ECE700F1080105F13F
:109C6000080003F02CFDF4E70900000210B50368BA
:109C70000C4CA34205D8023CA3420BD86FF08800DD
:109C800010BD03F17E430A3B012BF7D8083003F0E7
:109C9000CBFD02E0083002F0FDFEBDE81040F6F713
:109CA00067BC00BF090000022DE9F0411D460478A1
:109CB000064644F0007404F17E44033C102C98BF27
:109CC000184B0F4690468CBF00241C5D2A601AB1C9
:109CD00021213846F4F724F844451FD83268124B46
:109CE0009A4205D8023B9A420DD86FF0880013E0E3
:109CF00002F17E420A3A012AF7D8394606F10800F5
:109D000003F0E3FD04E0394606F1080002F002FF2B
:109D1000F6F72EFC00B92C60BDE8F0816FF08900E9
:109D2000FAE700BF1090060C090000022DE9F0438D
:109D30000446B9B00E46DDE9408900211746684661
:109D4000E0221D46F3F7ECFF21466846C9F8008083
:109D5000FFF716FF044668B93A4631466846FFF7F2
:109D600085FF044630B94B46424629466846FFF710
:109D70009BFF04466846FFF7E5FE002C18BF20460F
:109D800039B0BDE8F08300002DE9F04716460268BF
:109D9000354B0D4622F47E119942804692B016D181
:109DA00002A9083005F04DFA044620B9324628468B
:109DB00002A9F3F790FF102102A8F5F715FE20463F
:109DC000F6F7D6FB0446204612B0BDE8F087274BD5
:109DD0001340B3F1607F43D10022D0F808A0019274
:109DE0005FFA8AF343F0007303F17E43033B102BC9
:109DF00098BF1F4A00F1100794BF12F803909146D4
:109E00003846402201AB02A9F7F710F804460028B3
:109E1000D9D151463846F6F71FFF0446D8B94A460D
:109E2000384608F1F801F6F7E9FF044698B93846D4
:109E3000019A02A9F6F7E2FF044660B940223846CB
:109E400001AB02A9F6F7F2FF044620B932462846D4
:109E500002A9F3F740FF019902A8F5F7C5FDB2E7A3
:109E60006FF08804AFE700BF0002C0030000C07FAE
:109E70002190060C026838B504464AB1104B22F412
:109E80007E11994206D1083004F0F4FD00232360CE
:109E9000002014E00B4B1340B3F1607F08D1802108
:109EA000F830F5F7A1FD04F11000F6F7C5FEEDE777
:109EB0004FF4BC720021F3F733FF6FF0880038BD18
:109EC0000002C0030000C07F2DE9F043D0F80080FD
:109ED000A5B0144605460E461A462C9FB8F1000F51
:109EE00040F0C380624B27F47E199945076013D177
:109EF00000F10807384604F0B9FD3188434648466A
:109F00007288FFF7A5F80146002851D16FF085044B
:109F10002846FFF7AFFF0BE0564B3B40B3F1607FA5
:109F20000AD04FF4BC724146F3F7FAFE6FF0850495
:109F3000204625B0BDE8F083FFB247F0007707F177
:109F40007E43033B102B039241D946468760002A8B
:109F500055D104AC23460399884577D1B04506D244
:109F60003621A6EB080204EB0800F3F7D9FE039BA9
:109F700005F1F70203F1F701294491426ED1B34292
:109F800006D205F1F8005C21F21A1844F3F7C8FE76
:109F900005F1100839464046F6F75EFE04460028F3
:109FA00039D13246404604A9F6F728FF044632E08C
:109FB000384604F07BFD20B921463846728805F00A
:109FC0006DF8F6F7D5FA0446002CB1D0A0E72A497F
:109FD000C95C102B2DD8DFE803F00E0E0E2C2C0ED2
:109FE0000E233030302C2C2A27092E006826B1424F
:109FF000AF6002D98AE74026AF60B2421FD903ABF7
:10A000000193802321460093384604ABF6F75BFFAB
:10A01000044600289DD0802104A8F5F7E5FCD3E78D
:10A02000164B8026AB60E8E7154BAB606EE7154B2F
:10A03000FBE70026DBE74826D9E78026D7E7002A9A
:10A0400087D0214604A8F3F746FE82E71A7808F184
:10A05000010882F0360203F8012B7DE714F8010BAA
:10A0600080F06A0002F8010F87E76FF088045FE76D
:10A070000002C0030000C07F3290060C0A000002FC
:10A080001100000210000002FFF71EBFFFF71CBF07
:10A0900038B50468ACB10C4B24F47E159D4206D152
:10A0A000083005F021F8BDE83840F6F761BA074BF3
:10A0B0002340B3F1607F04D1BDE838401030F6F79B
:10A0C0009DBE6FF0880038BD0002C0030000C07F55
:10A0D00038B51C460368154623B1FFF755FE00B995
:10A0E000256038BD6FF08800FBE770B503680E4649
:10A0F000154690B0B3B1402A17D86946FFF744FE21
:10A10000044640B92A466946304604F011F8041E58
:10A1100018BF6FF0940440216846F5F765FC2046AF
:10A1200010B070BD6FF08804F9E76FF08604F6E7B1
:10A130002DE9F043984604460D461646E1B04FF42B
:10A14000BC72002102A8DDF8A4916B9FF3F7E8FD33
:10A150004FF4BC72002102A8F3F7E2FD214633461A
:10A160002A46CDF8008002A8FFF7AEFE044648B9A3
:10A17000B9F1000F0DD13A466A9902A8FFF704FE23
:10A18000044678B102A8FFF775FE204661B0BDE82D
:10A19000F0834A46689902A8FFF77AFF0446002830
:10A1A000E9D0EFE76C9B1F60ECE7000038B50C4B83
:10A1B00020F0FF029A4212BF0024C4B244F000749F
:10A1C000E4B220460D4603F003FD30B12246284696
:10A1D000BDE83840012100F0A8BD6FF0850038BD12
:10A1E0000003000738B503460C4620F4FF701949F8
:10A1F00020F00100884215D0174823F0FF0181426A
:10A2000010D023F47F7525F00305A0F5706085421A
:10A2100008D000F5A060814204D0002313706FF0D5
:10A22000850038BD13F0FF0018BF40F00070C0B2C9
:10A230001070084A934207D00028F0D003F0C8FC01
:10A2400003F087FDA04201D10020EAE76FF086000D
:10A25000E7E700BF0002000600130006F8B5044659
:10A260000E46012074211D461746F5F7A1FB286014
:10A2700020B304F4E04400F04EFDB4F5E04F3A465C
:10A280003146286810D101F013FDF6F771F9044644
:10A2900040B9286800F05FFDC000B0F5805F06D9C6
:10A2A0006FF085042046F8BD00F07EFDEDE72868DC
:10A2B0000430FAF788F84307F4D0F1E76FF08C0424
:10A2C000F0E773B50446164604F4E0441D46B4F5C1
:10A2D000E04F134408460193314601AA0ED100F025
:10A2E00070FC002804460CDA2A4600213046F3F7B9
:10A2F00017FD2046F6F73CF902B070BD00F0E2FC15
:10A30000EFE7B5EB400F0FD32D1A3544024629462F
:10A310003046F3F7E0FC224600212846F3F700FD23
:10A32000069B00201C60E7E7A842F9D22D1A0246DE
:10A3300071193046F3F786FC2A4600213019EDE703
:10A34000F0B51F46002385B00393064603AB008893
:10A35000FFF784FF039D044678B9284600F0FBFC14
:10A360000C9BC10089B219600B9B3A4600932946A9
:10A370000A9B3088FFF7A5FF0446284601F05FFCE2
:10A380002846F5F71BFB204605B0F0BD7FB51E46FD
:10A3900000230088039303ABFFF760FF039D04468F
:10A3A00048B9099B32460093294644F20100089BB4
:10A3B000FFF787FF0446284601F041FC2846F5F7E1
:10A3C000FDFA204604B070BD70B505461E46A0B02B
:10A3D00072B1042A09D800240A4411F8013B8A42C8
:10A3E00043EA0424F9D1002C04DA6FF0850414E068
:10A3F0004FF0011403A800F08EFC009400226B883B
:10A400000E4903A801F0D6FC044648B103A801F0A8
:10A4100016FC2046F6F7ACF80446204620B070BD86
:10A42000259B324600932888249B03A9FFF749FF08
:10A43000044603A801F003FCEFE700BFC1E2050CEE
:10A440002DE9F0439946002387B00593008805ABBA
:10A45000DDF84080DDE90E76FFF700FF059D04463C
:10A4600070BB314648460DF11302FFF7BBFE0446B0
:10A4700030BB284600F06FFC119B984248D8274B10
:10A4800029F0FF029A4225D122462146284600F0B3
:10A490004CFC044680B90246CDE9017828469DF877
:10A4A00013301F49009601F09FFA044620B9284650
:10A4B00000F051FC129B18602046F6F759F804464C
:10A4C000284601F0BCFB2846F5F778FA204607B08D
:10A4D000BDE8F083134B29F4875929F01F099945EA
:10A4E00019D1012128469DF8132000F01EFC0446D6
:10A4F0000028E1D14FF0FF330246CDE9017308494E
:10A500000346CDF80C802846009601F0F5F9CCE71B
:10A510006FF08904D4E76FF08604D1E700020006EB
:10A52000C1E2050C000300062DE9F047994600231F
:10A5300086B00593008805ABDDF84080DDE90E7636
:10A54000FFF78CFE059D044678B9314648460DF16B
:10A550001302FFF747FE044638B9284600F0FBFB1C
:10A56000119B98420BD06FF09404284601F067FBD2
:10A570002846F5F723FA204606B0BDE8F087264BBB
:10A5800029F0FF0A9A4518D122462146284600F0B4
:10A59000CCFB044648B93B46324628469DF813108A
:10A5A000CDF8008001F027FB044614F1960FDAD0B5
:10A5B0002046F5F7DDFF0446D7E7184B29F4875905
:10A5C00029F01F09994524D19DF8139001214A468D
:10A5D000284600F0AAFB04460028E6D1104B9A4515
:10A5E00014D0284600F0B7FB0238801B03D4B042D9
:10A5F000A8BF304604463B46324649462846CDE988
:10A600000148CDF8009001F016FACDE74FF0FF3485
:10A61000F1E76FF08604A8E70002000600030006D9
:10A62000001300062DE9F0431E4644F201030088A2
:10A6300087B020F440549C42DDF84890DDE90E8755
:10A640004BD10023059305ABFFF708FE059D04469B
:10A65000C8B9284600F07FFB139B984237D8204B9F
:10A660009E421AD13B4622462846CDE900891D4923
:10A6700000F0BAFFF5F77CFF044620B9284600F049
:10A680006AFB149B1860284601F0D9FA2846F5F7B2
:10A6900095F9204607B0BDE8F083134B26F0FF0282
:10A6A0009A4217D129463046FFF780FDF5F760FF43
:10A6B00004460028E7D1119B024600932846CDE9C5
:10A6C0000289109B0749019700F0C8FED2E76FF09E
:10A6D0008904D8E76FF08604D5E76FF08504D8E7E2
:10A6E00000020007C1E2050C000300072DE9F04756
:10A6F0001D4647F20103002488B00088169E984248
:10A70000109F3460DDE9148944D107AB0794FFF74B
:10A71000A5FDDDF81CA00446A0B9504600F01BFBC7
:10A72000119B984233D11D4B9D4215D13346224691
:10A730005046CDE901891A49009701F0BBF8F5F7B9
:10A7400017FF0446504601F07AFA5046F5F736F9FD
:10A75000204608B0BDE8F087124B25F0FF029A4270
:10A7600015D151462846FFF721FDF5F701FF0446B4
:10A770000028E7D1139B024600935046CDE9038998
:10A78000CDE90167129B064900F049FFD7E76FF05A
:10A790008604D7E76FF08504DAE700BF0002000700
:10A7A000C1E2050C000300070138082818D8DFE8CB
:10A7B00000F01A05091717170C0F14004FF4C07397
:10A7C000122008E040F20923FAE7FF23412002E0CB
:10A7D0004FF4807317200B6070474FF4E073F5E778
:10A7E00000231846F7E74FF48073E9E7172817D0DE
:10A7F00041280DD0122819D1B1F5C07F18D040F2F0
:10A800000923994216D0A1F58072504250417047F9
:10A81000FF2911D0B1F5E07F14BF00200920704757
:10A82000A1F5807358425841C0007047002070471E
:10A8300002207047032070470720704743421843A7
:10A84000C017704708B503F0C3F9BDE8084003F02E
:10A8500080BA2DE9F04794B0054601A80E4690460F
:10A86000994603F0C1F99DF8700003F0B1F907466D
:10A87000002854D001A803F0B7F90022394601A8F6
:10A8800003F0DBF9044670B9384603F062FA40225F
:10A890002146074604A8F3F743FA042221466846F6
:10A8A000F3F73EFA56B904A84021F5F79DF801A840
:10A8B00003F09EF9204614B0BDE8F087BE4201A81F
:10A8C000B24628BFBA4603F0E4F930BB4A464146D7
:10A8D00001A803F0F8F900BB042269460DEB020061
:10A8E00003F0F1F9C8B904A901A803F000FAA0B96E
:10A8F00004AA05EB0A018D4207D19DF80330A6EBAF
:10A900000A0601338DF80330CCE715F8010B12F875
:10A91000013B434005F8013CEDE70446C3E76FF017
:10A920008604C7E72DE9F0434FF0000987B00746DA
:10A930009DF83C00884615461E46CDE9019903F076
:10A9400047F9044678B303A803F04EF921464A4676
:10A9500003A803F072F90446F0B903A803F099F9CB
:10A960000446C8B9082201A903A803F0ACF90446BB
:10A9700090B94246394603A803F0A5F9044658B9F0
:10A980003246294603A803F09EF9044620B90E99E1
:10A9900003A803F0ACF9044603A803F029F9204604
:10A9A00007B0BDE8F0836FF08604F8E72DE9F74FB4
:10A9B0001E4600230D4691460746CDE90033DDF8DB
:10A9C000308000283BD0FFF73DFF0446002866D0CA
:10A9D0006A46384601A903F05FFC00285FD1AC420B
:10A9E0005DD1009C2C4404F108037F2B57D804F15F
:10A9F0000A0305F10A02934251D3B3424FD8341BE4
:10AA00000A3C0A2C4BD9C2464FF0000B01230AF82E
:10AA100002BB033C2246FF21504688F80130F3F781
:10AA20007FF90AEB04000AF804B067B92A464946E0
:10AA30000130F3F750F9002003B0BDE8F08F8E42EB
:10AA40002DD3741ADDE7009AEFB2D3B203F10801F7
:10AA5000394430248170191D017106214470C4707D
:10AA6000C41D4171837101992046F3F734F9052122
:10AA7000009AA318A15404229C189A70204683F8C7
:10AA800001B0DF702A464946F3F725F92C4408EB5C
:10AA90000603A342CFD031464046F4F7A5FF6FF03E
:10AAA0008600C9E738B51546FAF7D9FE044638B925
:10AAB00001462846F9F76CFD002808BF6FF08604B0
:10AAC000204638BD70B5044616461D46F9F74FFEC0
:10AAD000D8B92146204605F13C02F9F77CFEA0B921
:10AAE0002146204605F11C02FAF70AF968B9214609
:10AAF000204605F12402F9F76EFE30B932462146B0
:10AB00002046BDE87040F9F72FBE70BDF8B5054688
:10AB100055F8047B044628460E46F9F758FC874250
:10AB200016D12368B3F5806F12D800212846F9F7B3
:10AB30002FFD00280CDD00212846F9F7F8FB38B17D
:10AB40004EB9002104F10C00F9F722FD00281FDCAA
:10AB50006FF086001EE004F11C0500212846F9F77D
:10AB600017FD0028F4DD00212846F9F7E0FB002856
:10AB7000EED004F1240500212846F9F709FD00284C
:10AB8000E6DD00212846F9F7D2FB0028D9D1DFE71E
:10AB90000EB90020F8BD002104F12C00F9F7F8FCF3
:10ABA0000028D5DD002104F13400F9F7F1FC00287C
:10ABB000CEDD002104F13C00F9F7EAFC0028E8DCD6
:10ABC000C6E72DE9F74F1646804600F13C023046B5
:10ABD0000F46FAF7FDFD051E60DB3946304608F1E9
:10ABE0003402FAF7F5FD041E5CDB3946304608F105
:10ABF0002C02FAF7EDFDB0F1000B55DB394630467B
:10AC000008F12402FAF7E4FDB0F1000A4EDB394600
:10AC1000304608F11C02FAF7DBFDB0F1000947DB12
:10AC20003946304608F11402FAF7D2FD031E0093AC
:10AC300040DB3946304608F10C02FAF7C9FD031E25
:10AC4000019339DB08F1040239463046FAF7C0FDBA
:10AC5000B0F1000832DB00223946304603F065FAD5
:10AC600000282DDB2C445C44009B54444C4423447A
:10AC70001C46019B394623441C4644440444224656
:10AC8000304603F0DFF9051E08DB30223946304636
:10AC900003F0FCF9002813DB2C440519284603B007
:10ACA000BDE8F08F2546F9E75D46F7E75546F5E73D
:10ACB0004D46F3E7009DF1E7019DEFE74546EDE7DF
:10ACC0000546EBE7F8B51646054600F10C0230469E
:10ACD0000F46FAF77DFD041E17DB2A1D3946304664
:10ACE000FAF776FD051E12DB25442A463946304622
:10ACF00003F0A8F9041E08DB30223946304603F081
:10AD0000C5F9002805DB2C4404442046F8BD2C4638
:10AD1000FBE70446F9E710B5742200210446F2F778
:10AD2000FFFF0023C4E91B3310BD012970B50546A0
:10AD30000E46144602D96FF0950070BD03D0002076
:10AD4000C5E91B64F9E7002AF9D0104602F040FF7C
:10AD50000028F4D1EFE700687047000070B50021CB
:10AD60000446FFF7D3FE054610B10E4D284670BDD0
:10AD7000261D3046F9F727FB7F28F6D90C342946E3
:10AD80002046F9F7D4FA0028EFD02046F9F71BFB4C
:10AD90000128EAD931462046F9F7B2FB0028E5DB65
:10ADA000E3E700BF00BEFFFF2DE9F3418046061D2B
:10ADB000304608F10C078D180091F9F777F93846FD
:10ADC000F9F774F930232946684601AA03F0EBF835
:10ADD000044630B9DDE9003213449D420BD06FF0D8
:10ADE00086043046F9F767F93846F9F764F92046E2
:10ADF00002B0BDE8F08102232946684601AA03F0AB
:10AE0000D2F804460028ECD1DDE900123046F9F70B
:10AE1000FCFA0028E3D13046F9F7D9FADDE900322F
:10AE20001344C8F80000009329460223684601AA8B
:10AE300003F0B9F804460028D3D1DDE90012384602
:10AE4000F9F7E3FA0028CAD1DDE90032404613449D
:10AE50000093FFF783FF04460028C0D1009BAB425C
:10AE6000C5D06FF06504BCE7F0B585B00446FFF7C8
:10AE700075FF20B901212046FFF748FE10B11348A5
:10AE800005B0F0BD04F10C0304F11C0504F1240627
:10AE900004F11407CDE90100009332463B462946F0
:10AEA000201D01F0CFF80028E9D104F13C03019303
:10AEB00004F1340300933A463146284604F12C034A
:10AEC00001F0A4F90028DBD0D9E700BF00BEFFFFE6
:10AED000F0B50C4685B0002105461646FFF716FE74
:10AEE00058BB02A8F9F7E2F821462A6802A8F9F748
:10AEF0008CFA0446C0B92C1D214602A8F9F700FBC4
:10AF0000002817DA2A4602A94435234652F80C7B5A
:10AF100008460095FAF769F8044628B93A463146DA
:10AF200002A8F9F790FA044602A8F9F7C4F82046F7
:10AF300005B0F0BD6FF08604F6E76FF08604F6E723
:10AF40002DE9F047054690461C460F46A2B029B9A8
:10AF50006FF08604204622B0BDE8F0870121FFF79C
:10AF6000D5FD0028F4D104A8F9F7A0F806A8F9F750
:10AF70009DF808A8F9F79AF80AA8F9F797F810A821
:10AF8000F9F794F812A8F9F791F80CA8F9F78EF8E8
:10AF90000EA8F9F78BF814A8F9F788F816A8F9F7AE
:10AFA00085F821462A6804A8F9F72FFA04460028F4
:10AFB00040F01C812E1D314604A8F9F7A1FA0028A3
:10AFC00080F2A6816B6E05F15C09002B00F02D81EB
:10AFD0004A4649464846F9F7FEFB0446002840F039
:10AFE0000581324649464846F9F78AFE044600285C
:10AFF00040F0FC8005F164094A4649464846F9F7A5
:10B00000EAFB0446002840F0F180324649464846B3
:10B01000F9F776FE0446002840F0E88004A90846C7
:10B0200005F15C02F9F7D7FB0446002840F0DE800A
:10B0300004A932460846F9F763FE0446002840F0AA
:10B04000D58004A914A8F9F70BF90446002840F0AC
:10B05000CD8005F11C0A0122514606A8F9F7A3FB91
:10B060000446002840F0C28005F124090122494627
:10B0700008A8F9F798FB0446002840F0B78043463B
:10B080003A461C210AA8FAF7ECF80446002840F0DA
:10B09000AD800AAA06A910A8F9F79DFB044600286E
:10B0A00040F0A48010A9084605F12C02F9F75CFBDA
:10B0B0000446002840F09A8043463A461C210AA8DC
:10B0C000FAF7CFF80446002840F090800AAA08A9B1
:10B0D00012A8F9F780FB0446002840F0878012A9E7
:10B0E000084605F13402F9F73FFB044600287DD1FC
:10B0F00005F14C03009310AA534604A90CA8F9F7D4
:10B100006BFF0446002871D105F15403009312AA85
:10B110004B4604A90EA8F9F75FFF0446002865D145
:10B120002B460EAA0CA904A8FFF7CCFC0446002865
:10B130005CD105F14403009305F10C02334604A9E8
:10B1400016A8F9F749FF044600284FD114A916A8FC
:10B15000F9F7D6F9002840F0DE806868FAF76EFE4D
:10B1600080461EA86F89F8F7A1FF20A8F8F79EFF78
:10B1700031461EA8FAF78BFF044650BB7900013117
:10B1800020A8F8F7A6FF044618BB394604A8F8F72C
:10B19000A0FF0446E8B9394605F16400F8F799FFC5
:10B1A0000446B0B9209B049902931E9B0846CDE942
:10B1B00000833B466A68FBF741F8209B0197CDE985
:10B1C00002836B680499009308463B466A6EFAF75F
:10B1D00049FE1EA8F8F76FFF20A8F8F76CFF2CB9FE
:10B1E0002A682A9904A8F9F72EF9044606A8F8F760
:10B1F00062FF08A8F8F75FFF0AA8F8F75CFF10A83D
:10B20000F8F759FF12A8F8F756FF04A8F8F753FF0C
:10B210000CA8F8F750FF0EA8F8F74DFF16A8F8F79E
:10B220004AFF14A8F8F747FF94E618A8F8F73EFF7E
:10B230001AA8F8F73BFF1CA8F8F738FF1EA8F8F784
:10B2400035FF05F11C0A20A8F8F730FF3B465246AF
:10B250000121CDF8008018A8FAF7F9F8044668B97A
:10B26000534618AA1CA920A8F9F7C9FE044628B914
:10B27000012120A8F9F78CF9E0B1284C18A8F8F7BB
:10B280001AFF1AA8F8F717FF1CA8F8F714FF1EA852
:10B29000F8F711FF20A8F8F70EFF002CA6D105F152
:10B2A0004403009349463346484605F10C02F9F73A
:10B2B00093FEAFE605F1240A3B4652460121CDF844
:10B2C00000801AA8FAF7C3F804460028D6D15346DE
:10B2D0001AAA1EA920A8F9F792FE04460028CDD18B
:10B2E000012120A8F9F754F90028C6D12B461AAA43
:10B2F00018A905F16400FFF7E5FB04460028BDD15D
:10B300002B4648461EAA1CA9FFF7DCFB0446B5E7FE
:10B310006FF086046AE76FF0940467E780BBFFFF75
:10B320002DE9F04F89B0CDE90312DDE91496DDE98E
:10B3300012B280461D46059213B9BBF1000F06D02C
:10B34000059B23B96FF0860009B0BDE8F08F039B21
:10B35000002BF7D0D8F80070002D6BD198F8703022
:10B36000002B18BF1D462846FFF76CFA044600283C
:10B37000E8D0B9F1FF3F65D1B7EB400F4FEA40038A
:10B38000E0D30233BB4267D9BB1EA3EB00093A46A8
:10B3900000213046F2F7C4FC08F104031846069376
:10B3A000F9F711F8069001203B1B9A1EA2EB090247
:10B3B000B118B05401314A46DDE90330079198478E
:10B3C0000028C1D107994B4601EB090A0A46CDE98D
:10B3D00000A559460598FFF7A5FA0028B4D1069BA9
:10B3E0005246581E00F00700B0FA80F03B1B40099F
:10B3F000591E091A234600953044FFF72AFA0028FF
:10B40000A2D108F10400F8F7DEFFFF23C0EBC7006C
:10B4100032780130034113403370BC23DDE903125D
:10B420000AF8043040463346129609B0BDE8F04FA2
:10B43000FFF786BD2846FFF705FA002882D083452E
:10B440008CD07FE7B9F1000FFFF67CAF09F1020263
:10B450000244BA429BD975E7814698E72DE9F04F3F
:10B4600087B0CDE90223109B064604938A46DDE9A6
:10B470001183DDF84C90059321B96FF0860007B079
:10B48000BDE8F08F90F87000FFF7DCF90446002863
:10B49000F3D008F1020303EB4003434535684FEA5C
:10B4A000400BEAD3AB42E8D82A4600214846F2F7DF
:10B4B00037FC4F46002307F8013B224639460298E5
:10B4C000D0470028DBD196F8700007EB040A02F0A1
:10B4D0007FFB0028D1D0DDE90312534602F01BFCAC
:10B4E0000028CCD10122A5EB0803023B2344A3EBA7
:10B4F0000B030AEB03000AF80320B8F1000F04D095
:10B50000424605990130F2F7E6FB96F8703004F1F7
:10B510000108013DC8442D1B00933A4623462946A5
:10B520004046FFF796F90028A9D196F870304246B8
:10B53000009321462B463846FFF78BF900289ED111
:10B540004A464946304607B0BDE8F04FFFF7C0BC59
:10B550002DE9F74F1E460C9B16F10C0F80468946CD
:10B5600092460D9F0468019304D96FF0860003B0E2
:10B57000BDE8F08F06F10B03A342F6D800233B7021
:10B580000029F2D00223A41B013CBD1C7B703C446B
:10B59000A5420FD100232B7026B132460199681CB9
:10B5A000F2F799FB3A463946404603B0BDE8F04F02
:10B5B000FFF78EBC4FF0640B012229465046C84766
:10B5C0002A7852B9BBF1010B04D1064B002808BF01
:10B5D0001846CCE70028EFD0C9E70028C7D10135CD
:10B5E000D6E700BF80BBFFFFF0B5C76E85B0DDE9D1
:10B5F0000A562FB1012F0AD06FF0950005B0F0BDAB
:10B60000CDE90A5605B0BDE8F040FFF7A1BF0193B0
:10B610000023CDE902560093FFF720FFEEE72DE966
:10B62000F04FADF2544D0393C36E0746012B0C4609
:10B63000914606D06FF0860B58460DF2544DBDE88A
:10B64000F08F0568A5F11003B3F57C7FF2D890F870
:10B650007000FFF7F7F806460028EBD000F101086C
:10B660004FEA4803B5EB480F0293E3D30DF1500ABC
:10B670004A4621463846DDF88034CDF800A0FFF771
:10B680005FFC8346002860D197F8703005F1FF39E0
:10B69000D044A9EB06090DF15104009342464B46F4
:10B6A00031462046FFF7D5F8834600284DD197F85C
:10B6B000703022460093494633464046FFF7C9F8AA
:10B6C0008346002841D197F8700002F081FA0028E3
:10B6D00052D0DDF87824039904AB02F01CFB8346BA
:10B6E00098BB9DF85000FFF7A9F83444074632464E
:10B6F000214604A802F01CFDFFF7A0F8344440EAFC
:10B7000007024FF0FF36A0465F46D946029BE91A72
:10B710002144884523D1E05DE11901246040FFF711
:10B720008DF800240243944229D1013114AADDF896
:10B7300088048A1AAA1A824224D8DDF87C0402609E
:10B740001AB1DDF88404F2F7C6FA14A84FF4806148
:10B75000F4F74AF9402104A8F4F746F96CE718F821
:10B76000010BCC4680EA0C00FFF768F826EA0006D9
:10B7700006F001000744CCE76FF0860BE5E76FF0B9
:10B78000950BE2E76FF0890BDFE72DE9F04F994663
:10B79000C36E0668ADF2144D002B40F08880A6F110
:10B7A0001003B3F57C7F00F282800DF11008DDF804
:10B7B0003834CDF80080FFF7C3FB044600286CD175
:10B7C000DDF84074A6F10B02974298F8000028BFFC
:10B7D0001746FFF733F898F801300146022528464E
:10B7E0005840FFF72BF841EA00030393A346A24613
:10B7F00018F80500D44680EA0C00FFF71FF86BEA42
:10B80000000B6FEA0B00013500F0010CAE426444FE
:10B81000EED12346082593EA05015B1B8B430D40BF
:10B820002B43DB170399341B0843184301463B465F
:10B83000033C0B40C943214019438B463D460B4610
:10B8400095EA0301ED1A8D430B401D43ED17962336
:10B85000044605F08A012340E4430C401C430DF1EB
:10B860001B01284302F0EDFC64423B465A462B4044
:10B87000ED4315401D43F61B4644394630467A1BBE
:10B8800002F070FCDDF840342BB13A463146DDF869
:10B890003C04F2F720FAC9F800504FF480614046AA
:10B8A000F4F7A2F820460DF2144DBDE8F08F6FF0CA
:10B8B0008604F7E7F0B5D0F86CC087B00E9FDDE9DD
:10B8C0000C56BCF1000F06D0BCF1010F0BD06FF08D
:10B8D000950007B0F0BDCDE90D670C9507B0BDE848
:10B8E000F040FFF752BFCDE901350023CDE90367F2
:10B8F0000093FFF794FEECE7F0B49446DDE90445CD
:10B90000DDE90667C26E012A0AD1026F02B93BB1B6
:10B91000CDE90667CDE90445F0BC6246FFF700BDFE
:10B920006FF08600F0BC70472DE9F743DDF83080FA
:10B9300005460C469146DDE90A12184603B931B1B5
:10B940002AB96FF08604204603B0BDE8F083EB6EA1
:10B95000002BF6D1CDF800802B68FFF727F80028E0
:10B96000EFD101202968F4F723F8064640B1012001
:10B970002968F4F71DF8074628B93046F4F71EF891
:10B980006FF08C04DFE7214643464A46284600967E
:10B99000FFF7D6FA044690B93A4631462846FFF7F3
:10B9A00097FA044658B9414638462A6802F0C0FB67
:10B9B0000446A0B9314640462A68F2F78CF9304671
:10B9C0002968F4F71DF838462968F4F719F8002CAF
:10B9D000B9D0212140462A68F2F7A2F9B3E7014C19
:10B9E000EDE700BF00BDFFFFF0B585B00C9EDDE9BF
:10B9F0000A4503B904B1DDB1C76E2FB1012F0BD0D9
:10BA00006FF0950005B0F0BDCDE90B560A9405B076
:10BA1000BDE8F040FFF788BF076F07B943B1039651
:10BA20004FF0FF360094CDE90156FFF779FCE9E7C6
:10BA30006FF08600E6E72DE9F04F0D46ADF2544D6C
:10BA400014AE0746904600214FF4806230469DF8C0
:10BA500078B40393F2F764F915B9B8F1000F07D081
:10BA6000039B2BB96FF086000DF2544DBDE8F08FAB
:10BA70003C68A4F11003B3F57C7FF3D83246384616
:10BA8000DDF88014FFF724FA0028EDD104F1FF3926
:10BA900016F80930BC2B02D06FF09500E4E7002DBA
:10BAA00058D15846FEF7CEFE05460028DAD0381D9C
:10BAB000F8F789FC3278471EC4F1010307EBC30392
:10BAC0001A41CFD1780718BFA14605F1020314BF70
:10BAD00034460DF151044B45C4D8A9EB0501013999
:10BAE00004EB010A2B4652462046CDF800B0FEF783
:10BAF000B0FE0028B8D1FF233278C7EBC9073B411D
:10BB0000134033700AF1FF3214F8013B611E8A4280
:10BB100001D9002BF8D0012BBED1DDF87C24AAEB93
:10BB20000403511C01D09342B6D104AE22464146D3
:10BB30000398CDF804B00096FEF7F4FE002893D1E8
:10BB40002A4631465046F2F76DF8002818BF6FF0CC
:10BB5000940089E72846FEF775FE002882D08045CC
:10BB60009FD07FE72DE9F347044691469A468846E1
:10BB700001B912B1BAF1000F37D026680120314661
:10BB8000F3F716FF074698B331460120F3F710FF8D
:10BB9000054620B300903346524649464046FEF7DC
:10BBA00005FFF8B920463A460A99FFF791F904468D
:10BBB00040B932462946384602F0BAFA041E18BF88
:10BBC0006FF0940431463846F3F71AFF1DB1314641
:10BBD0002846F3F715FF204602B0BDE8F0876FF066
:10BBE0008C04EFE76FF08604ECE76FF08604F2E771
:10BBF0006FF08C04EFE730B585B0089D01B902B154
:10BC0000D3B1C46E2CB1012C09D06FF0950005B0F2
:10BC100030BD089505B0BDE83040FFF7A3BF046F05
:10BC200044B1E4B202954FF0FF35CDE90045FFF78E
:10BC300002FFECE70C46F5E76FF08600E7E710B58A
:10BC4000044698B35C30F8F736FA04F16400F8F76C
:10BC500032FA04F14400F8F72EFA04F11400F8F770
:10BC60002AFA04F12400F8F726FA04F11C00F8F788
:10BC700022FA04F10C00F8F71EFA201DF8F71BFA5F
:10BC800004F15400F8F717FA04F14C00F8F713FA2E
:10BC900004F13C00F8F70FFA04F13400F8F70BFA5E
:10BCA00004F12C00BDE81040F8F705BA10BD000003
:10BCB000F0B58D1885B0039106463023294602AAB7
:10BCC00003A802F070F9044630B9DDE902231344F9
:10BCD0009D4204D06FF08604204605B0F0BD294691
:10BCE00001AA03A802F0AAF904460028F4D1019B96
:10BCF000002BEFD1371D3A46294603A8FEF7D2FEA6
:10BD0000044600284BD13846F8F761FB32462946F5
:10BD100042F80C0B03A8FEF7C5FE044600283ED1EE
:10BD2000294606F1140203A8FEF7BCFE0446B0BB88
:10BD3000294606F11C0203A8FEF7B4FE044670BBB8
:10BD4000294606F1240203A8FEF7ACFE044630BBE8
:10BD5000294606F12C0203A8FEF7A4FE0446F0B91A
:10BD6000294606F1340203A8FEF79CFE0446B0B94A
:10BD7000294606F13C0203A8FEF794FE044670B97A
:10BD80003368DB00B3F5805F0DD83046FFF76CF801
:10BD9000044658B9039BAB429ED06FF06504304611
:10BDA000FFF74DFF98E76FF08504F8E7004CF6E7E2
:10BDB00000BEFFFF2DE9F04F89B0129E044606A891
:10BDC000884691461D46F8F771F9022E40F390809F
:10BDD000EB0700F18D80B5F5806FC0F0898004F12C
:10BDE0000C03184631460493F8F785FA03460028F9
:10BDF00070D1B5F5806318BF01234FEA550B5B0086
:10BE00000393ABF16303059304F11C0604F12407CB
:10BE1000434659463046039ACDF80090F9F7E0FBC7
:10BE20000346002856D1434659463846039ACDF872
:10BE30000090F9F7D5FB034600284BD13A4631462E
:10BE400006A8F8F794FC0346002843D106A8F8F7A3
:10BE5000BAFA059B9842DBD9BDF91C30002B03DAF6
:10BE600039463046F8F733FA04F1140A5346394696
:10BE70003046049A00F042F810F10E0F0346C7D086
:10BE800040BB5046F8F79FFA6B1CB0EB530FBFD97D
:10BE9000251D3A4631462846F8F79DFC0346C8B9A9
:10BEA0002846F8F794FA234604F13C0243F82C0B99
:10BEB000019204F13402009239465246304600F0B5
:10BEC0007CF8034630B92046FEF7CEFF0A4A031E2F
:10BED00018BF134606A80393F8F7EDF8039B1BB1B0
:10BEE0002046FFF7ACFE039B184609B0BDE8F08F73
:10BEF0006FF08603EEE700BF00BEFFFF2DE9FF41B4
:10BF00000446884616461D462BB96FF08604204627
:10BF100004B0BDE8F0810121F8F73AFB0028F4DD18
:10BF200001214046F8F734FB0028EEDD00213046C1
:10BF3000F8F72EFB0028E8D000213046F8F7F7F993
:10BF40000128074636D16846F8F7B0F802A8F8F796
:10BF5000ADF821463A466846F8F725FC044610BB82
:10BF60003A46414602A8F8F71EFC0446D8B969468D
:10BF7000284602AAF9F7E2F80446A0B969466846DD
:10BF800002AAF8F728FC044668B901462B466A461F
:10BF90006846F8F7BFFC044628B96A463146284689
:10BFA000F9F7A6FA04466846F8F785F802A8F8F704
:10BFB00082F8ACE76FF00D04A9E72DE9F3479A4644
:10BFC000DDE90A98064668460D461746F8F76EF80A
:10BFD000BAF1000F07D1B9F1000F1AD1B8F1000F73
:10BFE00028D144460EE0012231466846F8F7DBFBD3
:10BFF000044638B96A4639465046F8F781FE044689
:10C000000028E8D06846F8F756F8204602B0BDE8A8
:10C01000F087012229466846F8F7C5FB0446002848
:10C02000F0D16A4639464846F8F76AFE04460028C9
:10C03000D4D0E7E7324629464046F9F729FA0446C4
:10C04000E0E700002DE9FF478146DDE90C74684612
:10C05000884615461E46DDF838A0F8F727F802A8EE
:10C06000F8F724F854B3B8F1000F17D0534622461E
:10C0700032214046F9F787FA80B1634C6846F8F7F9
:10C080001AF802A8F8F717F824B114F5844F01D074
:10C09000A4F58444204604B0BDE8F08755B153466A
:10C0A000224632212846F9F76EFA0028E5D1B8F188
:10C0B000000F08D1B9F1000F20D120E0B8F1000F36
:10C0C000F8D0002DF6D0B9F1000F03D1002E37D1F2
:10C0D0000024D3E72A4641466846F8F77CFB04462D
:10C0E0000028CBD101214846F8F752FA0028C4DDD8
:10C0F00049466846F8F704FA0028BED12EB9B8F1CF
:10C10000000FE5D0002DE3D0E0E7002FF7D00121AC
:10C110003046F8F73DFA0028AFDD01213846F8F740
:10C1200037FA0028A9DD49463046F8F7E9F9002832
:10C13000A3DA49463846F8F7E3F90028DFDB9CE745
:10C14000002FC5D001214046F8F722FA002894DDDF
:10C1500001212846F8F71CFA00288EDD3A463146C0
:10C160006846F8F738FB0446002887D10122694663
:10C170006846F8F718FB044600287FF47FAF0122D9
:10C18000414602A8F8F70FFB044600287FF476AF7B
:10C190006946684602AAF8F7B3FD044600287FF412
:10C1A0006DAF01466846F8F7F3F900287FF465AFF4
:10C1B0003A4631466846F8F70EFB044600287FF4FD
:10C1C0005DAF012269466846F8F7EDFA044600289B
:10C1D0007FF454AF0122294602A8F8F7E4FA044696
:10C1E00000287FF44BAF6946684602AAF8F788FD3D
:10C1F000044600287FF442AF01466846F8F7C8F9C4
:10C2000000283FF465AF38E700BEFFFF2DE9F0439B
:10C21000994685B00446DDE90C8668460D4617460A
:10C22000F7F744FF02A8F7F741FFB9F1000F06D175
:10C23000B8F1000F2DD1002E46D1002402E05CB9E8
:10C240006FF086046846F7F736FF02A8F7F733FF6A
:10C25000204605B0BDE8F083012221466846F8F784
:10C26000A2FA00284DD13A46494602A8F8F77FFACB
:10C27000002846D102A96A460846F8F741FD002881
:10C280003FD1014602A8F8F783F90028D0D0214C0D
:10C29000D8E7002DD4D0012229466846F8F783FA62
:10C2A00078BB3A46414602A8F8F761FA48BB02A9B2
:10C2B0006A460846F8F724FD18BB014602A8F8F7BD
:10C2C00067F90028B7D0E2E7002CB9D0002DB7D02D
:10C2D0002A4631466846F8F77EFA90B90122694647
:10C2E0006846F8F760FA60B9224669466846F8F78A
:10C2F00007FD30B901466846F8F74AF900289CD096
:10C30000C5E710F5844FC2D010F1870F98D0A0F583
:10C31000844497E700BEFFFF2DE9F04F0D46D5B0EE
:10C3200000F1440304934BAB059300F164030693BF
:10C33000DDE9043253F8041F42F8041F06999942BC
:10C34000F8D100240BAE09AF291904223846F1F7C1
:10C35000C2FC3B6804341BBA402C46F8043FF3D1BE
:10C3600097490DF1280A5546DDE951EBDDE94C7698
:10C37000DDE94E328C46DDF84C81DDF840910191CB
:10C38000A868DCF800104FEAF92484EAB9140144E3
:10C390008BEA0E0084EA796400EA090080EA0B0067
:10C3A0002144014441444FEA773888EAB70888EAD3
:10C3B000B7580A44884447EA060107EA06001940CC
:10C3C00001438844E868DCF804104FEA78340144FB
:10C3D00089EA0E00104080EA0E00594401444FEAF9
:10C3E000F22080EAB21080EA726084EAB804014464
:10C3F00084EAB8540B440C4448EA070108EA0700F1
:10C40000314001430C442869DCF808102035014410
:10C4100082EA0900184080EA0900714401444FEAA9
:10C42000F32080EAB31080EA736001444FEA74306D
:10C4300080EAB40080EAB45001EB060E084448EAF2
:10C44000040108EA040639403143084455F80C6CED
:10C45000DCF80C100CF1200C0E444E4482EA030967
:10C4600009EA0E094FEAFE2189EA020981EABE11B2
:10C4700081EA7E614E440E444FEA703181EAB00198
:10C4800081EAB05106EB0709314444EA000604EAA8
:10C49000000706EA08063E43314455F8087C5CF87C
:10C4A000106C3E44164483EA0E0202EA09025A4026
:10C4B00016444FEAF92282EAB91282EA79621644F6
:10C4C0004FEA713282EAB10282EAB152B044324498
:10C4D00040EA010600EA010726403E43324455F88F
:10C4E000047C5CF80C6C3E441E448EEA090303EAAB
:10C4F000080383EA0E031E444FEAF82383EAB813C5
:10C5000083EA78631E444FEA723383EAB20304EB92
:10C51000060B83EAB25341EA02043344044001EAC1
:10C520000206344323442E685CF8084C344489EAFC
:10C53000080606EA0B0686EA0906744434444FEA04
:10C54000FB2686EABB1686EA7B66344400EB040EC3
:10C550004FEA733080EAB30080EAB350204442EAE5
:10C5600003040C4002EA0306344306196C685CF8C5
:10C57000040C204488EA0B0404EA0E04484484EACC
:10C58000080420444FEAFE2484EABE1484EA7E6450
:10C59000204401EB00094FEA763181EAB60181EAD5
:10C5A000B651014443EA0600104003EA0604204362
:10C5B0000F181AA9A9427FF4E3AE3AA9079101E046
:10C5C0004490060CDAF84010DAF80C404FEAF145D6
:10C5D00085EA7145DAF8080085EA9125DAF82C1029
:10C5E0000AF1200A01444FEAB44080EAF41080EADC
:10C5F000D4002944014403918BEA0E004FEAF9214B
:10C6000081EAB91100EA090081EA796180EA0B0048
:10C610000844019907EA0605096C0844039908448F
:10C62000404402440292CAF8281047EA06024FEA40
:10C63000773181EAB7011A402A4381EAB7511144A0
:10C64000DAF8242001444FEAF24585EA72455AF8A7
:10C65000100C85EA9225DAF81020DDF808C01444A1
:10C660004FEAB04282EAF01282EAD0022C4414442B
:10C67000029A89EA0E051540019A85EA0E05526C68
:10C68000CAF82C405A4422441544029A4FEAF22236
:10C6900082EABC1282EA7C622A4403EB020B47EA7C
:10C6A00001054FEA713307EA010C83EAB103354013
:10C6B00045EA0C0583EAB1532B441344039A5AF814
:10C6C0000CCC4FEAF24585EA724585EA9225DAF804
:10C6D000142000EB02084FEABC4282EAFC1282EA14
:10C6E000DC02A8449044029A4FEA733589EA0200BA
:10C6F000019A00EA0B00926C80EA090072444244FD
:10C7000010444FEAFB2282EABB1282EA7B620244B7
:10C7100041EA030006EB020E85EAB30501EA0306CF
:10C720003840304385EAB355054415445AF8086C3F
:10C73000DAF818204FEAF44080EA744080EA942046
:10C740000CEB02044FEAB64282EAF61282EAD60203
:10C7500004441444029A03EA050C82EA0B0000EA3E
:10C760000E005040019ACAF83080D26CCAF83440AA
:10C770004A44224410444FEAFE2282EABE1282EA70
:10C780007E62024407EB02094FEA753043EA05076F
:10C7900080EAB5000F4047EA0C0780EAB5503844FC
:10C7A00010445AF8047CDAF81C204FEAF84C8CEA62
:10C7B000784C16444FEAB7428CEA982C82EAF7127A
:10C7C00082EAD70266441644019ADDF808C0126D69
:10C7D000CAF83860324462448BEA0E0C0CEA090C49
:10C7E0008CEA0B0C62444FEAF92C8CEAB91C8CEAF7
:10C7F000796C94444FEA703282EAB00201EB0C0883
:10C8000082EAB05245EA00010292194005EA0002AC
:10C810001143029A0A444FEAF44181EA744181EAE1
:10C820009421DAF820406244DAF800C03C440C4419
:10C830004FEABC4181EAFC1181EADC010C44019918
:10C840008EEA0907496D07EA08072144594487EA37
:10C850000E070F444FEAF82181EAB81181EA7861A6
:10C86000394403EB010B4FEA723383EAB20383EAE4
:10C87000B25340EA020702932F4000EA02031F432B
:10C88000029BCAF83C403B440B444FEAF64181EA24
:10C89000764181EA9621DAF82460DAF80470664479
:10C8A00031444FEAB74686EAF71686EAD70631449E
:10C8B00002910199DDF808C0896D89EA0806614492
:10C8C00006EA0B06714486EA09060E444FEAFB218C
:10C8D00081EABB1181EA7B61314405EB010E42EA3A
:10C8E00003064FEA7335CAF840C0064002EA030C5B
:10C8F00085EAB30546EA0C0685EAB35535446E1859
:10C90000DAF80810039D4FEAF44C3D444FEAB14772
:10C9100087EAF11787EAD1078CEA744C01998CEA0F
:10C92000942C6544C96D3D4488EA0B0707EA0E075D
:10C930002944494487EA08070F444FEAFE2181EA67
:10C94000BE1181EA7E61394443EA060703EA06091B
:10C95000174047EA090700EB010901984FEA763CC6
:10C9600020308CEAB60C019007988CEAB65CCAF8C5
:10C970004450BC44504501EB0C077FF423AE0AA899
:10C98000C0F81031C0E9001C029BC0F82481C0F837
:10C990000031C0F81421C0F8FC40C0F820B1C0F844
:10C9A0001CE1C0F80C61C0F80451C0F81891C0F83F
:10C9B0000871049A059952F8043F049251F8042F23
:10C9C0001344049A05911360069B9342F1D14FF4EE
:10C9D0009471F3F709F855B0BDE8F08F6C2200218F
:10C9E000F1F79EB910B16C21F2F7FEBF704708B5A0
:10C9F0006C22F1F770F908BD01292DE9F04126D824
:10CA0000C9B1DFF85080DFF850E0DFF850C0144FB4
:10CA1000144E154D154C164A0023C0E9128EC0E97C
:10CA20001033C0E914C7C0E91665C0E91842816631
:10CA30001846BDE8F081DFF83C80DFF83CE0DFF825
:10CA40003CC00F4F0F4E104D104C114AE4E76FF0F1
:10CA50008600EEE7D89E05C107D57C3617DD70301D
:10CA600039590EF7310BC0FF11155868A78FF964BB
:10CA7000A44FFABE67E6096A85AE67BB72F36E3CE7
:10CA80003AF54FA57F520E518C68059BABD9831F99
:10CA900019CDE05B2DE9F04105460E46144612B370
:10CAA000036C03F03F079B18036422BF436C013300
:10CAB00043647FB1C7F1400842450FD34246384432
:10CAC000F1F709F929462846FFF726FC2744464492
:10CAD000A7F140043F2C09D82CB10027224631464B
:10CAE000E819F1F7F8F80020BDE8F081374606EBC9
:10CAF0000408394628464037FFF70EFCA8EB070329
:10CB00003F2BF6D8A4F1400323F03F0340331E44EB
:10CB1000E41ADFE773B50D468021036C044603F089
:10CB20003F035A1C382AC154104476D80021C2F160
:10CB30003802F1F7F5F8D4E91062730F43EAC20343
:10CB400004221BBA0DEB020104F138000193F1F746
:10CB5000C2F80422F6000DEB020136BA04F13C00E3
:10CB60000196F1F7B8F821462046FFF7D5FB0422DD
:10CB7000A36C0DEB02011BBA28460193F1F7ABF849
:10CB80000422E36C0DEB02011BBAA8180193F1F724
:10CB9000A2F80422236D0DEB02011BBA05F1080077
:10CBA0000193F1F798F80422636D0DEB02011BBAB3
:10CBB00005F10C000193F1F78EF80422A36D0DEB43
:10CBC00002011BBA05F110000193F1F784F8042269
:10CBD000E36D0DEB02011BBA05F114000193F1F7AF
:10CBE0007AF80422236E0DEB02011BBA05F118003E
:10CBF0000193F1F770F8A36E4BB90422636E0DEB4D
:10CC000002011BBA05F11C000193F1F764F82046FC
:10CC1000FFF7E8FE002002B070BDC2F14002002123
:10CC2000F1F77EF821462046FFF776FB38220021F7
:10CC300020467EE72DE9F047012B07468846164639
:10CC40001D469CB039D801A8FFF7C8FE45B3DFF8F0
:10CC500070A0DFF87090DFF870E0DFF870C01C485B
:10CC60001C491D4A1D4B0024CDE91923CDE91701AC
:10CC70004246394601A8CDE915ECCDE91144CDE98C
:10CC800013A91B95FFF706FF314601A8FFF742FFE6
:10CC900001A86C21F2F7A8FE20461CB0BDE8F08781
:10CCA000DFF83CA0DFF83C90DFF83CE0DFF83CC068
:10CCB0000F481049104A114BD5E76FF08600ECE79A
:10CCC000D89E05C107D57C3617DD703039590EF76F
:10CCD000310BC0FF11155868A78FF964A44FFABE35
:10CCE00067E6096A85AE67BB72F36E3C3AF54FA5FD
:10CCF0007F520E518C68059BABD9831F19CDE05B29
:10CD00002DE9F04F0C46ADF5477D00F108030D937A
:10CD1000B4AB0E9300F148030F93DDE90D32F3E954
:10CD20000201E2E902010F999942F8D114AD04F130
:10CD3000800710AE0DF14408082221463046F0F776
:10CD4000CAFFD8F80020336812BA08341BBA45F875
:10CD5000082FA7426B60EFD1102616ACA446D4E989
:10CD60001C07D4E90215C30CFA0C4FEAC0084FEABD
:10CD7000C70E4EEA507E43EA473342EA403248EA61
:10CD80005778800982EA0E0240EA876083EA080346
:10CD9000434082EA9712DCE91207DCE900EC10EB71
:10CDA0000E0047EB0C071B1842EB070248084FEA3E
:10CDB000112E6F084FEA152C47EAC1774CEA016C37
:10CDC00040EAC5704EEA056EC90980EA0E0041EAE4
:10CDD0004561414087EA0C075B1887EAD51006F1E8
:10CDE000010642EB00020834502EC4E91E32B5D1D0
:10CDF000C299C49A0791C399DFF83CE00891C099A1
:10CE0000DDF814B30991C199DDF8F4C20A91B6991D
:10CE100012AB0191D3F8941206920291D3F89812B2
:10CE2000D3E9AC240391D3F89C12D3E9A8890491E7
:10CE3000D3F8A812059101E04891060CA00B40EA36
:10CE400082464FEA923A950CA00C45EA843540EAB6
:10CE500082304AEA844A8AEA050A4640D505E00556
:10CE600045EA542540EA52208AEA050A4640DEE9AE
:10CE70000057D3E904106D1847EB00001AEB0505C5
:10CE8000079946EB0000099E0A9F4E4008991640FC
:10CE90004F40079927404E400899AD1987EA01078E
:10CEA000069940EB07006D1805994BEB00006918D7
:10CEB000059140EB0C0106910199DDF804A00F0FDC
:10CEC000029947EA01170E0F019946EA01164FEA47
:10CED000817C02994CEA910C890741EA9A014E4003
:10CEE000514687EA0C07DDF808C0490641EADC1123
:10CEF0004FEA4C6C4CEADA1C7940491986EA0C0678
:10CF000040EB06065046039D049FDDF80CC0284305
:10CF1000029D0AEA0C0C3D43DDF810A0029F00EAD6
:10CF2000080007EA0A0740EA0C0005EA090511EBC8
:10CF3000000A45EA070546EB050BDEE90210D3E9D6
:10CF400006564919079D40EB06004919089D45EB17
:10CF50000000099D059F82EA05060A9D3E40069F46
:10CF600065403D40099F7E400A9F891985EA070573
:10CF700040EB0500059D069EAD0B45EA8645B70BC7
:10CF8000059E079147EA86474FEA964C069E05990B
:10CF90004CEA863CB60C46EA813685EA0C054FEA37
:10CFA000C15C069977404CEA512CCE05059985EA7B
:10CFB0000C0546EA512607997E404D1940EB0606BE
:10CFC00015EB0801079146EB090108914FEA1B7028
:10CFD0004FEA8B7141EA9A014FEA1A7740EA0A1048
:10CFE0004FEA8A7C4CEA9B0C47EA0B1748404FEA11
:10CFF0004A6187EA0C0741EADB1179404FEA4B6C42
:10D000004D194CEADA1C0199039F80EA0C0046EBAB
:10D0100000064AEA010102983940049F4BEA0000E9
:10D020003840019F0AEA070C029F41EA0C010BEA13
:10D03000070715EB010840EA070046EB0009D3E9B2
:10D040000856DEE904104919099D40EB060049190C
:10D050000A9D079F45EB0000059D82EA0506069D97
:10D060003E40089F654056403D40891985EA0405C9
:10D0700040EB0500079D079EAD0B45EA8745BF0BBA
:10D0800047EA86474FEA964C089E099107994CEA71
:10D09000863CB60C46EA813685EA0C054FEAC15C4F
:10D0A000089977404CEA512CCE05079985EA0C0582
:10D0B00046EA512609997E404D19039940EB060630
:10D0C0004919099104994FEA197041EB060104913D
:10D0D0004FEA897141EA98014FEA187740EA08104F
:10D0E0004FEA887C4CEA990C47EA091748404FEA16
:10D0F000486187EA0C0741EAD91179404FEA496C47
:10D10000019F4D194CEAD81C4AEA080180EA0C003C
:10D1100001EA0701029F46EB00060AEA080C4BEA07
:10D12000090041EA0C0138400BEA090738436F183F
:10D1300046EB00010391D3E90A50DEE906164919CE
:10D1400046EB0000891844EB0000059A079C089DF7
:10D150005440069A6A40099D2C40049D2A40059D32
:10D160006C40069D091982EA050240EB0200099A0B
:10D17000049C920B42EA8442A50B099C45EA844533
:10D18000A60C049CDDF824C046EA8436A40C44EACC
:10D190008C34654064467240E605049C46EA542699
:10D1A0007240E4058A1844EA5C24019984EA050483
:10D1B00040EB040489180B9102994FEA177541EB73
:10D1C00004010C910399BE0746EA910645EA011550
:10D1D000080F890741EA9701754040EA0710039E4E
:10D1E0004840790641EAD611760646EAD7166940E4
:10D1F00070408A1844EB0004039848EA0701039D35
:10D2000008EA070649EA000001EA0A0109EA0505F9
:10D21000314300EA0B00521840EA0500019244EB4A
:10D2200000020292D3E90C01DEE9082412180598E5
:10D2300044EB010112180698049D40EB0101079888
:10D2400080EA0C040898DDF82CC068400B9D2C4047
:10D250000C9D2840079D6C40089D121980EA05002E
:10D2600041EB00010B980C9C800B40EA8440A50B1D
:10D270000B9C45EA8445A60C0C9C46EA8436A40C1B
:10D2800044EA8C34654064467040E6050C9C46EAEE
:10D290005426E40544EA5C247040101884EA05042E
:10D2A00041EB04041AEB00020692019A02994FEA3C
:10D2B000127242EA01124FEA117C0199019E4CEA76
:10D2C000011C4FEA817502994BEB040B45EA91056D
:10D2D000890741EA96016A40029D8CEA010C7106B9
:10D2E00041EAD5116D0645EAD615514009188CEA78
:10D2F000050C44EB0C0C47EA060404EA0804DDE9DB
:10D300000202024307EA060020430918DDE902652C
:10D3100002EA090205EA0605059142EA05020799B3
:10D320004CEB020CD3E90E40DEE90A25121945EB5D
:10D330000000521808990B9C41EB0000099981EA02
:10D34000040504990C9C4C40069904EA0B040D401A
:10D3500009994D400499521984EA0104069940EB59
:10D3600004004FEA9B454FEA9B3445EA81358E0B1A
:10D3700044EA81444FEA914A4AEA8B3A6C4046EAD1
:10D380008B46CD0586EA0A0645EA5B254FEACB5A6D
:10D390004AEA512A7540521984EA0A0440EB040013
:10D3A00018EB0201079149EB0001089105994FEA3A
:10D3B0001C750E0F8C0744EA9C0446EA0C164FEAD3
:10D3C0008C7848EA910845EA011566404C0685EAE2
:10D3D000080544EADC144FEA4C6848EAD118664074
:10D3E000B21885EA080440EB04040199059841EA63
:10D3F000000602993E4041EA0C0003990840019959
:10D40000059D0D400299354301EA0C0840EA0800E9
:10D41000099912EB050844EB0009DEE90C25D3E974
:10D420001040121945EB000052180499069C41EB7C
:10D4300000000B9981EA04050C9981EA0B04079915
:10D440000D4008990C400B994D400C99521984EAF3
:10D450000104079940EB04008C0B089944EA8144CD
:10D460008E0B079946EA81464FEA914A08994AEAA3
:10D47000813A8D0C079984EA0A0445EA81354FEA1E
:10D48000C15A08996E404AEA512ACD05079984EAA3
:10D490000A0445EA5125141985EA060540EB0505FD
:10D4A0003A190992039A4FEA197042EB05020A925F
:10D4B0004FEA897242EA98024FEA187640EA081069
:10D4C0004FEA887747EA9907504046EA09164FEA3B
:10D4D00048627E4042EAD91272401419059A0199B5
:10D4E00042EA080606EA010602994FEA49674CEA51
:10D4F000090247EAD81702EA0102059980EA070003
:10D5000045EB000001EA080535430CEA09076119FB
:10D5100042EA070240EB020203910492DEE90E2088
:10D520000B99D3E91245121940EB050655180C9AD0
:10D5300003F1400342EB0606DDE9062182EA010021
:10D540000999089A08400A998BEA02020A4006994A
:10D5500082EA0B0248402D1846EB0206099A099907
:10D56000940B0A9A8F0C44EA8244920B42EA81425D
:10D570000A990EF1400E47EA8137880C09997C40E0
:10D5800040EA81304240C8050A9940EA5120CF055F
:10D590000999604047EA51272D1882EA070246EBB5
:10D5A0000206039A0499120F42EA01120C0F039922
:10D5B00044EA01148F07049947EA91078807039901
:10D5C0007A4040EA91004F060499444047EAD11757
:10D5D000480603997A4040EAD11048EA010A0499C2
:10D5E000444049EA0100059900EA0C000AEA010AF0
:10D5F000039908EA010704994AEA0707D71909EAD3
:10D600000101019A40EA0100029944EB000A521913
:10D6100041EB0604E919019146EB0A010291B2A916
:10D6200099427FF40BAC069B12A8C0E9B23B059B64
:10D63000C0E9A889C0E9AA3C079BC0E90056C0F828
:10D64000C032089BC0E9027AC0F8C432099BC0E925
:10D65000AC24C0F8B8320A9BC0F8BC32039BC0F8B7
:10D660009832049BC0F89C32019BC0F89032029B18
:10D67000C0F894320D9A0E9952F8083F51F8084FAD
:10D680000D920E91526849681B1942EB01020D99E7
:10D690000B600F9B4A608B42ECD14FF43471F2F770
:10D6A000A3F90DF5477DBDE8F08F00BFD82200211A
:10D6B000F0F736BB10B1D821F2F796B9704708B52C
:10D6C000D822F0F708FB08BD2DE9F04F0129844668
:10D6D0008E4687B064D8002942D033A3D3E9002313
:10D6E00033A7D7E9006734A5D5E900450FF2D00B81
:10D6F000DBE900AB34A1D1E90001CDE9042334A377
:10D70000D3E90023CDE9022333A3D3E90023CDE9F4
:10D71000002333A3D3E900234FF000084FF00009A2
:10D72000CCE90A01DDE90401CCE90C01DDE90201E3
:10D73000CCE90E01DDE90001CCE910010020CCE9C3
:10D740000089CCE90289CCE90467CCE90645CCE93B
:10D7500008ABCCE91223CCF8D0E007B0BDE8F08FDD
:10D7600021A3D3E9002322A7D7E90067CDE9042349
:10D7700021A5D5E9004522A3D3E900230FF2880BA8
:10D78000DBE900ABCDE9022321A1D1E9000122A30D
:10D79000D3E90023CDE9002321A3D3E90023BBE78C
:10D7A0006FF08600D9E700BF310BC0FF67263367F3
:10D7B000D89E05C15D9DBBCB07D57C362A299A62D0
:10D7C00017DD70305A01599139590EF7D8EC2F15E1
:10D7D00011155868874AB48EA78FF9640D2E0CDB9B
:10D7E000A44FFABE1D48B547D182E6AD7F520E5117
:10D7F00008C9BCF367E6096A3BA7CA8485AE67BB64
:10D800001F6C3E2B8C68059B2BF894FE72F36E3CCC
:10D81000F1361D5F3AF54FA56BBD41FBABD9831FB8
:10D8200079217E1319CDE05B2DE9F84305460E46BC
:10D8300014469AB3D0E9003203F07F071B1952F166
:10D8400000024FF0000128BF0121C0E9003231B1D0
:10D85000D0E90232013342F10002C0E9023297B14D
:10D86000C7F180094C4512D305F1500831464A46AC
:10D8700008EB0700F0F72FFA41462846FFF740FA79
:10D88000803C4E443C447F2C0BD83CB1002705F132
:10D890005000224631463844F0F71DFA0020BDE81A
:10D8A000F883374606EB0408394628468037FFF7E9
:10D8B00027FAA8EB07037F2BF6D8A4F1800323F007
:10D8C0007F0380331E44E41ADDE72DE9F34104466B
:10D8D000802203680D4603F07F03581C7028234400
:10D8E00083F8502004F1500700F296800021C0F127
:10D8F00070023844F0F714FAD4E90086D4E9021330
:10D90000720FDB0043EA517342EAC1021BBA12BA3A
:10D91000CDE900326946082204F1C000F0F7DBF9D6
:10D92000F30043EA58734FEAC8081BBA98FA88F222
:10D93000CDE900326946082204F1C800F0F7CBF9BE
:10D9400039462046FFF7DCF9236962691BBA12BA2F
:10D95000CDE90023694608222846F0F7BCF9A369FF
:10D96000E2691BBA12BACDE9002308226946A81859
:10D97000F0F7B1F9236A626A1BBA12BACDE9002343
:10D980006946082205F11000F0F7A5F9A36AE26ADA
:10D990001BBA12BACDE900236946082205F1180026
:10D9A000F0F799F9236B626B1BBA12BACDE9002329
:10D9B0006946082205F12000F0F78DF9A36BE26BB0
:10D9C0001BBA12BACDE900236946082205F12800E6
:10D9D000F0F781F9D4F8D030BBB9236C626C1BBA74
:10D9E00012BACDE900236946082205F13000F0F7AC
:10D9F00072F9A36CE26C1BBA12BACDE90023694636
:10DA0000082205F13800F0F766F92046FFF752FECC
:10DA1000002002B0BDE8F081C0F18002002138444E
:10DA2000F0F77EF939462046FFF76AF970220021A7
:10DA300038465FE7000000002DE9F04F012B054656
:10DA40000E4614461F46C1B07FD80AA8FFF72EFE27
:10DA5000002F55D03EA3D3E900230FF2FC09D9E9EA
:10DA600000890FF2FC0BDBE900ABCDE908233EA3F4
:10DA7000D3E90023CDE906233DA3D3E90023CDE973
:10DA800000233DA3D3E90023CDE904233CA3D3E93C
:10DA90000023CDE902233CA3D3E900230020002189
:10DAA000CDE91C23CDE90A013246CDE90C01DDE9BF
:10DAB0000801CDE91001DDE90601CDE91201DDE93A
:10DAC0000001CDE91401DDE90401CDE91601DDE92C
:10DAD0000201CDE9180129460AA8CDE90E89CDE950
:10DAE0001AAB3E97FFF7A0FE21460AA8FFF7EDFE0E
:10DAF0000AA8D821F1F778FF002041B0BDE8F08FE7
:10DB000023A3D3E900230FF29009D9E90089CDE9D5
:10DB100008230FF28C0BDBE900AB23A3D3E900232E
:10DB2000CDE9062322A3D3E90023CDE9002322A3D4
:10DB3000D3E90023CDE9042321A3D3E90023CDE9D0
:10DB4000022321A3D3E90023A8E76FF08600D4E7DE
:10DB500007D57C362A299A62D89E05C15D9DBBCB2C
:10DB6000A78FF9640D2E0CDB17DD70305A01599127
:10DB700039590EF7D8EC2F15310BC0FF67263367E4
:10DB800011155868874AB48EA44FFABE1D48B54790
:10DB90003BA7CA8485AE67BB08C9BCF367E6096AC0
:10DBA0006BBD41FBABD9831F2BF894FE72F36E3C27
:10DBB000F1361D5F3AF54FA5D182E6AD7F520E5189
:10DBC0001F6C3E2B8C68059B79217E1319CDE05B81
:10DBD0000838C0B203289ABF024B53F82000002037
:10DBE000704700BFC893060C0C220021F0F798B8CC
:10DBF00010B5044600B30368F3B1406860B11B7808
:10DC0000083B032B05D8DFE803F002021414FEF7EB
:10DC1000E9FE6068F1F7D2FEA06820B12368997828
:10DC20004900F1F7EDFE2046BDE810400C21F1F768
:10DC3000DBBEFFF73FFDECE710BD38B515460446E7
:10DC400020B319B30023C0E900138360F2B90B7845
:10DC5000083B032B1AD8DFE803F002020F0F6C21F8
:10DC60000120F1F7A5FE606018B96FF08C05284619
:10DC700038BDFEF7B3FEFAE7D8210120F1F798FE90
:10DC800060600028F1D0FFF711FDF0E76FF0860526
:10DC9000EDE7A8B103689BB11B78083B032B0FD8B5
:10DCA000DFE803F00206080C01214068FEF7A4BE7D
:10DCB0000021FAE701214068FFF706BD0021FAE7DD
:10DCC0006FF08600704730B1036823B11B78092BD1
:10DCD00004D8072B08D86FF0860070470A3B012B49
:10DCE000F9D84068FFF7A0BD4068FEF7D3BE30B159
:10DCF000036823B11B78092B04D8072B08D86FF0D1
:10DD0000860070470A3B012BF9D84068FFF7DDBD5C
:10DD10004068FEF7FFBE10B40446084611461A4696
:10DD20009CB12378083B032B0FD8DFE803F00206F1
:10DD3000080C012310BCFEF77DBF0023FAE7012386
:10DD400010BCFFF779BE0023FAE76FF0860010BC25
:10DD5000704700B14078704710B5044689780220BA
:10DD6000F1F726FEA06028B92046FFF741FF6FF0CB
:10DD70008C0010BD0020FCE72DE9F04F0E46174641
:10DD8000054695B0002800F093800368002B00F052
:10DD90008F808268002A00F08B809A78BA4214D271
:10DDA000FFF777FF044600283CD13A463146284623
:10DDB000FFF789FF0446A8BB284604A9FFF797FF91
:10DDC000044678BB2B6804AE5F78D5F808809A7853
:10DDD0003621404608EB020AEFF7A2FF2B685C21D0
:10DDE00050469A78EFF79CFF002404F1040B5F453E
:10DDF00008EB04091ED2A74233D8002404F1040B17
:10DE00005F450AEB040934D2A74249D82846FFF7F8
:10DE100040FF044630B92B68414628469A78FFF700
:10DE200052FF0446402104A8F1F7DEFD204615B05C
:10DE3000BDE8F08F0422494603A8EFF74CFF039B8F
:10DE40003119042203A80193EFF745FF039A019BC0
:10DE500048465A40039203A90422EFF73CFF5C4670
:10DE6000C3E7325D99F800300134534009F8013BB3
:10DE7000C1E70422494603A8EFF72DFF039B3119A0
:10DE8000042203A80193EFF726FF039A019B48465B
:10DE90005A40039203A90422EFF71DFF5C46ADE749
:10DEA000325D99F800300134534009F8013BABE78B
:10DEB0006FF08604BAE710B430B1046824B1836807
:10DEC00013B110BCFFF7FFBE6FF0860010BC7047A7
:10DED000F0B50D46044691B000B30368F3B186680F
:10DEE000E6B169469F78FFF702FFA8B92046FFF721
:10DEF000D0FE88B9236820469A78F119FFF7E3FE2F
:10DF000050B92368694620465A78FFF7DCFE18B9F5
:10DF100029462046FFF7EBFE11B0F0BD6FF08600FA
:10DF2000FAE738B5044670B1036863B1856855B146
:10DF3000FFF7AFFE48B92368294620469A78BDE826
:10DF40003840FFF7C0BE6FF0860038BD036870B57B
:10DF5000CD1A002D02DC6FF05F0070BD93F90060F8
:10DF60001C78002E0ADB5C1C04601B7813600368BD
:10DF7000C91A13688B42EED80020EEE704F07F0444
:10DF8000661E032E0CD8A542E5DD00250133013CB9
:10DF900015600360EBD313F8016B46EA0525F6E73D
:10DFA0006FF06300D9E770B404680E1B002E07DD24
:10DFB00026789E4208D10134046070BCFFF7C6BFCA
:10DFC0006FF05F0070BC70476FF06100FAE773B5E7
:10DFD0001D46134601AA0446FFF7E5FF18B9019A4A
:10DFE0001AB96FF0630002B070BD236893F9003076
:10DFF000002BF6DB014623681E7846B1E1B9042AFE
:10E00000EFD80BD193F90030002B07DAE9E70133A1
:10E01000013A4FF001012360EDD1019200232B6002
:10E02000019B013BDFD322682E6812F8011B41EAF5
:10E03000062129602260F4E70192E0E713460222FC
:10E04000FFF7C5BF7F2A034610B51AD91446012031
:10E05000240A00F10100FBD11C68641A844212DB1F
:10E0600019684C1E1C6001F8012C120AF8D1012815
:10E0700006D01A68511E196000F17F0302F8013CB6
:10E0800010BD0120E8E76FF08900F9E70368591A2D
:10E090000029C1BF03F1FF310160012003F8012C09
:10E0A000D8BF6FF0890070472DE9F04106460F4652
:10E0B00015469846FFF7C6FF041E03DA6FF0890085
:10E0C000BDE8F081424639463046FFF7DFFF0028C1
:10E0D00005F10105F2DB6019F2E7F0B41446002502
:10E0E0000668721A002A1CDD771E076006F8014CCC
:10E0F0002412002C05F1010211DC046894F900607F
:10E10000002E08DA621A002A0BDD621E026000226D
:10E1100004F8012CAA1CDBB2F0BCFFF7C5BF154602
:10E12000DEE76FF08900F0BC70470223FFF7D5BF30
:10E13000002370B51C461E1DB24205D293420BD37C
:10E14000A0B240EA144070BDC5182D680B441B688E
:10E150006B401C433346EEE7C55CCE5C0133754033
:10E160002C43EBE72DE9F047002701F1FF3CA1EB41
:10E17000020A00EB0C0E8F4201D1BDE8F0873B464E
:10E18000544693EA04051B1BAB432C402343DB1787
:10E190000024A44506D89EF80040013723408EF89D
:10E1A0000030E8E7065D04EB0009013410F8048054
:10E1B0001D4642462E40ED4315403543EDB289F8E9
:10E1C0000050E6E72DE9F74F0746884691461D4681
:10E1D00006460024F643002B08BF0D460C9B04F1B5
:10E1E000040A534505D20C9B9C4220D303B0BDE8E2
:10E1F000F08F042209EB04010DEB0200EFF76BFD39
:10E20000019A291907EA020B04220DEB0200EFF72D
:10E2100062FD019A08EB0400324042EA0B020192CF
:10E2200004220DEB0201EFF756FD5446D6E719F82C
:10E2300004302A5D3B403240134308F80430013477
:10E24000D1E72DE9F74300230C461546C643A1F15B
:10E2500004091F1DAF4206D923441A1B954215D845
:10E2600003B0BDE8F083042209EB070841460DEB3B
:10E270000200EFF730FD0422019B404633400DEBD6
:10E2800002010193EFF727FD3B46E2E71A7832409F
:10E2900003F8012BE1E7000030B5084B1C6814B906
:10E2A0006FF0850006E01D7A854204D100205B688E
:10E2B0000C60136030BD0C33F0E700BFE493060C34
:10E2C000084608B51146F5F792F9002818BF6FF017
:10E2D000930008BD30B5C16F044601F00303032B62
:10E2E00085B006D1826A3AB9436B023B012B1AD83A
:10E2F0000262002005B030BD056B2378681E034321
:10E30000606A023A003818BF012043EA80130020F7
:10E31000520843EAC2032370236AC2B2954200F155
:10E32000010006D853B141F010016FF08600E1679B
:10E33000E0E7C2F10F02A3541B0AEEE703AB009320
:10E3400010222346214604F1380000F04FFC00283B
:10E35000D0D0E36F43F01003E367CBE72DE9F04F34
:10E3600089B004AF04460D4690460021102238467D
:10E370009946EFF7D5FC00231022029302AB0093DD
:10E38000A1183B4604F1380000F030FC064658B1B5
:10E39000E36F43F01003E36738461021F1F724FBE5
:10E3A000304609B0BDE8F08F04463D4404F1040A4C
:10E3B000D04509D2A045EFD919F804302A5D534061
:10E3C000129A13550134F5E709EB0401042203A85E
:10E3D000EFF781FC2919042203A8DDF80CB0EFF750
:10E3E0007AFC039A129B8BEA020203921819042208
:10E3F00003A9EFF770FC5446D8E780220021EFF71D
:10E400008FBC2DE9F0410446174608460122194603
:10E410001E4600F00DFB0546A8B1037903F01F036B
:10E42000102B10D13834204600F024FB294620461A
:10E4300000F03CFB48B9324639462046BDE8F04181
:10E44000012300F053BB6FF08600BDE8F08110B5EA
:10E45000044640B1383000F00DFB2046BDE81040C6
:10E460008021F1F7C1BA10BDF8B51D46073B062B58
:10E470000446164629D8C5F10F0300F11007416381
:10E480000363102200213846EFF74AFC236B2A462B
:10E49000013B2374314604F11100EFF71CFC681CAA
:10E4A000226B00213844EFF73BFC01232A46E37737
:10E4B000E0183146EFF70FFCE36F204643F001030D
:10E4C000E367BDE8F840FFF705BF6FF08600F8BDD1
:10E4D000022B30B412D0102B10D813F001050DD13F
:10E4E000B1F57F4F0AD2C0E90A3530BCC36FC0E92D
:10E4F000082143F00203C367FFF7ECBE6FF086000C
:10E5000030BC70472DE9F04FC36F044613F0100A7A
:10E510008B46154689B04AD1002A40D0180746D408
:10E520005907626A3FD4954241D8217843F00403E9
:10E5300081EA122121706178E3674A406270E36AE0
:10E540000027023303F00F08C8F11006AE4228BFBF
:10E550002E4604EB080304933B1D0393B342049B34
:10E5600003EB070926D9BE423CD8E36AAD1B33440E
:10E57000B3444644102EE36202D0626A93423AD119
:10E5800006AB009310222346214604F1380000F028
:10E590002DFB80B38246E36F43F01003E3675046E0
:10E5A00009B0BDE8F08FE36A2B449342C7D96FF0FE
:10E5B000860AF4E70422494607A8EFF78CFB079B7D
:10E5C0000BEB0701042207A80593EFF784FB079ADA
:10E5D000059B4846534007A904220793EFF77BFBAE
:10E5E000039FB9E71BF8072099F800300137534023
:10E5F00009F8013BB7E7002DA1D1E26A636A9A42AC
:10E60000CDD1E36FE56243F00803E367C7E72DE987
:10E61000F04F8DB00393C36F0446DB06894617465F
:10E6200000F1F180836A2BB1C36A1344026A9342FA
:10E6300000F2E980169B9F4200F2E580179B1F6065
:10E640000FB9BA46ACE0E36A03F00F08C8F1100551
:10E65000BD4228BF3D462B44E362636B23F00203B7
:10E66000012B4CD0666B36F0020632D108AB00931A
:10E670002A464B4641462046FFF770FE8246002858
:10E6800040F08E8004EB08030493049B06F1040B16
:10E690005D4503EB060A80F08B8008A9B54200F2C5
:10E6A0009F802A460398EFF716FB08EB0503102B13
:10E6B00004D0E26A236A9A4240F09F8006AB00933E
:10E6C00010222346214604F1380000F08FFA8246DA
:10E6D00090BBA844B8F1100F40F08A800021206B55
:10E6E000CBB2984240F28980C3F10F0323441A7CD5
:10E6F00001310132D2B21A74002AF1D07DE0002635
:10E7000004EB080B331D9D420BEB060A19D2B542F0
:10E7100031D808EB0503102B03D0E26A236A9A4232
:10E7200032D106AB009310222346214604F1380073
:10E7300000F05CFA824638B3E36F43F01003E367FE
:10E740002EE00422514607A80593EFF7C4FA079B71
:10E7500009EB0601042207A80493EFF7BCFA079A15
:10E76000049B50465A40079207A90422EFF7B3FAD8
:10E77000059B1E46C6E719F806209AF800300136B8
:10E7800053400AF8013BC2E7039B2A4600934146E7
:10E790004B462046FFF7E2FD824600283FF462AF79
:10E7A000102108A8F1F720F950460DB0BDE8F08F10
:10E7B0000422514607A8EFF78EFA079B042205931F
:10E7C00008AB991907A8EFF786FA079A059B5046F8
:10E7D000534007A9042207935E46EFF77CFA54E7FB
:10E7E0009AF800308A5D013653400AF8013B55E73C
:10E7F000E26A236A9A423FF471AF039B7F1B2B446A
:10E80000A94403931CE76FF0860ACDE7C36FF7B501
:10E810001746DA0604460E463AD403F00302032AEA
:10E8200039D1426A0AB11B0735D5236A13B1E26AAE
:10E83000934230D1A36ABB422DD100221046216BF6
:10E84000D3B28B4202F101021DD3234610220021D4
:10E8500020460094FFF782FD054688B926B13A4666
:10E8600021463046EFF737FA00261022314620467F
:10E87000E667EFF755FA10223146A018EFF750FA85
:10E88000284603B0F0BDC3F10F0323441874D7E743
:10E890006FF09605F4E76FF08605F1E72DE9F04F8C
:10E8A00085B01546DDE90FB7DDE9119ADDE913867C
:10E8B0001A460E9B0446FFF7D7FDF0B933462A46A9
:10E8C00039462046FFF704FEB8B93A465946204675
:10E8D000FFF718FE88B903ABCDE900532A4653462B
:10E8E00049462046FFF793FE38B932464146204656
:10E8F00005B0BDE8F04FFFF789BF05B0BDE8F08F68
:10E9000010B588B00F9C06940E9C05940D9C049441
:10E910000C9C03940B9C02940A9CCDE90034134692
:10E920000A460121FFF7BAFF08B010BDF0B50C464A
:10E930008DB01499159D03911399179F0291129907
:10E9400008AECDE90031CDE9045613460021224638
:10E950000697FFF7A3FF58B93A4631461698FFF7D6
:10E96000E7FB28B128462146F1F73EF86FF0940006
:10E970000DB0F0BD10B50024891AE3B2994204F13C
:10E98000010400D810BD03449954F6E720B11AB130
:10E9900000201160186070476FF0860070472DE905
:10E9A000F04791469A4600283FD0002A3DD04418AF
:10E9B00014F8016C0D46344695EA04072D1BBD433F
:10E9C0003C402543ED1734460027BC4684EA0C043E
:10E9D00063421C43E41765EA0405A1EB060C8F4271
:10E9E0000DD100202946044663460C40C943194016
:10E9F0002143C9F80010CAF80050BDE8F08764460A
:10EA00003B4693EA04021B1B934314402343DB174A
:10EA10009E46C45DB04684EA080463421C43E41782
:10EA200024EA0E0425430137D9E76FF08600E4E7B6
:10EA3000F0B504460B4B0C4E586800B9F0BDC579D3
:10EA4000C5F3840556F825502D78A54208D145799F
:10EA500005F00F07B1EB871F02D1B2EB151FEDD008
:10EA60000833E9E72C94060C2094060C442200217C
:10EA7000EFF756B910B50446A8B1006C10B12421C7
:10EA8000F0F7BEFFE06B40B12368074ADB79C3F3C0
:10EA9000840352F823305B6A98472046BDE8104053
:10EAA0004421F0F7A1BF10BD2094060C38B50546EF
:10EAB0000C46A9B144220021EFF732F9E3790A4A62
:10EAC000C3F3840352F823301B6A13B900202C606F
:10EAD00038BD9847E8630028F8D16FF08C00F7E75D
:10EAE0006FF08600F4E700BF2094060C70B4DCB22F
:10EAF000012C25D804681CB3E57905F00305012D28
:10EB000005D8657905F00F05B2EB851F18D10372A2
:10EB1000E5790D4EC5F38405012B426056F825506A
:10EB2000C06B08D0637903F0F004302C03D003F0FD
:10EB3000E003402B02D1AB6970BC1847EB69FBE7DF
:10EB40006FF0860070BC70472094060C03682DE9B6
:10EB5000F04104460E4615461BB96FF08600BDE82D
:10EB6000F081102A3DD8DA79D20714D41A795209E3
:10EB7000B5EB820F4FEA8207EFD35B7903F0F00326
:10EB8000602B0AD12B46324694F90810E06BBDE8A1
:10EB9000F04101F00FB92F46EFE7902B16D100237B
:10EBA000E06B1A461946FFF793FC0028D7D194F979
:10EBB00008304BB1012BD0D103212B463246E06BFC
:10EBC000BDE8F041FFF750BC0221F6E70FB9002085
:10EBD000C5E73A46314604F12800EFF77CF8A76311
:10EBE000F5E70148BBE700BF809FFFFF2DE9F04F2D
:10EBF000D0F800C085B004460F4615469A46DDF8A9
:10EC00003880BCF1000F04D16FF0860005B0BDE87C
:10EC1000F08F00209CF80460C8F8000016F01F0672
:10EC200000F003819CF8050000F0F000102815D1D9
:10EC3000B24240F0FC80C8F800209CF807207E49D2
:10EC4000C2F3840251F82220E06B55683A46AC4684
:10EC500094F9081005B0BDE8F04F6047602805D171
:10EC6000CDE90028E06B01F019FACFE7902805D133
:10EC7000CDE90028E06BFFF7CAFCC7E7994208D14D
:10EC8000636A002BC0D1B2FBF6F306FB1323002B03
:10EC9000BAD1202840F0828094F90830D4F824902A
:10ECA0008BB9E268A6EB09038AB1AB4211D309F133
:10ECB00014002A4639462044EFF70DF8636A2B44C6
:10ECC00063620020A2E7012B03D1A6EB0903AB424C
:10ECD000EDD8B9F1000F2AD0A6EB090B09F1140009
:10ECE0005A4639462044EEF7F6FF234653F8142BD4
:10ECF0005149D279CDE9003AC2F3840251F8222079
:10ED0000E06B936894F908109C46324604F128039E
:10ED1000E04700287FF47AAFD8F80030A9443344A4
:10ED2000C8F80030B24460625F44A9EB0605002DCC
:10ED3000C7D0B5FBF6F906FB1959B9F1000F06D19A
:10ED400094F908301BB9E368002B18BFB146A5EB56
:10ED500009054A46791904F11400EEF7BCFF636A0D
:10ED60004B446362002DACD02368334ADB79CDE994
:10ED7000007AC3F3840352F8233094F908109E6894
:10ED80002A46E06B04F12803B04700287FF43EAF29
:10ED9000D8F800302B44C8F8003037E7302819D1B4
:10EDA0009CF80730244ACDE9017AC3F3840352F872
:10EDB000233004F128020092DE682A4694F90810F4
:10EDC000E06B04F12403B04700287FF41FAFC8F8BC
:10EDD00000501BE7402811D19CF80730164ACDE9B6
:10EDE000007AC3F3840352F8233029461E69E06B8E
:10EDF00004F1280304F12402B047E5E7502818D1B4
:10EE00009CF807300C4ACDE9017AC3F3840352F829
:10EE1000233004F1140200925E692946E06B04F18C
:10EE2000280304F12402B047CEE70448EEE6044884
:10EE3000ECE60448EAE600BF2094060C809CFFFF45
:10EE4000809DFFFF809FFFFF2DE9F341154602687B
:10EE500004460E461F4622B96FF0860002B0BDE898
:10EE6000F081002351792B603B6001F0F003202BEF
:10EE70000CD101690029EFD091794639012913D9C4
:10EE8000102B13D1636A7BB13048E7E701F0B00083
:10EE9000302809D001F0E001402905D0602B03D0D3
:10EEA000902B01D0A02BE7D10020D7E7202B4BD10E
:10EEB00094F90830606A012B37D1E36813B9002850
:10EEC000F2D0E1E7A16B04F1140C11B911794909F1
:10EED0008900024660469847234653F8281B1C4881
:10EEE0000A79C9790196C1F3840150F8211004F11F
:10EEF00014000090D1F80880E06B94F9081002F03B
:10EF00001F02C0470028A9D194F908302168ABB985
:10EF1000246911B1097901F01F013B462A463046A8
:10EF2000A44602B0BDE8F0416047137903F01F0327
:10EF30009842D1D0E368002BC1D0A5E711B109797F
:10EF400001F01F012960AFE7024887E7809DFFFFBE
:10EF50002094060C809FFFFF03689BB15B7903F050
:10EF6000F003202B0ED119B1012907D007487047B3
:10EF7000074BC360074B0361002070470023C36049
:10EF8000054BF8E76FF08600704700BF809FFFFFDA
:10EF900075E9050C9FE9050C8DE9050C10B50446D3
:10EFA00001F024FA2046BDE81040F0F707BD10B587
:10EFB0004FF4C8710120F0F7FBFC044608B100F0E3
:10EFC000EDFD204610BD13460A46022100F0EBBDC0
:10EFD00010B50446FFF73BFA2046BDE81040F0F7B5
:10EFE000EDBC10B580210120F0F7E2FC044608B129
:10EFF000FFF703FA204610BD13460A460221FFF729
:10F0000000BA10B5044602F03AF82046BDE81040B8
:10F01000F0F7D4BC10B54FF48C710120F0F7C8FCA8
:10F02000044608B102F026F8204610BD02F00CB9E3
:10F0300002F02CB802F084BA02F05DBA02F01FBAF6
:10F0400002F09FB902F08CB9F7B504460E460027CE
:10F050000C25042271190DEB0200EEF73CFE019A1B
:10F060003B4611BAC2F3C017042243EA41031BBA5C
:10F0700060190DEB0201043D0193EEF72CFE2B1DF0
:10F08000E7D13378DB095A421343DB170020E27BD8
:10F0900003F087035340E37303B0F0BD38B5054672
:10F0A00018B96FF08604204638BD0468002CF8D0EB
:10F0B0000029F6D00123FFF719FD04460028F2D1FC
:10F0C0002B68002BEDD09B79023B022BE9D8242141
:10F0D0000120F0F76DFC20B110212864F0F784FCCA
:10F0E000E1E76FF08C04DEE72DE9F04F8846174624
:10F0F000814687B0002800F0A1800368002B00F053
:10F100009D80002900F09A80046C002C00F096800D
:10F110001D79206A05F01F0500B32A1ABA421DD2D4
:10F1200010302044EEF7D7FD002304F1100603F160
:10F13000040BAB4529D923441A1B95423FD804AB95
:10F1400000932A46234621464846FFF74FFDC8B99B
:10F15000236A2062EA1A3B4490445F1B6B1E3B44C7
:10F16000B3FBF5FB4FF0010ADA455DD34FB1206ADE
:10F170003A46103041462044EEF7ADFD236A3B4449
:10F180002362002007B0BDE8F08F3146042205A8B5
:10F19000EEF7A1FDA6F1100A059B0422514605A831
:10F1A0000293EEF798FD059A029B50465A4005924D
:10F1B00005A90422EEF78FFD04365B46B7E71A7CFB
:10F1C00019784A4003F8012BB6E708EB0601042240
:10F1D00005A826440393EEF77EFD059B31460422E5
:10F1E00005A80293EEF777FD059A029B30465A4038
:10F1F000059205A90422EEF76EFD039B1E46331D02
:10F200009D42E2D2A319AE4210D304AB00932A462A
:10F21000234621464846FFF7E9FC0028B2D17F1B70
:10F22000A8440AF1010A9FE70026E8E718F806104B
:10F230001A7801364A4003F8012BE4E76FF08600A4
:10F24000A0E72DE9F04F95B080460391002800F02B
:10F25000F2800368002B00F0EE80056C002D00F0BA
:10F26000EA80002900F0E7800DF1200910214846CE
:10F270001C7910AEF0F7B8FB10210CA8F0F7B4FB26
:10F2800010213046F0F7B0FBD8F8007004F01F04EE
:10F2900017B13F7907F01F0707AB00933A46334693
:10F2A00031464046FFF7A2FC48B9102F07D131463E
:10F2B0004846FFF7C9FE49460CA8FFF7C5FE304691
:10F2C0001021F0F791FB286A05F1100AA04280F0A6
:10F2D00091803146002398423FD91AF80320013328
:10F2E0009C4201F8012BF6D8002707F1040B5C457E
:10F2F00038D210AB3B440CA9A7424ED3002707F1EC
:10F30000040BA34578D9EB1910A9A742C0F08C8053
:10F3100007AB009322462B4629464046FFF766FC82
:10F32000064620B9224629460398EEF7D4FC102160
:10F330004846F0F759FB10210CA8F0F755FB0023C5
:10F34000102150462B62F0F74FFB10212846F0F7B2
:10F350004BFB304615B0BDE8F08F0CBF01220022F8
:10F36000D201BCE7F3191946042207A80593EEF76A
:10F37000B2FC079B042204930CABD91907A8EEF743
:10F38000AAFC079A049B07A95A40059B07921846B6
:10F390000422EEF7A0FC5F46A7E71A78785C0137F5
:10F3A000424003F8012BA7E70AEB0701042207A854
:10F3B000EEF791FC079B09EB0701042207A80493D1
:10F3C000EEF789FC079A049BF0195A40079207A9A7
:10F3D0000422EEF780FC5F4607F1040B5C45E3D2A4
:10F3E000A7428BD21AF8073019F807205340F3557B
:10F3F0000137F5E70027EFE7F119042207A8EEF738
:10F400006AFC2F44079B3946042207A80493EEF7B1
:10F4100062FC079A049B38465A40079207A90422C7
:10F42000EEF759FC5F466AE7785C1A78013742408C
:10F4300003F8012B69E76FF086068AE7F8B5046CDC
:10F440000E460734E4089C4228BF1C461146054678
:10F4500022463046F4F7D9FF0746C8B92B6CE100C5
:10F46000B3EBC40F0DD3343529463046F5F748F8D1
:10F4700000280DDB2A4631463046BDE8F840F5F756
:10F4800076B93046C91AF5F703F80028EBD00746DD
:10F490003846F8BD072803D0093818BF0120704747
:10F4A000002070472DE9F04F054691B000788B465B
:10F4B00014461F46FFF7EEFF002800F08F806B6BAD
:10F4C000002B00F08B8001213846F5F761F8002809
:10F4D00004DA444E304611B0BDE8F08F05F134082F
:10F4E00041463846F5F70CF80028F2DA4FF00B09E0
:10F4F0000AA8F7F730FB06A8F4F7D8FD08A8F4F738
:10F50000D5FD05F11C0305934FF00B0ADDE91C2323
:10F51000284606A9F8F752FB0646002850D11F9B43
:10F52000029001931E9B2846009306AA059B0AA9F8
:10F53000F8F72CFB0646002842D1424658460AA955
:10F54000F5F7DEFB064600283AD101465846F5F7A6
:10F550001FF800283ED02846DDE91A2308A9FFF746
:10F560006DFF064660BB3A4659462046F5F733F92B
:10F57000064628BB08A922460846F5F7F5F80646D0
:10F58000F0B94346214606AAF5F739FD0646B8B953
:10F590002146204608AAF5F71EF9064680B94246DC
:10F5A00021462046F5F7ACFB064648B90021204627
:10F5B000F4F7EEFF20B9B9F10109A5D16FF0930678
:10F5C0000AA8F7F705FB06A8F4F775FD08A8F4F7F5
:10F5D00072FD7FE7BAF1010A98D1EFE76FF0860676
:10F5E00078E700BF80B3FFFF70B5002688B0DDE983
:10F5F0000E45CDE9035402940D9CCDE905560194C6
:10F600000C9C0094FFF74EFF08B070BD2DE9F04F41
:10F61000C7B0046C05469DF84801894692461F46CE
:10F62000FEF7D6FA07348046E408002847D00AA837
:10F630000CAEF4F73BFD0DF1940B304600F0E3FE09
:10F64000224659463846F4F7FEFE034658BBDDE92C
:10F65000502328460AA9FFF7F1FE034618BB2246AD
:10F660000BEB04010AA8F4F7EEFE0346D8B96300D9
:10F670005A464146304600F085FF034698B9559BEF
:10F6800052460693549B49460593539B2846CDE921
:10F6900003630C4B0293519B0193509B00933B4699
:10F6A000FFF700FF03463046099301F001F80AA86E
:10F6B000F4F701FD099B184647B0BDE8F08F6FF0E5
:10F6C0008603F8E7A106060C10B5002486B0059461
:10F6D0000C9C04940B9C03949DF828400294099C74
:10F6E0000194089C0094FFF791FF06B010BD2DE92E
:10F6F000F047054692B00CA80C46DDE91A6992461F
:10F700009846F7F728FA04A8F4F7D0FC06A8F4F70F
:10F71000CDFC08A8F4F7CAFC0AA8F4F7C7FC2878BF
:10F72000FFF7B8FE002800F089806B6B002B00F01B
:10F73000858001213046F4F72BFF002813DB05F10B
:10F74000340739463046F4F7DBFE00280BDA012196
:10F750004846F4F71DFF002805DB39464846F4F714
:10F76000CFFE002814DB6FF094040CA8F7F730FAF2
:10F7700004A8F4F7A0FC06A8F4F79DFC08A8F4F789
:10F780009AFC0AA8F4F797FC204612B0BDE8F0876F
:10F7900022465346284604A9FFF750FE0446002897
:10F7A000E3D13B464A4606A9F5F729FC0446002862
:10F7B000DBD106AA04A908A8F5F70DF8044600282D
:10F7C000D3D108A93A460846F5F79AFA0446002824
:10F7D000CBD10DF128093146484606AAF4F7FBFFC4
:10F7E00004460028C1D13A4649464846F5F788FA0A
:10F7F00004460028B9D1CDE90180CDF80090284613
:10F8000005F11C0308AA0CA9F8F781F904460028A1
:10F81000ABD10CA8F7F761FC0028A4D10CA93A469B
:10F820000846F5F76DFA044600289ED131460CA82B
:10F83000F4F766FE0446002897D094E76FF086043C
:10F84000A2E71FB500240294079C0194069C009433
:10F85000FFF74DFF04B010BD2DE9F04F90F889314E
:10F8600004460D46904689B0002B40F0D580CA7BF7
:10F8700000F1480702F00F01080107EB0111D1E97F
:10F8800002C638584FEA1C1E4EEA067E360946EA82
:10F890000076CDE906E6624E49680CF00F0C36F8AA
:10F8A0001C60000940EA017002F0F002090981EAD7
:10F8B0000641BE181F46CDE904010DF1100A0AEBFE
:10F8C000070B0422594602A8EEF705FAF1190422A3
:10F8D00002A8DDF80890EEF7FEF9029B042289EAFF
:10F8E0000303584602A904370293EEF7F4F9102FE8
:10F8F000E5D105F10F0919F8012DDDE906761309A7
:10F9000000933B0943EA06733609DDE9040146EA40
:10F910000076CDE90636424B07F00F0733F8176043
:10F92000000940EA0170090981EA0641002602F057
:10F930000F0204EB0212CDE9040102F14803019326
:10F940000AEB060B0422594602A8EEF7C4F9019B04
:10F950000422991902A8029FEEF7BDF9029A5846AF
:10F96000574002A9042204360297EEF7B4F9102E8C
:10F97000E6D1DDE90660DDE90412370947EA0077E0
:10F98000274B000940EA017006F00F06CDE906702A
:10F9900033F816000026090941EA02711209009B9A
:10F9A00082EA0042CDE9041204EB031748370AEB60
:10F9B000060B0422594602A8EEF78DF9029BB919ED
:10F9C000042202A80093EEF786F9029A009B58469B
:10F9D0005A40029202A904220436EEF77CF9102E56
:10F9E000E5D14D4587D1049B059A1BBA12BACDE9E2
:10F9F0000223082240460DEB0201EEF76CF9069B4C
:10FA0000079A1BBA12BACDE9022308220DEB0201B4
:10FA100008EB0200EEF75FF909B0BDE8F08F00BF18
:10FA20002C96060C2DE9F04F1D46002387B0049359
:10FA300004AB00930E460B46924600F5B4711022BB
:10FA40000446FFF7D3F8814638B110213046EFF76E
:10FA5000CBFF484607B0BDE8F08F94F88831FBB182
:10FA60000027564407F1040B5D4548D2BD425FD8DC
:10FA700094F88831012BECD1002704F5BC74544470
:10FA800007F1040A554504EB070659D2BD42E0D9F7
:10FA9000119A3378D25D0137534006F8013BF5E700
:10FAA000074604F5BC7303EB0A0B3B1D9D420BEBB1
:10FAB00007080AD2BD42D3D9109A98F80030D25D17
:10FAC0000137534008F8013BF4E70422414605A8FA
:10FAD0000393EEF700F9059B04220293109B05A8FF
:10FAE000D919EEF7F8F8059A029B40465A4005925C
:10FAF00005A90422EEF7EFF8039B1F46D5E7F1199D
:10FB0000042205A8EEF7E7F8109B0422D91905A8EE
:10FB1000DDF81480EEF7DFF8059B042288EA030382
:10FB20000593119B05A9D819EEF7D5F85F4699E71B
:10FB3000109AF35DD25D5340119AD355013795E782
:10FB40000422314605A8EEF7C6F8119B0422D91904
:10FB500005A8DDF81480EEF7BEF8059B042288EABC
:10FB60000303304605A905935746EEF7B4F887E737
:10FB7000042213B500F10C0421460DEB0200EEF750
:10FB8000AAF80422019B20461BBA01331BBA0DEBD5
:10FB900002010193EEF79FF802B010BD4FF4C87256
:10FBA0000021EEF7BDB82DE9F04F1E4623F04003CB
:10FBB000802B0446904608468FB008D0B6F5807F6B
:10FBC00005D06FF0860528460FB0BDE8F08F012202
:10FBD0003146FEF72DFF05460028F2D0077907F0E1
:10FBE0001F07102FEDD12046FEF744FF294620467F
:10FBF000FEF75CFF05460028E5D101233246414669
:10FC00002046FEF773FF05460028DCD101463A4640
:10FC10000AA8EEF785F807AB00930AAB3A461946F7
:10FC200020460795FEF7E2FF05460028CBD1DDE927
:10FC30000A23C4E93223DDE90C23C4E9342300227A
:10FC400000234FF0030A0427C4E91223C4E9142354
:10FC500084F8890104EB471101F148090822503169
:10FC600008A8EEF738F8099B089A1BBA12BA5B0885
:10FC700043EAC27352081BBA12BACDE9082308221C
:10FC80003E01483604EB060808A908EB0200EEF72F
:10FC900022F899F8072098F80830494643EAC21339
:10FCA00088F80830082208A8EEF715F8099B089A8A
:10FCB0001BBA12BA5B0843EAC27352081BBA12BAE3
:10FCC000CDE908234046082208A9EEF704F899F880
:10FCD0000F20A35D12F0010F0CBF00226FF01E0277
:10FCE000BAF1010A83EA0203A3554FEA6707B1D1CB
:10FCF0004FF00408082604EB0612936CD26C37010F
:10FD00001BBA12BA07F14800CDE9082308A9082256
:10FD10002044EDF7E0FF731D1A0104EB0313A25812
:10FD20005B6812BA1BBA07F15000CDE9083208A986
:10FD300008222044EDF7CFFFB8F101084FEA66062C
:10FD4000D9D14FF0030A4FF002084FEA081303F12C
:10FD500048024FF0010904EB020B04F1580721E0BF
:10FD60000026FA1804920BEB0601042208A805935A
:10FD7000EDF7B1FF089BB919042208A80393EDF72A
:10FD8000AAFF089A039B08A95A40049B0892F018FE
:10FD900004220436EDF79FFF102E059BE3D109F1F5
:10FDA00001091037C145DBDBBAF1010A4FEA480807
:10FDB000CBD108E72DE9F04F4FF000088DB0044695
:10FDC000894617461D46CDF81480002B00F09C8014
:10FDD00000F5B47610224146304604F5BC7BEDF7C1
:10FDE0009FFF102241465846EDF79AFF002200235C
:10FDF0000C2DC4E95223C4E9542384F8889113D10B
:10FE00002A4639463046EDF766FF012384F87731FC
:10FE100005AB009310223146204604F5AC73FEF783
:10FE2000E5FE0DB0BDE8F08F1022414608A8EDF7C1
:10FE300077FF6B0FEA0012BA1BBACDE9063206A9AA
:10FE400008220AA8EDF747FF04F5B27A102DA8465C
:10FE50004FF0000328BF4FF0100803F10409C84514
:10FE60002FD203F267122244984546D832463146D3
:10FE70002046FFF7F1FCB5EB08054744E6D13746CD
:10FE800008AD3946042206A8EDF725FF29460422CD
:10FE900006A8DDF81880EDF71EFF069B384688EAB5
:10FEA0000303042206A904370693EDF714FF5F4508
:10FEB00005F10405E5D1324631462046FFF7CCFC7A
:10FEC000A6E70AEB09031946042206A80393EDF7F7
:10FED00002FF069B391F0422494406A80293EDF74E
:10FEE000FAFE069A029B06A95A40039B0692184600
:10FEF0000422EDF7F0FE4B46AFE7F85C12F8011F65
:10FF0000013341401170AFE76FF0860089E72DE9BA
:10FF1000F04F1446D0E954328846191952F10001C5
:10FF20004FF0000628BF0126054687B0002E40F09E
:10FF3000B280490F40F0AF8013F00F0A21D0CAF110
:10FF40001007A74228BF274600F5BC7B0BEB0A032E
:10FF50000193019A331D9F4202EB060930D2B7424A
:10FF600048D8BA44BAF1100F04D15A465946284627
:10FF7000FFF772FCD5E95432FB1842F10002E41B92
:10FF8000B8442746E31842F10002C5E9543205F5AA
:10FF9000BC790F2F37D814F00F070DD0002324F0B1
:10FFA0000F04444405F5BA791E1DBE4252D903F22E
:10FFB00077121544BB4267D3002007B0BDE8F08F2D
:10FFC0000422494605A80393EDF785FE059B08EB3F
:10FFD0000601042205A80293EDF77DFE059A029B17
:10FFE00048465A40059205A90422EDF774FE039B8A
:10FFF0001E46AEE718F8061099F8002001364A4070
:020000040C06E8
:1000000009F8012BABE7002608EB040BABEB070B61
:1000100009EB060A0422514605A8EDF75CFE059B94
:100020000BEB0601042205A80193EDF754FE059A97
:10003000019B50465A40059205A904220436EDF76B
:100040004AFE102EE4D14A4649462846FFF704FCF2
:10005000103F9EE709EB060A0422514605A8EDF77A
:100060003AFE211F0422314405A8DDF81480EDF783
:1000700032FE059B042288EA0303504605A9059336
:10008000EDF729FE33468FE7E25C15F8011F0133D7
:100090004A402A708EE76FF086008EE72DE9F04720
:1000A000144686B005460E461022002102A81F46BF
:1000B000EDF736FE0E9BA342C0F08D800F9B1C60B7
:1000C000002C60D0BE4203D2BB1BA342C0F086808E
:1000D000D5E9523213EB040C52F100004FF000014D
:1000E00028BF0121002979D16FF01F0161454FF030
:1000F0000F01814172D3134309D1D5F850311B0749
:1001000005D005F5BC7211462846FFF7A5FBD5E9D9
:10011000521311F00F0921D0C9F11008A04528BFD2
:10012000A0464A4643462846CDE9006702A9FFF7A4
:1001300079FC48BBC144B9F1100F05D105F5BC727B
:1001400011462846FFF788FBD5E9521318EB010149
:1001500043F10003A4EB080446444744611843F10B
:100160000003C5E95213274406EB040805F5B479EA
:100170000F2CA7EB040AA8EB040608D8E4B9102159
:1001800002A8EFF731FC002006B0BDE8F087484632
:10019000FFF7EEFC102300222846CDE9006A02A9F1
:1001A000FFF740FC0028EFD105F5BC721146284648
:1001B000FFF752FB103CDBE705F5B470FFF7D8FC06
:1001C000234600222846CDE9006A02A9FFF72AFC4F
:1001D0000028D4D0D8E76FF08900D5E76FF086000B
:1001E000D2E700222DE9F04F89B01A60D0E95231F0
:1001F0004FEAC109D0E9542649EA53794FEAC30AC4
:10020000F6000B430446DDE9128746EA52764FEAD0
:10021000C20B06D1120704D000F5BC721146FFF7DD
:100220001BFB3D1F0C2D00F29080D4F848311B07BA
:1002300005D004F5BC7211462046FFF70DFB3A4687
:10024000404604F5AC71EDF746FD4AEA0B0349EA76
:100250000602134303D1002009B0BDE8F08F10223D
:1002600000210DEB0200EDF75BFD36BA042203A975
:1002700004A80396EDF72FFD9BFA8BF3042203A944
:1002800005A80393EDF727FD99FA89F3042203A942
:1002900006A8039304F5BC79EDF71DFD9AFA8AF3DD
:1002A000042203A907A80393CA46EDF714FD04AE80
:1002B00004F5C47B5146042203A8EDF70CFD039B13
:1002C0003146042203A80193EDF705FD039A019B33
:1002D00050465A40039203A904220AF1040AEDF79A
:1002E000FAFCDA4506F10406E4D120464A464946BE
:1002F000FFF7B2FA002408EB040A0422514603A8CF
:10030000EDF7E9FC09EB0401042203A8039EEDF7D5
:10031000E2FC039B04225E40504603A90396EDF7DE
:10032000DAFC234608339F4204F10404E3D225F0AB
:10033000030304339F428ED918F8032019F80310E1
:100340004A4008F803200133F4E76FF0860083E7A2
:100350007FB515461A46089B0446FFF72BFD38B9B2
:10036000DDE909122046FFF7D2FD18B16FF08600D3
:1003700004B070BD03AE2A462046CDE900560C9B62
:100380000B99FFF78BFE0028F2D10D9B02460193DB
:100390000E9B0146009320463346FFF722FF0028BC
:1003A000E6D0E3E7F0B50C468DB01699159F0391A2
:1003B0001399179D0291129908AECDE90031CDE94C
:1003C00005761346002122460495FFF7C1FF58B970
:1003D0003A4631461498FDF7ABFE28B1284621462F
:1003E000EFF702FB6FF094000DB0F0BD10B50446BE
:1003F00040B1FEF73FFB2046BDE810404FF4C87106
:10040000EFF7F2BA10BD10B5642200210446EDF7F3
:1004100087FC42F21073A36510BD2DE9F047054635
:1004200092B000680F469046FDF793FC06469FB3D6
:10043000B8F1000F14BF4FF002094FF0010900237B
:100440006FF0860405F10C0A99458DF804301BD92C
:100450002846FDF766FD0446B0B9324651462846A7
:10046000FDF729FD044678B90122284601A9FDF7C8
:1004700022FD044640B9B9F1020F10D0284602A966
:10048000FDF726FD044698B102A84021EFF7ACFA2B
:10049000204612B0BDE8F0874FF00109CFE7424691
:1004A00039462846FDF707FD04460028E6D0EBE76D
:1004B0003246284602A9FDF75FFC04460028E3D136
:1004C000324651462846FDF7F6FC04460028DBD1AB
:1004D00051462846FDF7FCFC04460028D4D19DF87F
:1004E00004300133DBB2AFE72DE9F0430446884620
:1004F00016469946006DE1B013B100EB400040088C
:10050000B6F5807F3BD83044B0F5C07F37D84FF484
:10051000C07200216846EDF703FC6946E56D226D67
:10052000206E6F46A84728B16FF00806304661B0CC
:10053000BDE8F083256DB9F1000F09D0E36D206EA1
:100540006A08791998470028EED1236D05EB530509
:10055000B8F1000F06D02EB1781932464146EDF7BA
:10056000BAFB35442A4639462046FFF756FF064671
:1005700000B9E06429463846EFF736FAD6E76FF05F
:100580000406D3E72DE9F0411646002204460D4645
:100590001F46FDF752FBF0B929462046FDF7DCFB6C
:1005A000C8B92846FDF7D5FB04F10C0802464146C0
:1005B0002046FDF7E1FB70B92846FDF7CAFB012193
:1005C00002464046EDF7ACFB3A4631462046BDE8D0
:1005D000F041FFF722BFBDE8F0810023FFF784BFA1
:1005E0002DE9F84F15460446006888461E460A9FC6
:1005F000FDF7AFFBB5F5806F81464BD8B7F5807F2F
:100600004BD8E36DD3B1636D012B03D0E26CA36DC6
:100610009A4213DB3A4631462046FFF7DEFFC0B967
:10062000074604F10C0AB5B93A4631462046FFF7B1
:10063000F4FE70B9E36C0133E3640AE0002EF0D0FD
:10064000002FEED03A4631462046FFF7E6FE00285E
:10065000E7D0BDE8F88F4D452046AB4628BFCB46D6
:10066000FDF75FFC0028F4D14A4651462046FDF7CD
:1006700022FC0028EDD151462046FDF729FC002838
:10068000E7D140465A465146EDF725FBD844A5EB45
:100690000B05C8E76FF00200DBE76FF00400D8E756
:1006A000002307B50093FFF79BFF03B05DF804FB41
:1006B00010B5044640B1FDF79BFA64212046EFF7E0
:1006C00093F942F21073A36510BD00002DE9F04FBD
:1006D000ADF5077D06AC01230022274646A913F09D
:1006E000800F0CBF00201B2043F30605CA5480EA8C
:1006F0004500013204F8013BB2F5807F83EA000334
:10070000DBB2ECD101230022624813F0800F40F8E5
:10071000043B43F306040CBF00231B23013283EA8E
:1007200044030A2ADBB2F0D163235B4A0E461370FE
:10073000002315460120594C84F8633016F8013F18
:10074000C3F1FF03FB5C4FEAD31C4CEA430C4FFAA6
:100750008CFECCF3421848EACE0883EA0803CCF3B7
:10076000C0188EEA030348EA4E08CCF3811C83EAE2
:1007700008034CEA8E0C83EA0C03DBB283F06303BC
:10078000E0540130B0F5807F05F8013FD6D1FF2459
:100790008B7BDFF80CE102934B7ADFF808C10393FF
:1007A0004B7B414F0493CB7ADFF800B10593404B6C
:1007B000DFF800A10193404BDFF80091DFF8DC8007
:1007C000009306A812F8013B13F0800F0CBF002124
:1007D0001B2143F3060581EA4501C9B203EB03255A
:1007E00041EA05254B40009985EA036341F8043B43
:1007F00000914FEA33614BF8041B4FEA33414AF84A
:10080000041B18F8011B4FEA332349F8043B002965
:100810003ED046AB5B5C03995918B1FBF4F5C5EBD0
:100820000525491B465C04995918B1FBF4F5C5EB45
:100830000525491B415C029D09041D4441EA06212E
:10084000B5FBF4F6C6EB0626AD1B455D6940059D7C
:100850002B44B3FBF4F5C5EB05255B1BC35C1B0602
:100860004B40019941F8043B01914FEA33614EF846
:10087000041B4FEA33414FEA332347F8043B104B44
:100880004CF8041B93429DD10DF5077DBDE8F08F18
:100890000B46E5E7E8D4033010F6033010E50330EB
:1008A00010DD033010D9033010D5033010EE0330C3
:1008B00010E1033010EA033010F2033010E6033089
:1008C00010F703302DE9F04FD0F8048097B000F115
:1008D0000807054600920EA804220E46EDF7FBF924
:1008E00057F828300E9A07EB88045340042200275B
:1008F000B1180DA80E93EDF7EEF963680D9A06F1A5
:10090000080153400DA804220F93EDF7E4F9A36802
:100910000D9A06F10C0153400DA804221093EDF737
:10092000DAF9E3680D9ADFF808C2534002932B68A6
:10093000DFF800E25B10013B01930E9BDFF8F881CA
:100940000393109BDFF8F49104930F9B02A8059387
:10095000303407C854F8205C54E9076A069554F807
:10096000145C2034079554F8305C089554F82C5CDE
:10097000099554F8285C0A9554F8245C0B95019D60
:10098000002D00F3DF801FB9DDE90423DDE902015A
:10099000DFF8A0E1CCB21F0E5EF827705CF82440AF
:1009A000069DDFF894817C406540C0F3072458F829
:1009B0002440624F6540C2F3074457F824404FEA91
:1009C00012696540DCB25EF829905CF8244012950B
:1009D00084EA09047440C1F3072658F826604FEAF8
:1009E00010697440C0F3074657F826605EF82990F6
:1009F0007440D6B25CF82660C0B286EA0906C3F33A
:100A0000072958F8299086EA0A0686EA0909C1F3F7
:100A10000746090E5EF821105CF82000C2F3072299
:100A20004840079958F82220C3F3074357F823306A
:100A3000484050405840424B220E995CEAB257F869
:100A400026609A5C089F89EA06067A4082EA01627B
:100A5000C0F30721595C139482EA0122C6F30741CF
:100A6000595C149682EA014C310E5F5CE1B2099A3E
:100A7000595CCDF838C0514081EA0761C5F30727BA
:100A8000DF5D159081EA0721C0F30747DF5D0A9A11
:100A900081EA07410F91010E5F5CF1B2595CC0B26F
:100AA000514081EA0761C4F30727DF5D0B9A81EAB1
:100AB0000721C5F30747DF5D2D0E81EA074110913D
:100AC000195C5D5DC6F30726985D5140C4F3074489
:100AD0001B5D81EA056181EA002181EA034304226A
:100AE0000DA90098CDF834C01193EDF7F4F8042265
:100AF0000F9B0DA90D93009B9818EDF7ECF8109B38
:100B00000DA90D93009B042203F10800EDF7E3F813
:100B1000119B04220D93009B0DA903F10C00EDF72E
:100B2000DAF820210EA8EEF75FFF17B0BDE8F08FCE
:100B300010E1033010D5033010DD033010D903303D
:100B400010E50330CFB24FEA136B5EF82BB05CF8C0
:100B50002770069D87EA0B076F40C0F3072558F8FA
:100B600025504FEA126B6F40C2F3074559F82550E4
:100B70005EF82BB06F40DDB25CF8255085EA0B05BE
:100B80007540C1F3072658F826604FEA106B754090
:100B9000C0F3074659F826605EF82BB07540D6B210
:100BA0005CF82660C0B286EA0B0686EA0A06C3F342
:100BB000072A58F82AA05CF8200086EA0A06C1F342
:100BC000074A090E5EF82110C2F307224840079930
:100BD00058F82220C3F3074359F8233048405040C7
:100BE00080EA030BFAB22B0E5CF822105EF8233079
:100BF00059F82AA05940089B86EA0A065940CBF3C7
:100C0000072358F82330320E5940C6F3074359F8EA
:100C100023305EF822205940EBB25CF823304FEAD3
:100C20001B6A5340099A5EF82AA05340C7F3072273
:100C300058F822200A985340CBF3074259F8222053
:100C40005340F2B25CF82220C6F3072682EA0A0279
:100C5000C5F3072A58F82AA0424082EA0A025FFA3E
:100C60008BF0C7F3074A3F0E59F82AA05EF82770A9
:100C70005CF8200058F8266078400B9FC5F30745C4
:100C800059F82550784070406840019D0127013D8A
:100C900082EA0A0201955DE62DE9F04FD0F8048062
:100CA00097B000F10807054600920EA804220E46F0
:100CB000EDF711F80E9A57F8283007EB88045340E7
:100CC00004220DA8B1180E93EDF705F863680D9A8C
:100CD00006F1080153400DA804220F93ECF7FBFF27
:100CE00006F10C010026A3680D9A0DA853400422BA
:100CF0001093ECF7F0FFE3680D9ADFF80CC2534055
:100D000002932B6802985B10013B01930E9BDFF866
:100D1000FCE103930F9BDFF8F8810493DFF8F49173
:100D2000109B303419460593DDE9032354F8205C09
:100D300054E9077A069554F8145C2034079554F862
:100D4000305C089554F82C5C099554F8285C0A9599
:100D500054F8245C0B95019D002D00F3DF801EB933
:100D6000DDE904310298039ADFF8A0E1D4B2060E5F
:100D70005EF826605CF82440069DDFF8948174409C
:100D80006540C3F3072458F82440624E6540C1F320
:100D9000074456F824404FEA12696540DCB25EF819
:100DA00029905CF82440129584EA09047C40C1F340
:100DB000072758F827704FEA13697C40C0F30747AC
:100DC00056F827705EF829907C40CFB25CF8277007
:100DD000090E87EA0907C0F30729C0B25EF821109F
:100DE00058F829905CF8200087EA0A0787EA090981
:100DF0004840C2F307470799C2F3072258F8222058
:100E0000C3F3074356F82330484050405840424B04
:100E1000020E995CEAB256F827709A5C089E89EA3D
:100E20000707724082EA0162C4F30721595C1394F8
:100E300082EA0122C7F30741595C149782EA014C08
:100E4000290E5E5CE1B2099A595CCDF838C0514078
:100E500081EA0661C7F307269E5D159081EA0621A7
:100E6000C0F307469E5D0A9A81EA06410F91210E62
:100E70005E5CF9B2595C3F0E514081EA0661C0F3F5
:100E800007269E5DC0B281EA0621C5F307469E5D36
:100E90000B9A81EA06411091195CDE5DC5F30725C6
:100EA000585D5140C4F307441B5D81EA066181EA45
:100EB000002181EA034304220DA90098CDF834C033
:100EC0001193ECF708FF04220F9B0DA90D93009BD3
:100ED0009818ECF700FF109B0DA90D93009B0422BE
:100EE00003F10800ECF7F7FE119B04220D93009B21
:100EF0000DA903F10C00ECF7EEFE20210EA8EEF791
:100F000073FD17B0BDE8F08F10F2033010E6033028
:100F100010EE033010EA033010F60330D6B24FEA79
:100F2000106B5EF82BB05CF82660069D86EA0B0617
:100F30006E40C3F3072558F825504FEA126B6E40F8
:100F4000C1F3074559F825505EF82BB06E40DDB26D
:100F50005CF8255085EA0B057D40C1F3072758F85A
:100F600027704FEA136B7D40C0F3074759F827708D
:100F70005EF82BB07D40CFB25CF82770090E87EA8F
:100F80000B0787EA0A07C0F3072AC0B258F82AA05D
:100F90005EF821105CF8200087EA0A074840C2F397
:100FA000074A0799C2F3072258F82220C3F30743E0
:100FB00059F823304840504080EA030BF2B24FEA20
:100FC0001B635EF823305CF8222059F82AA05A40AF
:100FD000089B87EA0A075A40C5F3072358F82330CD
:100FE000310E5A40C7F3074359F823305EF82110F9
:100FF0005A40EBB25CF823304FEA156A4B4009992E
:101000005EF82AA04B40C7F3072158F821100A9830
:101010004B40CBF3074159F82110C5F307454B402E
:10102000F9B25CF821103F0E81EA0A01CBF3072ADE
:1010300058F82AA0414081EA0A015FFA8BF0C6F312
:10104000074A59F82AA05EF827705CF82000C6F31A
:10105000072678400B9F58F8266059F825507840AD
:1010600070406840019D0126013D81EA0A01019519
:101070005CE600BF4FF48C720021ECF751BE18B152
:101080004FF48C71EEF7B0BC70470000C02AF7B582
:1010900006460D46144652D0B2F5807F51D0802AC4
:1010A00040F0C9800A23654F33603B681BB9FFF7E6
:1010B0000DFB01233B6037460023640947F8043FDA
:1010C00005EB8404042229460DEB0200ECF703FE35
:1010D0000435019BAC4247F8043FF3D133680C2B35
:1010E00031D00E2B60D00A2B26D1554D55493046B4
:1010F000A036426955F8044B8768C2F30723CB5CDE
:101100007C406340140E0C5D103083EA0443D4B27B
:101110000C5D83EA0463C2F307440C5D83EA042395
:1011200050F8044C836063400468C36063405A40D5
:10113000036142618642DCD1002003B0F0BD0C2384
:10114000B1E70E23AFE730463D4C3E4906F1C005FE
:10115000C26954F8046B8768C2F30723CB5C7E40F6
:101160007340160E8E5D183083EA0643D6B28E5D4C
:1011700083EA0663C2F307468E5D83EA062350F8CE
:101180000C6C8360734050F8086CC360734050F877
:10119000046C036173400668436173405A40836185
:1011A000C2618542D4D1C7E7254D26493046E03695
:1011B000446A55F8042B8768C4F30723CB5C7A4054
:1011C0005340220E8A5C876983EA0243E2B28A5C5A
:1011D000203083EA0263C4F307428A5C83EA022375
:1011E00050F8142C8360534050F8102CC3605340C7
:1011F00050F80C2C036153404361DAB28A5C7A40A8
:101200001F0ECF5D82EA0762C3F30727CF5DC3F3EA
:101210000743CB5C82EA072282EA034350F8042C9E
:10122000836153400268C36153405C40036244627F
:101230008642BDD180E76FF01F007EE7E4D4033023
:10124000E8D4033010F603302DE9F04FC9B002ADF9
:10125000044628460E461746FFF70CFF002331468A
:101260003A4628466360FFF711FF0646002831D151
:10127000029F039B04A903EB870301EB830251F850
:10128000233004F1180CA3605368103AE3609369AB
:1012900061462361D369904663617B1E9E462B485D
:1012A0002760BEF1000F1EDC002F4FEA0313C8BFFA
:1012B0001C46C3F10003DCBF00230024D018D35820
:1012C0000CEB04014CF8043043684B6083688B607E
:1012D000C368CB6002A84FF48C71EEF785FB3046F3
:1012E00049B0BDE8F08FA8F10404019401F1100B9E
:1012F000019DDFF85CA055F8044F0195E5B210F8A8
:101300000590250E5AF82990455DDFF848A05AF857
:101310002550DFF844A089EA0509C4F30725455D97
:10132000C4F307445AF82550045D89EA0505DFF83F
:101330002C9059F82440654041F8045B5945D7D1B9
:101340000EF1FF3EA8F11008ABE700BF10F6033026
:1013500010E1033010D5033010DD033010D9033015
:1013600010B50C46012C11461A4607D81CB9FFF7D8
:10137000A9FA002010BDFFF78FFCFAE76FF0860096
:10138000F8E72DE9F04F012989B0804614461F4641
:10139000139D6ED8002A37D013076DD1129B03EB33
:1013A000020900295DD11022A9EB040631460DEB9C
:1013B0000200ECF790FC31462A464046FFF782FADD
:1013C000002605EB060B0422594603A8ECF783FC24
:1013D000B919042203A8DDF80CA0ECF77CFC039BF0
:1013E00004228AEA0303584603A904360393ECF760
:1013F00072FC102EE5D13246384604A9ECF76BFC9E
:10140000103C05F11005CED1002009B0BDE8F08FE9
:101410000BEB0601042204A8ECF75DFC049B0AEB2D
:101420000601042204A80193ECF755FC049A019BE1
:10143000A8195A40049204A904220436ECF74BFC84
:10144000102EE5D12A4629464046FFF725FC103CE0
:10145000AA4605F1100306D01D460026A9EB040B91
:10146000D6E7BA46F9E7324629463846ECF733FC68
:10147000CAE76FF08600C8E76FF02100C5E72DE9E5
:10148000F04701298146DDE908569846DDF828A095
:101490002ED81C680F2C2BD8B71811B3BE4222D0FF
:1014A00024B92A4629464846FFF7F6FB2B5D16F875
:1014B000012B53400AF8013B2B55013404F00F0473
:1014C000ECE724B92A4629464846FFF7E5FB2B5DA1
:1014D00016F8012B53400AF8013B2A55013404F059
:1014E0000F04BE42EDD10020C8F80040BDE8F087EF
:1014F0006FF08600FAE72DE9F04714688146DDE9D0
:10150000088A0F2C17461E4617D808EB0105A84578
:1015100003D100203C60BDE8F08724B93246314653
:101520004846FFF7B9FB335D18F8012B01345340EF
:101530000AF8013B04F00F04E9E76FF08600EAE7E0
:101540002DE9F04F166889B00F2E0D46904699464A
:1015500003906AD800270C330493AF420AD30020CB
:10156000D8F800301D4405F00F05C8F8005009B048
:10157000BDE8F08FE6B94946129A0398FFF78CFB55
:10158000DDF810A00422514607A8ECF7A4FB079C45
:10159000042224BA013423BA504607A90793ECF772
:1015A0009AFBECB9CA45AAF1040319D09A46E9E7B7
:1015B000C6F110030024A5EB070A9A4528BF9A46F6
:1015C000149B03EB070B139B3B440193129B1E449C
:1015D000231D9A4506D2A2451FD800265744BCE7D2
:1015E0001023E7E70593019B0422191907A8ECF7DC
:1015F00072FB079B3119042207A80293ECF76BFBDF
:10160000079A029B0BEB04005A40079207A9042299
:10161000ECF761FB059B1C46DAE7019B325D1B5D25
:1016200053400BF804300134D5E76FF086009EE795
:1016300038B5084615461C4651B14BB11A462946E5
:10164000E2F7ECFD2068401B18BF4FF0FF3038BDBB
:101650006FF08600FBE738B504460D464FF49C72E8
:101660000021ECF75DFB04F138032363002206231D
:10167000C4E90A3245F012036360C4F8A05104F1D2
:10168000280304F59C752846C4F8283100F08AF830
:1016900029462046BDE83840E4F7F2B8C0E95423B3
:1016A0000023C0E956337047F0B51F4600230646B5
:1016B0008DB004A880E8060008AC03C884E80500E3
:1016C00007AACDE90272CDE90033304694E806005E
:1016D000129D00F075F820B91DB129460798E4F76E
:1016E000D7FD0DB0F0BD00002DE9F04395B01F46C9
:1016F0000CAB089320230AAC0546884638462146A1
:1017000009939146E4F794FD9DF82830064603B10D
:1017100018B90B2015B0BDE8F0832149E4F748F86B
:10172000002836D018F4006F35D10DF1180839466D
:101730004046E4F798FD2B6ADBB9DDE9082349460A
:1017400030460094E4F75CF80028E3D103AB1CAA10
:1017500092E8030083E8030001AB94E8030083E808
:101760000300AB6A30460093D5E90623E4F7DEF9BF
:10177000D0E7069B8BB1D5E9080184E8030098E81F
:10178000030094E80C00E5F7D4FE0028D5D02D2006
:10179000C0E70120BEE70020BCE70C20BAE700BF8D
:1017A0004C96060C10B5302200210446ECF7B8FA2E
:1017B00044F67653A380014BA36010BDE916060CD6
:1017C00082B02DE9F04FF1B0064604A880E806008B
:1017D0002AAD90E806007B93284600239DF8F4B1DB
:1017E000DDF8F881E5F712FA0421284616AAE5F794
:1017F000FFFB002207AB0DF12809CDE90139D6F82E
:101800002831ADF81820009307922846D6E94B23DB
:101810000699E4F774FC0446002840F08A80534F90
:1018200010AC0FCF0FC497E8030006F108030DF1C9
:10183000200A84E803000093CDF804A02B467168C9
:1018400016AA10A8E3F72AFF0446002871D120AF9A
:10185000BBF1000F73D039462846E5F767FB95F8D2
:10186000EE302BB93B78162B02D03D2385F8EE30B5
:10187000002399E80300C7E9043322AB87E803009B
:10188000DDE97B0183E8030098E8030026AB83E8E9
:101890000300DAF80030099A123B134363D1344B4A
:1018A0000DF1300819685A6828461B7ACDF8008077
:1018B000E5F746FC95F8EE305BBB98E80300422460
:1018C00040F60A0A0DF1380989E80300DDF81CB07A
:1018D000D6F80080B8F1000F12D099E803008DE827
:1018E00003005B46D8F808403A4640467168A04776
:1018F000044628B10B282FD82AFA00F3DA072FD490
:1019000004212846E5F7CAFB7F9B13B1079B7F9A0A
:1019100013602846E5F72AFB18B10821E3F727FFF3
:10192000044634B97368DB0403D40798E4F7C9FBB1
:101930000446204671B0BDE8F04F02B070470C4A33
:1019400024F0FF03107A1168034352682846CDF84B
:101950000080E5F7F5FB8BE72D2801D04328CFD198
:10196000D8F80080B6E75224CAE700BF6096060C9C
:101970005496060C431867D21F2A65D8013902F025
:101980001403014400B581EA000C142B0ED8DFE8E3
:1019900003F0100D0D0D3A0D0D0D0D0D0D0D0D0D6E
:1019A0000D0D420D0D0D4A001A0300D400205DF804
:1019B00004FBBCF11F0F40E800F303D941E800F13C
:1019C0009942F3D122F01402013A0A2AEED801A179
:1019D00051F822F0A919060C431A060C011A060C3C
:1019E000AD19060CAD19060CAD19060CAD19060C97
:1019F0003D1A060CA919060C371A060C011A060C1A
:101A00009A02D4D4D2E7BCF11F0F40E840F3D9D9F1
:101A100041E840F1D4E7BCF11F0F40E880F3D1D991
:101A200041E880F1CCE7BCF11F0F40E8C0F3C9D911
:101A300041E8C0F1C4E7DB02B9D4B7E75B03B5D531
:101A4000B5E75902B3D5B1E70020704780F00040F8
:101A500002E000BF81F0004142001FBF5FEA410386
:101A600092EA030F7FEA226C7FEA236C6AD04FEA86
:101A70001262D2EB1363C1BFD218414048404140CB
:101A8000B8BF5B42192B88BF704710F0004F40F47D
:101A9000000020F07F4018BF404211F0004F41F499
:101AA000000121F07F4118BF494292EA030F3FD065
:101AB000A2F1010241FA03FC10EB0C00C3F1200378
:101AC00001FA03F100F0004302D5494260EB400007
:101AD000B0F5000F13D3B0F1807F06D340084FEA72
:101AE000310102F10102FE2A51D2B1F1004F40EB67
:101AF000C25008BF20F0010040EA030070474900CF
:101B000040EB0000013A28BFB0F5000FEDD2B0FA6B
:101B100080FCACF1080CB2EB0C0200FA0CF0AABF8E
:101B200000EBC25052421843BCBFD040184370472C
:101B300092F0000F81F4000106BF80F40000013232
:101B4000013BB5E74FEA41037FEA226C18BF7FEA09
:101B5000236C21D092EA030F04D092F0000F08BF4B
:101B60000846704790EA010F1CBF0020704712F032
:101B70007F4F04D1400028BF40F00040704712F171
:101B800000723CBF00F50000704700F0004343F0D6
:101B9000FE4040F4000070477FEA226216BF08460C
:101BA0007FEA23630146420206BF5FEA412390EACF
:101BB000010F40F4800070474FF0000304E000BFC5
:101BC00010F0004348BF40425FEA000C08BF704776
:101BD00043F0964301464FF000001CE050EA01023A
:101BE00008BF70474FF000030AE000BF50EA01024F
:101BF00008BF704711F0004302D5404261EB41013C
:101C00005FEA010C02BF84460146002043F0B64360
:101C100008BFA3F18053A3F50003BCFA8CF2083A85
:101C2000A3EBC25310DB01FA02FC634400FA02FC8E
:101C3000C2F12002BCF1004F20FA02F243EB020095
:101C400008BF20F00100704702F1200201FA02FCF7
:101C5000C2F1200250EA4C0021FA02F243EB0200EA
:101C600008BF20EADC7070474FF0FF0C1CEAD0522E
:101C70001EBF1CEAD15392EA0C0F93EA0C0F6FD0EF
:101C80001A4480EA010C400218BF5FEA41211ED0CD
:101C90004FF0006343EA501043EA5111A0FB0131B9
:101CA0000CF00040B1F5000F3EBF490041EAD3718E
:101CB0005B0040EA010062F17F02FD2A1DD8B3F10A
:101CC000004F40EBC25008BF20F00100704790F079
:101CD000000F0CF0004C08BF49024CEA502040EACB
:101CE00051207F3AC2BFD2F1FF0340EAC250704791
:101CF00040F400004FF00003013A5DDC12F1190FCF
:101D0000DCBF00F000407047C2F10002410021FA40
:101D100002F1C2F1200200FA02FC5FEA310040F158
:101D2000000053EA4C0308BF20EADC70704792F0D1
:101D3000000F00F0004C02BF400010F4000F013A09
:101D4000F9D040EA0C0093F0000F01F0004C02BF04
:101D5000490011F4000F013BF9D041EA0C018FE773
:101D60000CEAD15392EA0C0F18BF93EA0C0F0AD079
:101D700030F0004C18BF31F0004CD8D180EA01009F
:101D800000F00040704790F0000F17BF90F0004F38
:101D9000084691F0000F91F0004F14D092EA0C0F1A
:101DA00001D142020FD193EA0C0F03D14B0218BFAD
:101DB000084608D180EA010000F0004040F0FE40F3
:101DC00040F40000704740F0FE4040F4400070478F
:101DD0004FF0FF0C1CEAD0521EBF1CEAD15392EA0E
:101DE0000C0F93EA0C0F69D0A2EB030280EA010CFE
:101DF00049024FEA402037D04FF0805343EA111197
:101E000043EA10130CF000408B4238BF5B0042F1F4
:101E10007D024FF4000C8B4224BF5B1A40EA0C0099
:101E2000B3EB510F24BFA3EB510340EA5C00B3EBCB
:101E3000910F24BFA3EB910340EA9C00B3EBD10FB9
:101E400024BFA3EBD10340EADC001B0118BF5FEA0B
:101E50001C1CE0D1FD2A3FF650AF8B4240EBC25034
:101E600008BF20F0010070470CF0004C4CEA5020F5
:101E70007F32C2BFD2F1FF0340EAC250704740F444
:101E800000004FF00003013A37E792F0000F00F036
:101E9000004C02BF400010F4000F013AF9D040EAB4
:101EA0000C0093F0000F01F0004C02BF490011F448
:101EB000000F013BF9D041EA0C0195E70CEAD15340
:101EC00092EA0C0F08D142027FF47DAF93EA0C0F27
:101ED0007FF470AF084676E793EA0C0F04D14B020B
:101EE0003FF44CAF08466EE730F0004C18BF31F0BD
:101EF000004CCAD130F000427FF45CAF31F00043B7
:101F00007FF43CAF5FE700BF42000ED2B2F1FE4F5C
:101F10000BD34FF09E03B3EB126209D44FEA0023B8
:101F200043F0004323FA02F070474FF0000070477F
:101F300012F1610F01D1420202D14FF0FF30704720
:101F40004FF00000704700BF53B94AB9002908BFDD
:101F500000281CBF4FF0FF314FF0FF3000F0B2B946
:101F6000ADF1080C6DE904CE00F006F8DDF804E0F0
:101F7000DDE9022304B070472DE9F04F8C46099E3D
:101F800004460F46002B48D18A4215465ED9B2FA64
:101F900082F33BB1C3F120029F409D409C4020FA58
:101FA00002F217434FEA154E1FFA85FC220CB7FBCD
:101FB000FEF10EFB117701FB0CF042EA0742904262
:101FC00007D9AA1801F1FF3702D2904200F25881D6
:101FD0003946121AA4B2B2FBFEF00EFB102200FB2F
:101FE0000CFC44EA0244A4450BD92C1900F1FF3241
:101FF0002CBF01270027A44502D9002F00F0438100
:10200000104640EA0140A4EB0C0400211EB1DC4064
:102010000023C6E90043BDE8F08F8B4206D90EB11C
:10202000C6E9000100210846BDE8F08FB3FA83F14C
:10203000002951D16345C0F01681824240F21381DC
:102040000846002EE7D0C6E90047E4E7002A00F082
:10205000AF80B2FA82F3002B40F0C2808A1A4FEAB6
:10206000154EAFB20121200CB2FBFEFC0EFB1C2270
:1020700040EA024207FB0CF090420ED9AA180CF17C
:10208000FF382CBF4FF001094FF00009904203D9EF
:10209000B9F1000F00F0F080C446121AA4B2B2FBEE
:1020A000FEF00EFB102200FB07F744EA0244A742B1
:1020B0000ED92C1900F1FF322CBF4FF0010E4FF05A
:1020C000000EA74203D9BEF1000F00F0D2801046E7
:1020D000E41B40EA0C4099E7C1F120058B400CFA63
:1020E00001F400FA01F922FA05F72CFA05FC8A40FE
:1020F0001F4320FA05F3380C23431FFA87FE1C0CFC
:10210000BCFBF0F800FB18CC44EA0C4408FB0EFCC6
:10211000A4450ED93C1908F1FF3A2CBF4FF0010B32
:102120004FF0000BA44503D9BBF1000F00F0B880BD
:10213000D046A4EB0C041FFA83FCB4FBF0F300FBC5
:10214000134403FB0EFE4CEA0444A6450ED93C1989
:1021500003F1FF302CBF4FF0010C4FF0000CA645EF
:1021600003D9BCF1000F00F09F80034643EA08400A
:10217000A4EB0E04A0FB02EC64457346E04602D3D8
:1021800007D1F14505D2BEEB02036CEB070C013819
:10219000E0465EB1B9EB030264EB080404FA05F50E
:1021A00022FA01F3CC401D43C6E90054002132E776
:1021B00042082F464B08AC4642EAC172AE46C407FD
:1021C000110C92B241EA034142EA0142B1FBF5F13E
:1021D000B3FBF5F01F23A2EB0C0241EA004142E7FA
:1021E0009D40C3F1200299409C402CFA02FC4FEA2A
:1021F000154E20FA02F2AFB2BCFBFEF80A430EFB0A
:1022000018CC110C41EA0C4108FB07FC8C4550D955
:10221000691808F1FF302CBF4FF001094FF0000999
:102220008C4502D9B9F1000F30D0A1EB0C01B1FB04
:10223000FEF808FB07FC0EFB181192B242EA0142BD
:10224000624534D2AA1808F1FF312CBF4FF00109C2
:102250004FF000096245BED2B9F1000FBBD1A8F121
:1022600002012A44B7E7841A6CEB030201201746E7
:10227000E7E62C4402382BE7ACF1020C2A440CE7C9
:1022800002392A44A5E62C440238BAE6A5EB0C0C28
:10229000A8F102006144B1FBFEF808FB07FCCAE7A5
:1022A000A8F102083C4444E7023B3C445EE7414657
:1022B00091E7A1EB0C014046B1FBFEF808FB07FCDF
:1022C000B9E700BF704700BF54464D5F43525950B5
:1022D000544F0054464D5F41545445535441544962
:1022E0004F4E5F534552564943450054464D5F504B
:1022F000524F5445435445445F53544F5241474510
:102300005F534552564943450054464D5F494E542C
:1023100045524E414C5F545255535445445F5354BB
:102320004F524147455F5345525649434500544635
:102330004D5F504C4154464F524D5F5345525649A4
:1023400043450054464D5F4649524D574152455F03
:102350005550444154455F534552564943450053F7
:10236000464E5F544553545F53544154454C455376
:10237000530053464E5F544553545F434F4E4E45B2
:102380004354494F4E5F42415345440053464E5FCC
:10239000544553545F434F4E4E454354494F4E5F4F
:1023A000524546555345440054464D5F50535F5483
:1023B0004553545F505245504152450054464D5F7D
:1023C0005345435552455F434C49454E545F535224
:1023D000565F44554D4D590054464D5F5345435546
:1023E00052455F434C49454E545F3200285B505381
:1023F0005D20456E6372797074696F6E20616C67E1
:102400003A20307825780A00536563757265003C80
:102410004572726F72202820257320290D0A0054FE
:102420004553545F53554954455F4552525F494E99
:1024300056414C49445F4441544121005445535452
:102440005F53554954455F4552525F494E56414C82
:1024500049445F544553545F4441544121003C5228
:10246000756E6E696E672054657374205375697458
:10247000652025732E2E2E0D0A003C3E20457865E2
:10248000637574696E672027257327200D0A202045
:102490004465736372697074696F6E3A202725739F
:1024A000270D0A003C20202573003C202846616946
:1024B0006C65642061742025733A2564290D0A0037
:1024C0003C20204661696C65642061742025733A64
:1024D00025640D0A003C2020544553543A202573AE
:1024E000202D204641494C4544210D0A003C202026
:1024F000544553543A202573202D20534B495050B6
:102500004544210D0A003C2020544553543A2025CF
:1025100073202D20504153534544210D0A003C4E59
:10252000756D626572206F66206661696C656420F6
:1025300074657374733A202564206F662025640DDA
:102540000A003C4E756D626572206F6620736B6980
:10255000707065642074657374733A202564206F0D
:10256000662025640D0A003C544553545355495484
:102570004520504153534544210D0A003C544553D6
:10258000545355495445204641494C4544210D0A70
:10259000003C0D0A23232323204578656375746569
:1025A00020746573742073756974657320666F7227
:1025B00020746865202573206172656120232323C0
:1025C000230D0A003C0D0A2A2A2A2025732074654F
:1025D0007374207375697465732073756D6D6172A2
:1025E00079202A2A2A0D0A003C54657374207375D9
:1025F000697465202725732720686173003C20508B
:1026000041535345440D0A003C204641494C454442
:102610000D0A003C0D0A2A2A2A20456E64206F66A6
:102620002025732074657374207375697465732035
:102630002A2A2A0D0A003C1B5B25646D008569531C
:1026400069676E617475726500846A5369676E614B
:1026500074757265310074662D6D2D7465737473B5
:102660002F74657374735F7265672F746573742F4D
:102670007365637572655F66772F737569746573CB
:102680002F6174746573746174696F6E2F73656301
:102690007572652F6174746573745F6173796D6DA4
:1026A00065747269635F735F696E74657266616396
:1026B000655F7465737473756974652E6300417426
:1026C000746573746174696F6E2073686F756C6480
:1026D000206661696C207769746820746F6F20626E
:1026E0006967206368616C6C656E6765206F626AFC
:1026F000656374003C7073615F696E697469616CD5
:102700005F6174746573745F6765745F746F6B6524
:102710006E5F73697A6528292072657475726E65BB
:10272000643A2025640D0A00417474657374207442
:102730006573742074666D5F6174746573745F741F
:102740006573745F313030322829206861732066E8
:1027500061696C6564004174746573746174696F58
:102760006E2073686F756C64206661696C20776990
:10277000746820746F6F20736D616C6C20746F6B64
:10278000656E20627566666572003C6465636F64A1
:10279000655F746573745F6E6F726D616C5F736992
:1027A0006728292072657475726E65643A20256405
:1027B0000D0A0041747465737420746F6B656E202C
:1027C0006465636F64655F746573745F6E6F726D6B
:1027D000616C5F736967282920686173206661698D
:1027E0006C656400496E697469616C20417474653C
:1027F00073746174696F6E205365727669636520C6
:1028000073656375726520696E7465726661636570
:102810002074657374732854464D5F535F4154545C
:102820004553545F544553545F3158585829005408
:10283000464D5F535F4154544553545F5445535480
:102840005F31303031004543445341207369676E36
:1028500061747572652074657374206F662061748D
:102860007465737420746F6B656E0054464D5F53CE
:102870005F4154544553545F544553545F31303095
:1028800032004E65676174697665207465737420E3
:10289000636173657320666F7220696E6974696124
:1028A0006C206174746573746174696F6E207365F4
:1028B0007276696365003C50333834206973207543
:1028C0006E737570706F727465642E20536B6970CF
:1028D00070696E672E2E2E0D0A0074662D6D2D7494
:1028E000657374732F74657374735F7265672F7487
:1028F0006573742F7365637572655F66772F737583
:10290000697465732F63727970746F2F7365637563
:1029100072652F63727970746F5F7365635F696E40
:10292000746572666163655F7465737473756974E9
:10293000652E63004661696C656420746F20696D63
:10294000706F7274206B65790053686F756C6420CA
:102950006E6F742062652061626C6520746F206404
:10296000657374726F79206B65792066726F6D2064
:10297000616E6F7468657220706172746974696FDA
:102980006E004572726F722064657374726F79693C
:102990006E672061206B6579005448495320495384
:1029A000204D59204B4559310043727970746F2086
:1029B00073656375726520696E74657266616365BF
:1029C000207465737473202854464D5F535F4352DF
:1029D0005950544F5F544553545F3158585829004B
:1029E00054464D5F535F43525950544F5F544553C3
:1029F000545F3130303100536563757265204B652B
:102A000079206D616E6167656D656E7420696E74A5
:102A10006572666163650054464D5F535F4352596A
:102A200050544F5F544553545F313030320053653A
:102A3000637572652053796D6D6574726963206585
:102A40006E6372797074696F6E20284145532D3121
:102A500032382D4342432920696E74657266616382
:102A6000650054464D5F535F43525950544F5F5475
:102A70004553545F313030330053656375726520C0
:102A800053796D6D657472696320656E63727970D8
:102A900074696F6E20284145532D3132382D4346DD
:102AA000422920696E746572666163650054464D03
:102AB0005F535F43525950544F5F544553545F31F5
:102AC000303035005365637572652053796D6D65DF
:102AD0007472696320656E6372797074696F6E20B9
:102AE000284145532D3132382D4354522920696EE7
:102AF000746572666163650054464D5F535F43526F
:102B00005950544F5F544553545F31303036005361
:102B100065637572652053796D6D657472696320A4
:102B2000656E6372797074696F6E20284145532D0C
:102B30003235362D4354522920696E7465726661B0
:102B400063650054464D5F535F43525950544F5F85
:102B5000544553545F3130303700536563757265A7
:102B60002053796D6D657472696320656E63727947
:102B70007074696F6E20696E76616C696420636938
:102B8000706865720054464D5F535F43525950540C
:102B90004F5F544553545F3130303800536563758F
:102BA00072652053796D6D657472696320656E631B
:102BB00072797074696F6E20696E76616C696420D9
:102BC00063697068657220284145532D313532297B
:102BD0000054464D5F535F43525950544F5F544524
:102BE00053545F313030390053656375726520533B
:102BF000796D6D657472696320656E637279707446
:102C0000696F6E20696E76616C69642063697068B3
:102C100065722028484D41432D3132382D434642BC
:102C2000290054464D5F535F43525950544F5F54EF
:102C30004553545F31303130005365637572652000
:102C4000556E737570706F72746564204861736837
:102C500020285348412D312920696E7465726661C0
:102C600063650054464D5F535F43525950544F5F64
:102C7000544553545F31303131005365637572658B
:102C8000204861736820285348412D32323429206E
:102C9000696E746572666163650054464D5F535F8B
:102CA00043525950544F5F544553545F3130313281
:102CB0000053656375726520486173682028534826
:102CC000412D3235362920696E74657266616365FF
:102CD0000054464D5F535F43525950544F5F544523
:102CE00053545F3130313900536563757265205537
:102CF0006E737570706F7274656420484D41432027
:102D0000285348412D312920696E746572666163CC
:102D1000650054464D5F535F43525950544F5F54C2
:102D20004553545F3130323000536563757265200E
:102D3000484D414320285348412D323536292069DA
:102D40006E746572666163650054464D5F535F4300
:102D5000525950544F5F544553545F313032340010
:102D600053656375726520484D41432077697468E7
:102D7000206C6F6E67206B657920285348412D3297
:102D800032342920696E7465726661636500544649
:102D90004D5F535F43525950544F5F544553545FF6
:102DA00031303330005365637572652041454144CD
:102DB00020284145532D3132382D43434D29206978
:102DC0006E746572666163650054464D5F535F4380
:102DD000525950544F5F544553545F313033310092
:102DE0005365637572652041454144202841455330
:102DF0002D3132382D47434D2920696E7465726636
:102E00006163650054464D5F535F43525950544FC0
:102E10005F544553545F31303332005365637572EC
:102E200065206B657920706F6C69637920696E74B9
:102E30006572666163650054464D5F535F43525946
:102E400050544F5F544553545F3130333300536512
:102E500063757265206B657920706F6C696379208A
:102E6000636865636B207065726D697373696F6EFB
:102E7000730054464D5F535F43525950544F5F5453
:102E80004553545F31303335004B657920616363BE
:102E900065737320636F6E74726F6C0054464D5F80
:102EA000535F43525950544F5F544553545F313030
:102EB000333600536563757265204145414420698E
:102EC0006E746572666163652077697468207472D8
:102ED000756E6361746564206175746820746167E0
:102EE00020284145532D3132382D43434D2D38296B
:102EF0000054464D5F535F43525950544F5F544501
:102F000053545F3130333700536563757265205415
:102F10004C5320312E3220505246206B657920646C
:102F2000657269766174696F6E0054464D5F535FD8
:102F300043525950544F5F544553545F31303338E6
:102F40000053656375726520544C532D312E322029
:102F500050534B2D746F2D4D6173746572536563BF
:102F6000726574206B657920646572697661746935
:102F70006F6E0054464D5F535F43525950544F5F3C
:102F8000544553545F31303339005365637572656E
:102F900020484B4446206B657920646572697661F0
:102FA00074696F6E0054464D5F535F4352595054DD
:102FB0004F5F544553545F3130343000536563756F
:102FC00072652045434448206B65792061677265CE
:102FD000656D656E740054464D5F535F43525950A2
:102FE000544F5F544553545F31303431005365635F
:102FF0007572652053796D6D657472696320656EB5
:103000006372797074696F6E20284145532D313297
:10301000382D4F46422920696E746572666163657A
:103020000054464D5F535F43525950544F5F5445CF
:1030300053545F31303432005365637572652053E9
:10304000796D6D657472696320656E6372797074F1
:10305000696F6E20284145532D3132382D4543424A
:103060002920696E746572666163650054464D5F20
:10307000535F43525950544F5F544553545F31305E
:10308000343300536563757265204173796D6D65E6
:103090007472696320656E6372797074696F6E20F3
:1030A000696E7465726661636520285253412D4FC5
:1030B000414550290054464D5F535F435259505487
:1030C0004F5F544553545F3130343400536563755A
:1030D0007265204173796D6D657472696320656EE8
:1030E0006372797074696F6E20696E74657266615F
:1030F000636520285253412D504B4353315631358F
:10310000290054464D5F535F43525950544F5F540A
:103110004553545F31303435005365637572652013
:103120005369676E20616E642076657269667920E6
:103130006D65737361676520696E7465726661633E
:1031400065202844455445524D494E4953544943FE
:103150005F45434453412D53454350323536523138
:103160002D534841323536290054464D5F535F4355
:10317000525950544F5F544553545F3130353400E9
:10318000536563757265207369676E20616E642094
:10319000766572696679206861736820696E746506
:1031A0007266616365202845434453412D5345436E
:1031B0005032353652312D5348413235362900547C
:1031C000464D5F535F43525950544F5F54455354DB
:1031D0005F3130353600536563757265205369671A
:1031E0006E20616E6420766572696679206861730D
:1031F0006820696E74657266616365202845434482
:1032000053412D5345435033383452312D534841A7
:10321000333834290054464D5F535F43525950545C
:103220004F5F544553545F313034360053656375F6
:1032300072652053796D6D657472696320656E6384
:1032400072797074696F6E20284145532D31323880
:103250002D4342432D504B4353372920696E7465EB
:1032600072666163650054464D5F535F4352595027
:10327000544F5F544553545F3130343700536563C6
:103280007572652053796D6D657472696320656E22
:103290006372797074696F6E20284145532D313205
:1032A000382D4342432D504B4353372920696E74C8
:1032B0006572666163652C2073686F727465720055
:1032C00054464D5F535F43525950544F5F544553DA
:1032D000545F31303438005365637572652053791B
:1032E0006D6D657472696320656E6372797074695F
:1032F0006F6E20284145532D3132382D4342432DE6
:10330000504B4353372920696E746572666163655B
:103310002C206C6F6E6765720054464D5F535F439F
:10332000525950544F5F544553545F313035330038
:10333000536563757265205253415353412D505369
:1033400053207369676E6174757265207665726962
:103350006669636174696F6E20285253415353410B
:103360002D5053532D534841323536290054464D84
:103370005F535F43525950544F5F544553545F312C
:103380003035350053656375726520617574686505
:103390006E74696361746F72206261736564206F1B
:1033A0006E20414541440054464D5F535F4352599E
:1033B00050544F5F544553545F3130353700536597
:1033C000637572652053503830302D3130382043CA
:1033D0006F756E74657220434D4143206B65792093
:1033E00064657269766174696F6E003C7073615FC9
:1033F000696D706F72745F6B6579206661696C6569
:10340000643A203078253038780A003C4661696C8F
:10341000656420746F207365747570206F706572B9
:103420006174696F6E3A203078253038780A003C34
:103430004661696C656420746F20736574206361F4
:10344000706163697479203078253038780A003CDF
:103450004661696C656420746F20696E70757420B4
:103460006B65793A203078253038780A003C46611F
:10347000696C656420746F20696E707574206C616E
:1034800062656C3A203078253038780A003C466115
:10349000696C656420746F20696E70757420636F49
:1034A0006E746578743A203078253038780A003C9C
:1034B0004661696C656420746F206F7574707574F3
:1034C00020646572697665642062797465733A2058
:1034D0003078253038780A003C4465726976656436
:1034E000206F7574707574206D69736D6174636895
:1034F000210A00303132333435363738396162636E
:103500006465660074662D6D2D74657374732F7415
:10351000657374735F7265672F746573742F736559
:10352000637572655F66772F7375697465732F6352
:10353000727970746F2F63727970746F5F746573D2
:1035400074735F636F6D6D6F6E2E63004572726F83
:103550007220696D706F7274696E672061206B658F
:1035600079004572726F722067657474696E6720A6
:103570006B6579206D657461646174610054686580
:10358000206E756D626572206F66206B65792062B2
:1035900069747320697320646966666572656E7408
:1035A0002066726F6D206578706563746564005481
:1035B00068652074797065206F6620746865206B7B
:1035C000657920697320646966666572656E74202A
:1035D00066726F6D2065787065637465640045720E
:1035E000726F72206578706F7274696E67206120E7
:1035F0006B6579004E756D626572206F6620627929
:10360000746573206F66206578706F7274656420CE
:103610006B657920646966666572656E7420667292
:103620006F6D206578706563746564004578706FB0
:1036300072746564206B657920646F65736E27749E
:10364000206D617463682074686520696D706F72A5
:10365000746564206B6579004572726F72206465D1
:103660007374726F79696E6720746865206B657911
:10367000004B65792049442073686F756C64206243
:103680006520696E76616C6964206E6F77005053B7
:1036900041206973206E6F742063617061626C6594
:1036A000206F662068616E646C696E67207468655F
:1036B0002073706563696669656420636970686515
:1036C0007220616C676F726974686D2E0048617258
:1036D00064636F64656420495620646F6573206E6F
:1036E0006F74206D6174636820636970686572200F
:1036F000626C6F636B206C656E67746800526571F5
:1037000075657374656420696E707574206C656E80
:1037100067746820697320677265617465722074CC
:1037200068616E20737570706F7274656400416CAF
:10373000676F726974686D204E4F54205355505016
:103740004F525445442062792074686520696D7039
:103750006C656D656E746174696F6E004572726F31
:10376000722073657474696E672075702063697068
:10377000686572206F7065726174696F6E206F6228
:103780006A656374004572726F7220736574746940
:103790006E6720746865204956206F6E20746865D6
:1037A00020636970686572206F7065726174696FFB
:1037B0006E206F626A656374004572726F72206575
:1037C0006E6372797074696E67206F6E65206368CE
:1037D000756E6B206F6620696E666F726D617469BD
:1037E0006F6E00457870656374656420656E637202
:1037F0007970746564206C656E67746820697320E5
:10380000646966666572656E742066726F6D2065A8
:1038100078706563746564004572726F72206669C2
:103820006E616C6973696E67207468652063697086
:10383000686572206F7065726174696F6E0045789B
:1038400070656374656420656E6372797074656415
:103850005F6C656E6774682069732064696666656D
:1038600072656E74207468616E206578706563742B
:103870006564004572726F722073657474696E6757
:103880002074686520495620666F722064656372F3
:10389000797074696F6E004572726F72206465632F
:1038A00072797074696E67206F6E65206368756EDB
:1038B0006B206F6620696E666F726D6174696F6EE2
:1038C000004578706563746564206465637279701F
:1038D000746564206C656E67746820697320646920
:1038E00066666572656E742066726F6D20657870AD
:1038F00065637465640044656372797074656420FF
:103900006461746120646F65736E2774206D6174E7
:103910006368207769746820706C61696E207465D3
:103920007874004572726F722061626F7274696E92
:103930006720746865206F7065726174696F6E00CE
:103940003031323334353637383930313233340070
:10395000556E6578706563746564204956206C65A2
:103960006E6774682067726561746572207468613F
:103970006E20313620666F72207468697320616C26
:10398000672F6B65792074797065004572726F726C
:1039900020656E6372797074696E672077697468E8
:1039A000207468652073696E676C652D73686F7429
:1039B00020415049004572726F72206465637279CC
:1039C0007074696E67207769746820746865207305
:1039D000696E676C652073686F74204150490055AB
:1039E0006E6578706563746564206F757470757446
:1039F000206C656E67746800456E637279707465DB
:103A000064206C656E6774682064696666657265BB
:103A10006E742066726F6D2065787065637465647E
:103A200000506164646564206D6F64652066696E32
:103A3000616C206F7574707574206C656E67746846
:103A400020756E657870656374656400556E2D70C1
:103A50006164646564206D6F64652066696E616C85
:103A6000206F7574707574206C656E67746820754E
:103A70006E65787065637465640053696E676C6524
:103A80002D73686F7420637279707420646F65732E
:103A90006E2774206D617463682077697468206D87
:103AA000756C74697061727420637279707400410E
:103AB000667465722066696E616C6973696E672CE5
:103AC00020756E65787065637465642064656372E3
:103AD0007970746564206C656E67746800546869F9
:103AE00073206973206D7920706C61696E746578DC
:103AF0007420746F20656E63727970742C20343872
:103B0000206279746573206C6F6E67210053686F53
:103B1000756C64206E6F742063617061626C6520E7
:103B20006F662068616E646C696E672074686520DA
:103B3000737065636966696564206369706865723E
:103B400020616C676F726974686D2E0053686F75C1
:103B50006C64206E6F742073756363657373667530
:103B60006C6C7920736574757020616E20696E7657
:103B7000616C6964206369706865720053686F7571
:103B80006C64206E6F742062652063617061626C8A
:103B900065206F662068616E646C696E672074686A
:103BA0006520737065636966696564206861736820
:103BB00020616C6700505341206973206E6F742040
:103BC00063617061626C65206F662068616E646C11
:103BD000696E6720746865207370656369666965DE
:103BE00064206861736820616C676F726974686DC6
:103BF0002E0054686973206973206D792074657391
:103C000074206D6573736167652C20706C656173DA
:103C1000652067656E6572617465206120686173F7
:103C20006820666F7220746869732E004572726F27
:103C3000722073657474696E672075702068617393
:103C400068206F7065726174696F6E206F626A655B
:103C50006374004572726F72207570646174696E6E
:103C600067207468652068617368206F7065726191
:103C700074696F6E206F626A656374004572726F5B
:103C80007220766572696679696E6720746865204E
:103C900068617368206F7065726174696F6E206F00
:103CA000626A656374004572726F72207573696E23
:103CB00067207468652073696E676C652073686F30
:103CC00074204150490053686F756C64206E6F74A6
:103CD000207375636365737366756C6C79207365A7
:103CE00074757020616E20756E737570706F72746C
:103CF0006564204D414320616C67005468697320FE
:103D00006973206D792074657374206D65737361B8
:103D100067652C20706C656173652067656E6572E0
:103D2000617465206120686D616320666F72207424
:103D30006869732E004572726F72207573696E67C1
:103D4000207468652073696E676C652073686F7492
:103D50002041504920666F7220636F6D70757469E1
:103D60006E67206D61630053696E676C65207368D0
:103D70006F7420415049206D616320646F6573202A
:103D80006E6F74206D61746368207265666572651C
:103D90006E6365004572726F72207573696E67207D
:103DA0007468652073696E676C652073686F742032
:103DB00041504920666F7220766572696679696E36
:103DC00067206D6163004572726F72207365747451
:103DD000696E67207570206D6163206F7065726118
:103DE00074696F6E206F626A656374004572726FEA
:103DF0007220647572696E67206D6163206F7065F3
:103E0000726174696F6E004572726F7220647572B0
:103E1000696E672066696E616C6973696E6720748C
:103E20006865206D6163206F7065726174696F6E83
:103E3000004572726F7220706572666F726D696E86
:103E400067204145414420656E6372797074696FE3
:103E50006E00456E6372797074656420646174618C
:103E6000206C656E67746820697320646966666596
:103E700072656E74207468616E2065787065637415
:103E8000656400456E637279707465642064617462
:103E900061206C656E6774682069732061626F765B
:103EA0006520746865206D6178696D756D20657831
:103EB0007065637465642076616C75650045727227
:103EC0006F7220706572666F726D696E6720414512
:103ED00041442064656372797074696F6E00446553
:103EE000637279707465642064617461206C656EBE
:103EF00067746820697320646966666572656E74AC
:103F00002066726F6D20706C61696E2074657874C4
:103F1000003C7073615F616561645F656E637279B7
:103F200070745F736574757028293A20416C676FEF
:103F3000726974686D204E4F5420535550504F5243
:103F40005445442062792074686520696D706C6501
:103F50006D656E746174696F6E202D20736B69706E
:103F6000206D756C746970617274204150492066CF
:103F70006C6F770D0A004572726F722073657474EE
:103F8000696E6720757020656E6372797074696FF1
:103F90006E206F626A656374003C7073615F616577
:103FA00061645F7365745F6C656E677468732829FC
:103FB0003A20416C676F726974686D204E4F5420CF
:103FC000535550504F5254454420627920746865CF
:103FD00020696D706C656D656E746174696F6E20BB
:103FE0002D20736B6970206D756C746970617274CB
:103FF0002041504920666C6F770D0A004572726F40
:10400000722073657474696E67206C656E6774687E
:1040100073003C7073615F616561645F7365745FB9
:104020006E6F6E636528293A20416C676F72697400
:10403000686D204E4F5420535550504F52544544B4
:104040002062792074686520696D706C656D656E9D
:10405000746174696F6E202D20736B6970206D75AB
:104060006C7469706172742041504920666C6F777E
:104070000D0A004572726F722073657474696E6701
:10408000206E6F6E6365004572726F72207570648A
:104090006174696E67206164646974696F6E616CD4
:1040A0002064617461004572726F722066696E618E
:1040B0006C6973696E6720746865204145414420CE
:1040C0006F7065726174696F6E0053696E676C65BD
:1040D0002073686F742074616720646F6573206E4D
:1040E0006F74206D617463682077697468206D75E2
:1040F0006C7469706172740053696E676C652073CB
:10410000686F7420656E6372797074656420646191
:10411000746120646F6573206E6F74206D617463C9
:10412000682077697468206D756C74697061727449
:10413000004572726F722073657474696E672075C2
:10414000702041454144206F626A65637400457286
:10415000726F7220647572696E672064656372792C
:104160007074696F6E004572726F72207665726945
:104170006679696E67207468652041454144206F07
:104180007065726174696F6E00546F74616C206445
:104190006563727970746564206C656E67746820FD
:1041A000646F6573206E6F74206D61746368207333
:1041B000697A65206F6620706C61696E207465781D
:1041C0007400303132333435363738393000546882
:1041D0006973206973206D79206173736F636961FE
:1041E000746564206461746120746F206175746803
:1041F000656E7469636174650053686F756C6420E3
:104200006E6F74207375636365737366756C6C7918
:1042100020696D706F7274207769746820616E20F8
:10422000696E76616C6964206B6579206C656E6778
:10423000746800556E657870656374656420757385
:104240006167652076616C756500556E657870658F
:104250006374656420616C676F726974686D207641
:10426000616C756500556E65787065637465642072
:104270006B6579206C69666574696D652076616C23
:104280007565004661696C656420746F20696D70A6
:104290006F72742061206B6579004661696C65649A
:1042A00020746F207365747570206369706865721F
:1042B000206F7065726174696F6E004661696C652C
:1042C0006420746F2061626F727420636970686526
:1042D00072206F7065726174696F6E005761732030
:1042E00061626C6520746F207365747570206369FA
:1042F00070686572206F7065726174696F6E207787
:104300006974682077726F6E6720616C670053680C
:104310006F756C64206E6F742062652061626C65DD
:1043200020746F206578706F7274206B65792077C8
:104330006974686F757420636F7272656374207539
:1043400073616765004661696C656420746F206401
:10435000657374726F79206B6579003C616C673AA4
:104360002025782C206E6F745F7065726D69745FA4
:10437000616C673A2025782E20556E61626C65204D
:10438000746F2066696E642074776F20436970686B
:10439000657220616C67732E20536B697070696E53
:1043A000672E2E2E0D0A00556E737570706F727425
:1043B0006564206B65792061677265656D656E74F3
:1043C00020616C676F726974686D004572726F72FC
:1043D00020696D706F7274696E67207468652070F3
:1043E000726976617465206B6579004572726F72CF
:1043F0002065787472616374696E672074686520E3
:104400007075626C6963206B6579206173207065DB
:104410006572206B6579004572726F7220706572EB
:10442000666F726D696E672073696E676C65207365
:1044300074657020726177206B65792061677265A1
:10444000656D656E7400416772656564206B6579A2
:104450002073697A65206973206469666665726590
:104460006E74207468616E2065787065637465642D
:104470002100436F6D7075746564207368617265A7
:10448000642073656372657420646F6573206E6F5A
:1044900074206D6174636820746865207265666558
:1044A00072656E636521004661696C656420746F96
:1044B00020696D706F727420736563726574004655
:1044C00061696C656420746F207365747570206415
:1044D000657269766174696F6E206F706572617460
:1044E000696F6E004661696C656420746F20696E47
:1044F0007075742073656564004661696C6564203D
:10450000746F20696E707574206B657900466169FF
:104510006C656420746F20696E707574206C6162C4
:10452000656C004661696C656420746F20696E700B
:1045300075742073616C74004661696C65642074E5
:104540006F20696E70757420696E666F00466169D0
:104550006C656420746F207365742063617061639F
:10456000697479004661696C656420746F20696EB6
:1045700070757420636F6E7465787400556E737512
:1045800070706F72746564206465726976617469B5
:104590006F6E20616C676F726974686D0046616947
:1045A0006C656420746F206F7574707574206B6512
:1045B00079003C52756E6E696E672053503830300A
:1045C0002D31303820434D414320766563746F723E
:1045D00020233120287769746820636F6E746578B2
:1045E00074292E2E2E0A00566563746F72202331B3
:1045F000206661696C6564003C52756E6E696E6719
:104600002053503830302D31303820434D41432035
:10461000766563746F722023322028776974686F1F
:10462000757420636F6E74657874292E2E2E0A00BF
:10463000566563746F72202332206661696C65640D
:10464000003C416C6C2053503830302D31303820D4
:10465000434D4143207465737420766563746F72B3
:1046600073207061737365640A0001020304050618
:104670000708090A0B0C0D0E0D0F005053415F4146
:104680004C475F53503830305F3130385F434F55BF
:104690004E5445522053616D706C650053616D70CE
:1046A0006C65206B6579206372656174696F6E203B
:1046B000766961205350203830302D3130387231D6
:1046C00020436F756E746572206D6F6465003C5099
:1046D000B55A13B949AD25B4B40FC37F553836B5B3
:1046E0009FA0D074B73C83176D4C105FC217838EA8
:1046F000C4A1B07B8ABEA8F100556E737570706F4F
:1047000072746564206173796D6D6574726963207C
:10471000656E6372797074696F6E20616C676F7219
:104720006974686D004572726F7220726574726987
:104730006576696E672061747472696275746573F9
:1047400020666F7220696D706F72746564206B658E
:104750007900556E6578706563746564206C656E6C
:1047600067746820666F722074686520696D706F69
:1047700072746564206B6579003C7073615F61736E
:10478000796D6D65747269635F656E63727970745B
:1047900028293A20416C676F726974686D204E4F0A
:1047A0005420535550504F52544544206279207440
:1047B000686520696D706C656D656E746174696F94
:1047C0006E2C20736B697070696E672E2E2E0D0A29
:1047D000004572726F7220656E6372797074696ED3
:1047E000672074686520706C61696E746578740008
:1047F000556E657870656374656420656E63727963
:1048000070746564206C656E677468004572726FC1
:104810007220647572696E67206173796D6D65745D
:104820007269632064656372797074696F6E005594
:104830006E65787065637465642064656372797011
:10484000746564206C656E677468005468697320D1
:10485000697320746865206D657373616765207482
:10486000686174204920776F756C64206C696B6592
:1048700020746F20656E6372797074005075626C7D
:104880006963206B6579206578706F72742066614A
:10489000696C65642100556E657870656374656444
:1048A000206C656E67746820666F7220746865207E
:1048B0007075626C6963206B657921004578706F53
:1048C00072746564204543445341207075626C697D
:1048D00063206B657920646F6573206E6F74206D43
:1048E0006174636820746865207265666572656EC0
:1048F000636521003C416C676F726974686D204E7E
:104900004F5420535550504F525445442062792003
:1049100074686520696D706C656D656E746174692D
:104920006F6E20666F72207369676E696E672C20E8
:10493000636F6E74696E756520746F207665726939
:104940006669636174696F6E2E2E2E0D0A004D65C7
:104950007373616765207369676E696E672066614E
:10496000696C65642100556E657870656374656473
:10497000207369676E6174757265206C656E67740B
:1049800068005369676E617475726520646F657342
:10499000206E6F74206D6174636820746865207286
:1049A00065666572656E63652100416C676F72694B
:1049B00074686D204E4F5420535550504F525445FB
:1049C000442062792074686520696D706C656D653E
:1049D0006E746174696F6E20666F7220766572699D
:1049E0006669636174696F6E005369676E6174759F
:1049F000726520766572696669636174696F6E209D
:104A00006661696C656421004572726F7220696D20
:104A1000706F7274696E6720746865207075626C5F
:104A20006963206B65790048617368696E672073FC
:104A3000746570206661696C65642100556E6578E7
:104A40007065637465642068617368206C656E6767
:104A5000746820696E207468652068617368696E87
:104A600067207374657021005369676E6174757295
:104A70006520766572696669636174696F6E206628
:104A800061696C656420696E207468652076657262
:104A90006966795F68617368210054686973206989
:104AA0007320746865206D65737361676520746831
:104AB0006174204920776F756C64206C696B652088
:104AC000746F207369676E0063757276655F7365D6
:104AD0006C6563746F72206D7573742062652065F8
:104AE00069746865722030206F72203100466169F8
:104AF0006C7572652068617368696E67207468659B
:104B0000206D657373616765206265666F726520ED
:104B10007369676E696E6720746865206861736881
:104B20002100556E657870656374656420686173F3
:104B300068206C656E67746821003C686173683A30
:104B40002025730D0A0048617368207369676E69D8
:104B50006E67206661696C656421003C7369676EED
:104B600061747572653A2025730D0A005369676E8A
:104B700061747572652076657269666963617469CE
:104B80006F6E20666F72207468652070726F766930
:104B90006465642068617368206661696C6564217E
:104BA000005369676E617475726520766572696617
:104BB00069636174696F6E206661696C6564206900
:104BC0006E20746865207665726966795F6D6573BD
:104BD0007361676521003C556E61626C6520746F7E
:104BE00020696D706F727420746865206B65790D33
:104BF0000A003C7374617475732069732025640D19
:104C00000A003C556E61626C6520746F20637265AA
:104C100061746520746865207265666572656E638F
:104C2000652074616720666F722074686520766104
:104C30006C6964207365742025642C20616C673A6C
:104C400020307825780D0A003C52454628302954FA
:104C500041473A20003C307825782C20003C0D0A52
:104C6000003C73746174757320776974682074658F
:104C70007374302069732025640D0A003C737461DD
:104C80007475732077697468207265663020697363
:104C90002025640D0A003C556E61626C6520746FBE
:104CA000206372656174652074686520726566654D
:104CB00072656E63652074616720666F7220746828
:104CC0006520696E76616C69642073657420256463
:104CD0002C20616C673A20307825780D0A003C5210
:104CE00045462831295441473A20003C7374617489
:104CF00075732077697468207465737431206973E3
:104D00002025640D0A003C73746174757320776903
:104D1000746820726566312069732025640D0A006D
:104D2000C88B74C62450EED8E9220D983A11C601FA
:104D300000656438666161323365323862316635E8
:104D4000313633346638656339646332343932302E
:104D5000663364613137623437363833386533301F
:104D600064313034613664613732643438613431EF
:104D700038003034343163366663633561346262DF
:104D800037303435613762323565353062333265FC
:104D9000643032613864613838653162333463328B
:104DA0003731353733383563343561626632353102
:104DB0003762313735616335303561393965346291
:104DC000376464646437626662623435353139321F
:104DD0003764333333333862316237303561666478
:104DE000326266323761613462643337353065640C
:104DF0003334396600636564393231353861613581
:104E0000366462326263323635653132353330654D
:104E100038306365666531626562623164333634A9
:104E2000376436373836303063313439616636307E
:104E300065616235653863343361343066363063BA
:104E4000373130343433303066366461356436633C
:104E5000623339653700303438633938653132337D
:104E6000386664366365633730646634356361641D
:104E7000306536653363333635336461323532300D
:104E80003263626565643633643937326135303395
:104E90003062656635626266303931653238666126
:104EA00065373831633164373332373164383762CC
:104EB0006637353230633566383931646338396185
:104EC00030313663656662373831386433363632AE
:104ED0006561343231626334303263353564636323
:104EE0003762356138646666333032306632643535
:104EF0003534623562663730653131626161393728
:104F000035613764363663346334663163306566E1
:104F10003538363034653864005448455155494376
:104F20004B42524F574E464F584A554D50534F568D
:104F30004552414C415A59444F470074662D6D2DDE
:104F400074657374732F74657374735F7265672F00
:104F5000746573742F7365637572655F66772F73FD
:104F600075697465732F6974732F736563757265E2
:104F70002F7073615F6974735F735F696E746572BC
:104F8000666163655F7465737473756974652E63B8
:104F9000005365742073686F756C64206E6F7420A5
:104FA0006661696C004765742073686F756C642076
:104FB0006E6F7420737563636565642066726F6DD0
:104FC000206120646966666572656E742070617226
:104FD000746974696F6E0052656D6F7665207368D1
:104FE0006F756C64206E6F74206661696C207769E0
:104FF00074682076616C69642055494400505341BF
:1050000020696E7465726E616C207472757374655C
:10501000642073746F72616765205320696E7465D4
:105020007266616365207465737473202854464DFD
:105030005F535F4954535F544553545F3158585838
:10504000290054464D5F535F4954535F54455354B0
:105050005F313030310053657420696E746572665B
:105060006163650054464D5F535F4954535F544537
:1050700053545F313030320053657420696E74656B
:105080007266616365207769746820637265617414
:105090006520666C61677320616E642067657420AB
:1050A0006C61746573742073657420666C6167004D
:1050B00054464D5F535F4954535F544553545F31D9
:1050C0003030330053657420696E746572666163B5
:1050D000652077697468204E554C4C20646174617A
:1050E00020706F696E7465720054464D5F535F495E
:1050F00054535F544553545F31303034005365741A
:1051000020696E74657266616365207769746820D2
:105110007772697465206F6E636520554944005449
:10512000464D5F535F4954535F544553545F31308C
:1051300030350047657420696E7465726661636519
:1051400020776974682076616C6964206461746199
:105150000054464D5F535F4954535F544553545F69
:10516000313030360047657420696E74657266614F
:1051700063652077697468207A65726F2064617452
:1051800061206C656E6774680054464D5F535F49DB
:1051900054535F544553545F313030370047657482
:1051A00020696E7465726661636520776974682032
:1051B000696E76616C696420554944730054464DAC
:1051C0005F535F4954535F544553545F3130303817
:1051D0000047657420696E74657266616365207747
:1051E0006974682064617461206C656E67746873AB
:1051F00020616E64206F66667365747320677265E4
:1052000061746572207468616E20554944206C6534
:105210006E6774680054464D5F535F4954535F5442
:105220004553545F313030390047657420696E74DE
:105230006572666163652077697468204E554C4CD1
:10524000206461746120706F696E746572005446E9
:105250004D5F535F4954535F544553545F31303170
:10526000300047657420696E666F20696E746572E0
:105270006661636520776974682077726974652058
:105280006F6E6365205549440054464D5F535F4936
:1052900054535F544553545F313031310047657486
:1052A00020696E666F20696E746572666163652041
:1052B000776974682076616C6964205549440054AC
:1052C000464D5F535F4954535F544553545F3130EB
:1052D00031320047657420696E666F20696E7465AF
:1052E0007266616365207769746820696E76616CA7
:1052F000696420554944730054464D5F535F4954D7
:10530000535F544553545F313031330052656D6FF4
:10531000766520696E74657266616365207769746D
:10532000682076616C6964205549440054464D5F9D
:10533000535F4954535F544553545F313031340007
:1053400052656D6F766520696E746572666163651E
:105350002077697468207772697465206F6E636561
:10536000205549440054464D5F535F4954535F54A0
:105370004553545F313031350052656D6F7665208D
:10538000696E746572666163652077697468206907
:105390006E76616C6964205549440054464D5F53F4
:1053A0005F4954535F544553545F313031360042A6
:1053B0006C6F636B20636F6D70616374696F6E20D7
:1053C00061667465722072656D6F76650054464D36
:1053D0005F535F4954535F544553545F3130313705
:1053E000004D756C7469706C6520706172746961D0
:1053F0006C20676574730054464D5F535F49545386
:105400005F544553545F31303138004D756C7469C9
:10541000706C65207365747320746F2073616D65A3
:10542000205549442066726F6D2073616D6520744C
:1054300068726561640054464D5F535F4954535F21
:10544000544553545F31303139005365742C206713
:10545000657420616E642072656D6F766520696E7B
:105460007465726661636520776974682064696633
:10547000666572656E742061737365742073697AF2
:1054800065730054464D5F535F4954535F54455311
:10549000545F31303230005365742077697468206E
:1054A00061737365742073697A6520746861742010
:1054B0006578636565647320746865206D617869DB
:1054C0006D756D0054464D5F535F4954535F5445AD
:1054D00053545F313032310047657420696E746512
:1054E0007266616365207769746820646174615FC6
:1054F0006C656E206F766572203020616E64204E80
:10550000554C4C2064617461206C656E6774682032
:10551000706F696E7465720054464D5F535F4954F5
:10552000535F544553545F313032330041747465D6
:105530006D707420746F2067657420612055494434
:1055400020736574206279206120646966666572E3
:10555000656E7420706172746974696F6E003C20AE
:10556000203E20497465726174696F6E2025642045
:105570006F662025640D0074662D6D2D746573743F
:10558000732F74657374735F7265672F74657374BA
:105590002F7365637572655F66772F7375697465C0
:1055A000732F6974732F7365637572652F707361E0
:1055B0005F6974735F735F72656C696162696C695E
:1055C00074795F7465737473756974652E630053C1
:1055D00065742073686F756C64206E6F74206661EB
:1055E000696C20776974682076616C69642055491C
:1055F00044004765742073686F756C64206E6F7427
:10560000206661696C005F5F5F5F54484551554992
:10561000434B42524F574E464F584A554D50534FA9
:10562000564552414C415A59444F475F5F5F5F00B6
:1056300054686520646174612073686F756C6420C0
:105640006E6F742068617665206368616E6765645B
:10565000005F5F5F5F5F5F5F5F5F5F5F5F5F5F5FB9
:105660005F5F5F5F5F5F5F5F5F5F5F5F5F5F5F5F4A
:105670005F5F5F5F5F5F5F5F5F5F003C0A00495491
:10568000532072656C696162696C69747920746514
:10569000737473202854464D5F4954535F544553E7
:1056A000545F32585858290054464D5F535F49544F
:1056B000535F544553545F3230303100726570652A
:1056C000746974697665207365747320616E6420F3
:1056D0006765747320696E2F66726F6D20616E202E
:1056E00061737365740054464D5F535F4954535F53
:1056F000544553545F3230303200726570657469BE
:105700007469766520736574732C206765747320E3
:10571000616E642072656D6F7665730074662D6DC1
:105720002D74657374732F74657374735F7265671A
:105730002F746573742F7365637572655F66772F59
:105740007375697465732F6974732F6974735F74EB
:10575000657374735F636F6D6D6F6E2E6300536559
:10576000742073686F756C64206E6F742066616955
:105770006C20746865207365636F6E642074696D56
:105780006520776974682076616C696420554944A6
:10579000005365742073686F756C64206E6F74209D
:1057A0006661696C20776974682073697A65203056
:1057B000005365742073686F756C64206E6F74207D
:1057C0006661696C207768656E2073657474696EB4
:1057D0006720746865206173736574206120736548
:1057E000636F6E642074696D652E0057726F6E670B
:1057F0002061737365742073697A65206973207200
:10580000657475726E65642E0057726F6E672061E5
:1058100073736574206461746120697320676574B3
:105820002E005365742073686F756C64206E6F74FE
:105830002073756363656564207769746820616EA1
:1058400020696E76616C6964205549442E0052656A
:105850006D6F76652073686F756C64206E6F742051
:105860006661696C20776974682076616C69642070
:105870005549443A207569645F312E0052656D6F59
:1058800076652073686F756C64206E6F7420666136
:10589000696C20776974682076616C696420554969
:1058A000443A207569645F322E005448455F46498A
:1058B00056455F424F58494E475F57495A415244F7
:1058C000535F4A554D505F515549434B4C59005316
:1058D00065742073686F756C64206E6F74206661E8
:1058E000696C20776974682076616C696420666CE5
:1058F00061677320286578697374696E67205549FC
:105900004429004661696C656420746F2067657482
:1059100020696E666F2E004661696C656420746F45
:105920002072657475726E206D6F7374207265637A
:10593000656E7420666C6167207365742E003C4E42
:105940006F74653A205468652055494420696E207B
:105950007468697320746573742068617320616C66
:105960007265616479206265656E20637265617439
:10597000656420776974680D0A7468652050534126
:105980005F53544F524147455F464C41475F575222
:105990004954455F4F4E434520666C616720696EF0
:1059A00020612070726576696F75732074657374F9
:1059B0000D0A72756E2E2057697065207468652017
:1059C00073746F72616765206172656120746F2006
:1059D00072756E207468652066756C6C20746573D2
:1059E000742E0D0A005365742073686F756C642003
:1059F0006E6F74206661696C2077697468206E6FC1
:105A000020666C616773005365742073686F756CF2
:105A100064206E6F742073756363656564207769B5
:105A2000746820696E76616C696420666C61677366
:105A3000005365742073686F756C642073756363BD
:105A40006565642077697468204E554C4C2064610C
:105A5000746120706F696E74657220616E64207A63
:105A600065726F206C656E6774680053657420738F
:105A7000686F756C64206E6F7420726577726974DC
:105A8000652061207772697465206F6E63652055AB
:105A9000494400232323235448455F464956455F24
:105AA000424F58494E475F57495A415244535F4A03
:105AB000554D505F515549434B4C592323232300E7
:105AC0005772697465206F6E63652064617461202C
:105AD00073686F756C64206E6F74206861766520E2
:105AE0006368616E676564005772697465206F6EE4
:105AF00063652064617461206C656E6774682073EF
:105B0000686F756C64206E6F7420686176652063C1
:105B100068616E67656400232323232323232323E3
:105B20002323232323232323232323232323232345
:105B30002323232323232323232323232323232335
:105B400023232300526561642064617461207368BB
:105B50006F756C6420626520657175616C20746F6F
:105B600020726573756C74206461746100526561A4
:105B7000642064617461206C656E6774682073686A
:105B80006F756C6420626520657175616C20746F3F
:105B90002072657175657374656420646174612039
:105BA0006C656E677468005265616420646174613D
:105BB00020636F6E7461696E7320696C6C656761D8
:105BC0006C207072652D646174610052656164209F
:105BD0006461746120696E636F72726563740052F0
:105BE000656164206461746120636F6E7461696EC5
:105BF0007320696C6C6567616C20706F73742D64C1
:105C0000617461004765742073686F756C64206E01
:105C10006F74206661696C2077697468207A657298
:105C20006F2064617461206C656E00526561642050
:105C3000646174612073686F756C642062652065AF
:105C40007175616C20746F206F726967696E616C29
:105C50002072656164206461746100526561642032
:105C600064617461206C656E6774682073686F7519
:105C70006C6420626520657175616C20746F207A98
:105C800065726F004765742073756363656564654D
:105C9000642077697468206E6F6E2D6578697374FF
:105CA000616E7420554944005265616420646174DA
:105CB00061206E6F7420657175616C20746F206F48
:105CC000726967696E616C207265616420646174D9
:105CD000610047657420737563636565646564205E
:105CE0007769746820696E76616C696420554944EF
:105CF000004765742073686F756C64206E6F742044
:105D0000737563636565642077697468206F666680
:105D100073657420746F6F206C61726765004765EE
:105D2000742073686F756C64207375636365656454
:105D300020776974682064617461206C656E677493
:105D400068206C6172676572207468616E205549C5
:105D5000442773206C656E67746800526561642027
:105D600064617461206C656E6774682073686F7518
:105D70006C6420626520657175616C20746F2055BC
:105D800049442773206C656E6774680052656164CE
:105D900020646174612073686F756C642062652093
:105DA000657175616C20746F206E65776C792072F7
:105DB0006561642064617461004765742073686F75
:105DC000756C6420737563636565642077697468B6
:105DD000206F6666736574202B2064617461206C8B
:105DE000656E67746820746F6F206C617267652CD4
:105DF0002062757420696E646976696475616C6C83
:105E0000792076616C696400526561642064617414
:105E100061206C656E6774682073686F756C6420B0
:105E2000626520657175616C20746F2074686520EF
:105E300055494427732072656D61696E696E6720EC
:105E400073697A65207374617274696E6720667213
:105E50006F6D206F6666736574005F5F5F5F4845B6
:105E6000515549434B42524F574E464F584A554D54
:105E700050534F564552414C415A59444F475F5F2A
:105E80005F5F5F00526561642064617461207368C4
:105E90006F756C6420626520657175616C20746F2C
:105EA000206E65776C79207265616420646174612D
:105EB000207374617274696E67206174206F666606
:105EC000736574004765742073686F756C64207324
:105ED0007563636565642077697468204E554C4C22
:105EE000206461746120706F696E74657220616EE8
:105EF00064207A65726F206C656E67746800526505
:105F000061642064617461206C656E6774682073DD
:105F1000686F756C64206265203020776974682032
:105F20004E554C4C206461746120706F696E7465CD
:105F30007220616E64207A65726F206C656E677482
:105F4000680047657420696E666F2073686F756CB2
:105F500064206E6F74206661696C20666F722077B2
:105F600072697465206F6E636520554944005369FA
:105F70007A6520696E636F727265637420666F72F2
:105F8000207772697465206F6E63652055494400FF
:105F9000436170616369747920696E636F727265C1
:105FA000637420666F72207772697465206F6E6308
:105FB000652055494400466C61677320696E636FC4
:105FC000727265637420666F7220777269746520DF
:105FD0006F6E6365205549440047657420696E669D
:105FE0006F2073686F756C64206E6F7420666169D2
:105FF0006C20776974682076616C69642055494427
:106000000053697A6520696E636F727265637420EC
:10601000666F722076616C69642055494400436163
:1060200070616369747920696E636F7272656374FD
:1060300020666F722076616C696420554944004681
:106040006C61677320696E636F727265637420663A
:106050006F722076616C696420554944004765740D
:1060600020696E666F2073686F756C64206E6F7444
:106070002073756363656564207769746820756E45
:10608000736574205549440053697A652073686FBD
:10609000756C64206E6F742068617665206368613A
:1060A0006E6765640047657420696E666F2073686B
:1060B0006F756C64206E6F742073756363656564BF
:1060C000207769746820696E76616C69642055492F
:1060D000440043617061636974792073686F756C03
:1060E00064206E6F742068617665206368616E67F6
:1060F000656400466C6167732073686F756C64201B
:106100006E6F742068617665206368616E67656490
:106110000047657420696E666F2073686F756C64E4
:10612000206E6F742073756363656564207769748E
:10613000682072656D6F7665642055494400476537
:10614000742073686F756C64206E6F742073756350
:106150006365656420776974682072656D6F766524
:1061600064205549440052656D6F76652073686FF1
:10617000756C64206E6F742073756363656564204D
:10618000776974682072656D6F766564205549443F
:106190000052656D6F76652073686F756C64206E54
:1061A0006F74207375636365656420776974682014
:1061B0007772697465206F6E63652055494400529B
:1061C000656D6F76652073686F756C64206E6F7493
:1061D0002073756363656564207769746820696EF0
:1061E00076616C6964205549440053657420736876
:1061F0006F756C64206E6F74206661696C20666FC9
:1062000072205549442031005365742073686F75BE
:106210006C64206E6F74206661696C20666F7220FA
:1062200055494420320052656D6F76652073686F62
:10623000756C64206E6F74206661696C20666F7285
:10624000205549442031004765742073686F756C90
:1062500064206E6F74206661696C20666F722055D1
:106260004944203200526561642062756666657239
:106270002068617320696E636F7272656374206455
:1062800061746100526561642064617461206C65B1
:106290006E6774682073686F756C64206265206532
:1062A0007175616C20746F20726573756C742064F5
:1062B000617461206C656E6774680052656D6F76FD
:1062C000652073686F756C64206E6F7420666169F9
:1062D0006C20666F72205549442032005549442095
:1062E000312044415441004765742073686F756CD8
:1062F00064206E6F74206661696C20666F72207016
:1063000061727469616C20726561640052656D6FC1
:1063100076652073686F756C64206E6F742066619B
:10632000696C004669727374207365742073686FBA
:10633000756C64206E6F74206661696C00536563D0
:106340006F6E64207365742073686F756C64206E63
:106350006F74206661696C005468697264207365AB
:10636000742073686F756C64206E6F742066616949
:106370006C005448524545004765742073686F753A
:106380006C64206E6F74206661696C207769746834
:106390002076616C6964205549440052656164202F
:1063A000646174612073686F756C64206265206538
:1063B0007175616C20746F206F726967696E616CB2
:1063C0002077726974652064617461005365747428
:1063D000696E672055494420776974682073697A2B
:1063E0006520657863656564696E67206D617869AD
:1063F0006D756D20646964206E6F742072657475AC
:10640000726E206572726F72004661696C656420FD
:10641000746F207365742055494400476574207774
:10642000697468206E756C6C20706F696E7465722B
:1064300020616E642073697A652067726561746596
:1064400072207468616E20302053686F756C642010
:1064500072657475726E206572726F72205053414E
:106460005F4552524F525F494E56414C49445F413D
:106470005247554D454E540074662D6D2D7465730D
:1064800074732F74657374735F7265672F746573AB
:10649000742F7365637572655F66772F73756974A2
:1064A00065732F70732F7365637572652F707361D9
:1064B0005F70735F735F696E746572666163655F59
:1064C0007465737473756974652E63005365742005
:1064D00073686F756C64206E6F7420737563636589
:1064E0006564207769746820616E20696E76616CDE
:1064F00069642055494400537570706F727420664A
:106500006C6167732073686F756C642062652030FE
:10651000005053412070726F74656374656420731A
:10652000746F72616765205320696E74657266616D
:106530006365207465737473202854464D5F535F00
:1065400050535F544553545F3158585829005446AE
:106550004D5F535F50535F544553545F313030317A
:106560000054464D5F535F50535F544553545F3161
:106570003030320053657420696E746572666163F1
:106580006520776974682063726561746520666C44
:106590006167730054464D5F535F50535F544553DA
:1065A000545F313030330054464D5F535F50535F7A
:1065B000544553545F313030350054464D5F535F7E
:1065C00050535F544553545F313030360054464D7C
:1065D0005F535F50535F544553545F313030370041
:1065E00054464D5F535F50535F544553545F3130B1
:1065F00030380054464D5F535F50535F54455354F9
:106600005F313030390047657420696E7465726699
:10661000616365207769746820696E76616C69646E
:106620002064617461206C656E6774687320616EAC
:1066300064206F6666736574730054464D5F535FE4
:1066400050535F544553545F313031300054464D00
:106650005F535F50535F544553545F3130313100C5
:1066600054464D5F535F50535F544553545F313030
:1066700031320054464D5F535F50535F544553547D
:106680005F313031330054464D5F535F50535F5498
:106690004553545F313031350054464D5F535F50A0
:1066A000535F544553545F313031360054464D5F8B
:1066B000535F50535F544553545F3130313700546A
:1066C000464D5F535F50535F544553545F313031F3
:1066D000380054464D5F535F50535F544553545FE9
:1066E000313031390054464D5F535F50535F54454C
:1066F00053545F313032300054464D5F535F505336
:106700005F544553545F3130323100476574207314
:106710007570706F727420696E74657266616365FE
:106720000054464D5F535F50535F544553545F319F
:106730003032320074662D6D2D74657374732F744E
:10674000657374735F7265672F746573742F7365F7
:10675000637572655F66772F7375697465732F70E3
:10676000732F7365637572652F7073615F70735FEC
:10677000735F72656C696162696C6974795F746575
:10678000737473756974652E630050532072656C61
:10679000696162696C697479207465737473202807
:1067A00054464D5F50535F544553545F33585858C7
:1067B000290054464D5F535F50535F544553545F17
:1067C000323030310054464D5F535F50535F544573
:1067D00053545F323030320074662D6D2D74657302
:1067E00074732F74657374735F7265672F74657348
:1067F000742F7365637572655F66772F737569743F
:1068000065732F70732F7365637572652F70735F77
:10681000726F6C6C6261636B5F70726F74656374CE
:10682000696F6E5F7465737473756974652E630048
:10683000496E6372656D656E742073686F756C6404
:10684000206E6F74206661696C00414D2070726526
:10685000706172652073686F756C64206661696C25
:106860000044656372656D656E742073686F756C46
:1068700064206E6F74206661696C005053207379D8
:106880007374656D20707265706172652073686FD6
:10689000756C64206E6F74206661696C00505320C3
:1068A00073797374656D20707265706172652073A1
:1068B000686F756C64206661696C00505320737951
:1068C0007374656D20707265706172652073686F96
:1068D000756C64206661696C2061732076657273E3
:1068E000696F6E206973206F6C640052656164206B
:1068F00073686F756C64206E6F74206661696C00DC
:106900004E5620636F756E74657220312068617316
:10691000206265656E20696E6372656173656420CF
:106920006D6F7265207468616E203120756E6974B8
:10693000004E5620636F756E746572203120616E53
:106940006420322073686F756C64206861766520FE
:106950007468652073616D652076616C7565004EA5
:106960005620636F756E746572203220616E6420EC
:10697000332073686F756C64206861766520746875
:10698000652073616D652076616C756500414D20F1
:10699000707265706172652073686F756C64206ECB
:1069A0006F74206661696C005365742073686F753D
:1069B0006C64206661696C20617320746865206E68
:1069C0006F6E2D766F6C6174696C6520636F756E88
:1069D000746572732063616E206E6F74206265202F
:1069E000696E6372656173656400505320726F6CE9
:1069F0006C6261636B2070726F74656374696F6E33
:106A0000207465737473202854464D5F535F505350
:106A10005F544553545F33585858290054464D5FCE
:106A2000535F50535F544553545F3330303100430C
:106A30006865636B205053206172656120766572D2
:106A400073696F6E207768656E204E5620636F7590
:106A50006E7465727320312F322F33206861766532
:106A6000207468652073616D652076616C756500C2
:106A700054464D5F535F50535F544553545F33301A
:106A8000303200436865636B20505320617265614A
:106A90002076657273696F6E207768656E20697401
:106AA00020697320646966666572656E742066721B
:106AB0006F6D204E5620636F756E74657273203152
:106AC0002F322F330054464D5F535F50535F544570
:106AD00053545F3330303300436865636B20505349
:106AE00020617265612076657273696F6E207768C8
:106AF000656E204E5620636F756E7465727320311B
:106B000020616E6420322061726520657175616C50
:106B1000732C203320697320646966666572656E24
:106B2000742C20616E642050532061726561207660
:106B3000657273696F6E206D61746368204E5620B4
:106B4000636F756E74657273203120616E642032DC
:106B50000054464D5F535F50535F544553545F3369
:106B600030303400436865636B2050532061726598
:106B7000612076657273696F6E207768656E204E4E
:106B80005620636F756E74657273203220616E6477
:106B900020332061726520657175616C732C203122
:106BA00020697320646966666572656E7420616E23
:106BB0006420505320617265612076657273696F3D
:106BC0006E206D61746368204E5620636F756E741D
:106BD0006572203220616E6420330054464D5F534D
:106BE0005F50535F544553545F3330303500436832
:106BF00065636B2050532061726561207665727306
:106C0000696F6E207768656E204E5620636F756ED3
:106C100074657273203220616E6420332061726566
:106C200020657175616C732C203120697320646953
:106C300066666572656E7420616E642050532061D3
:106C40007265612076657273696F6E206D61746321
:106C500068204E5620636F756E7465722031005443
:106C6000464D5F535F50535F544553545F3330304C
:106C70003600436865636B20505320617265612064
:106C800076657273696F6E207768656E204E562048
:106C9000636F756E7465727320312C203220616EC3
:106CA0006420332068617665206469666665726574
:106CB0006E742076616C75657320616E642050532C
:106CC00020617265612076657273696F6E206D61F7
:106CD000746368204E5620636F756E746572203140
:106CE0002076616C75650054464D5F535F50535F6D
:106CF000544553545F3330303700436865636B202D
:106D0000505320617265612076657273696F6E20E1
:106D10007768656E204E5620636F756E746572736A
:106D200020312C203220616E64203320686176652A
:106D300020646966666572656E742076616C75653F
:106D40007320616E64205053206172656120766506
:106D50007273696F6E206D61746368204E56206394
:106D60006F756E74657220322076616C75650054A3
:106D7000464D5F535F50535F544553545F3330303B
:106D80003800436865636B20505320617265612051
:106D900076657273696F6E207768656E204E562037
:106DA000636F756E7465727320312C203220616EB2
:106DB0006420332068617665206469666665726563
:106DC0006E742076616C75657320616E642050531B
:106DD00020617265612076657273696F6E206D61E6
:106DE000746368204E5620636F756E74657220332D
:106DF0002076616C75650054464D5F535F50535F5C
:106E0000544553545F3330303900436865636B2019
:106E1000505320617265612076657273696F6E20D0
:106E20007768656E204E5620636F756E74657220AC
:106E3000312063616E6E6F7420626520696E6372CB
:106E4000656D656E74656400506C6174666F726D1B
:106E5000205365727669636520536563757265209A
:106E6000696E7465726661636520746573747328F6
:106E700054464D5F535F504C4154464F524D5F5402
:106E80004553545F31585858290054464D5F535F5D
:106E9000504C4154464F524D5F544553545F31302E
:106EA0003031004D696E696D616C20706C61746683
:106EB0006F726D2073657276696365207465737493
:106EC0000074662D6D2D74657374732F74657374FF
:106ED000735F7265672F746573742F736563757262
:106EE000655F66772F7375697465732F706C617455
:106EF000666F726D2F706C6174666F726D5F746512
:106F00007374735F636F6D6D6F6E2E630043616C9E
:106F10006C207769746820696E76616C6964207290
:106F20006571756573742073686F756C6420666134
:106F3000696C2E005B556E737570706F727465644A
:106F40005D005B4552525D005B4E4F545D005B57E8
:106F5000524E5D005B494E465D005B5645525D00FA
:106F600060864801650304020400608648016503E9
:106F70000402010060864801650304020200608685
:106F800048016503040203004145532D3235362D77
:106F900043434D2A2D4E4F2D544147004145532D1B
:106FA0003139322D43434D2A2D4E4F2D5441470048
:106FB0004145532D3132382D43434D2A2D4E4F2D0F
:106FC000544147004145532D3235362D43434D0042
:106FD0004145532D3139322D43434D004145532D09
:106FE0003132382D43434D004145532D3235362D36
:106FF00047434D004145532D3139322D47434D0014
:107000004145532D3132382D47434D004145532DD5
:107010003235362D435452004145532D3139322DEE
:10702000435452004145532D3132382D43545200C0
:107030004145532D3235362D4F4642004145532DA3
:107040003139322D4F4642004145532D3132382DD2
:107050004F4642004145532D3235362D434642318D
:107060003238004145532D3139322D4346423132B9
:1070700038004145532D3132382D434642313238A4
:10708000004145532D3235362D434243004145538F
:107090002D3139322D434243004145532D31323891
:1070A0002D434243004145532D3235362D45434251
:1070B000004145532D3139322D454342004145535E
:1070C0002D3132382D454342000000000000000001
:1070D00000000000000000000000000000000000B0
:1070E00000000000000000000000000000000000A0
:1070F000F9FFF0FF00800000000000007AFF0300AD
:1071000079FF030076FF0500008004000000000006
:107110006BFF0D007AFF010073FF100069FF120082
:10712000008017000102040800000B00EC034D0072
:107130000200890003008A001800A40020002C002F
:1071400021002D0022002E0023002F002500B10079
:107150003F00CB00FFFF0000090A0000060000000E
:107160004E000000020300000C000000021B1A0386
:10717000244B000006000000300000000700000063
:107180004C000000060000000E0F1000040000007C
:10719000111213000400000001010204000B03049B
:1071A0000303030303050609090A09030C030D0F72
:1071B0000F090A0302010303030306030303030386
:1071C00003030303030303030303030909544849A7
:1071D00053204953204D5920554E434F4D4D4F4E4E
:1071E0004C59204C4F4E47204B455931005448498B
:1071F00053204953204D59204B4559310010141448
:1072000000001C2030401C2000001C2030400100E9
:10721000000000000000CF0FF263B01BA728FA4661
:10722000BD8D4234BB830100000000000000BA0B9A
:10723000000000000000281D9C36168434918D2F1C
:10724000F3F827E536C40200000000000000BA0B86
:10725000000000000000000000000000000000002E
:10726000000000000000000000000000000000001E
:10727000000000000000000000000000000000000E
:1072800000000000000000000000000000000000FE
:1072900000000000000000000000000000000000EE
:1072A00000000000000000000000000000000000DE
:1072B00000000000000000000000000000000000CE
:1072C00000000000000000000000000000000000BE
:1072D00000000000000000000000000000000000AE
:1072E000000000000000000000000000000000009E
:1072F000000000000000000000000000000000008E
:10730000000000000000000000000000000000007D
:10731000000000000000000000000000000000006D
:10732000000000000000000000000000000000005D
:10733000000000000000000000000000000000004D
:10734000000000000000000000000000000000003D
:10735000000000000000000000000000000000002D
:10736000000000000000000000000000000000001D
:107370000000000000007D0000000100000000008F
:107380000000CF0FF263B01BA728FA46BD8D423430
:10739000BB830100000000000000BA0B00000000E9
:1073A00000000000000000000000000000000000DD
:1073B00000000000000000000000000000000000CD
:1073C0000000ED588FA48790E2F7CA002D9B931F11
:1073D00009660200000000000000BA0B0000000077
:1073E000000000000000000000000000000000009D
:1073F000000000000000000000000000000000008D
:10740000000000000000000000000000000000007C
:10741000000000000000000000000000000000006C
:10742000000000000000000000000000000000005C
:10743000000000000000000000000000000000004C
:10744000000000000000000000000000000000003C
:10745000000000000000000000000000000000002C
:10746000000000000000000000000000000000001C
:10747000000000000000000000000000000000000C
:1074800000000000000000000000000000000000FC
:1074900000000000000000000000000000000000EC
:1074A00000000000000000000000000000000000DC
:1074B00000000000000000000000000000000000CC
:1074C00000000000000000000000000000000000BC
:1074D00000000000000000000000000000000000AC
:1074E0000000800000008700000000000000000095
:1074F00000008A0000000000000000000000609B07
:107500003D519160081782EC63213A04DC93AA96FE
:10751000CFB468E504915250590AAB1AE91B59934C
:10752000964129E6E42541CC64906EDF4CEE5E295D
:10753000F43CE9942EA4C39D61919A46F574088E9B
:107540004916342E398D1479356F8494FCA7AC55C7
:107550002FF1A06997C273A9D67C1396691161A80F
:10756000A360738502FE82B27352B4E7BE983AFB01
:107570003508714336F0CF25771C49A90B9FA737F3
:10758000B44E1A67531E8F5E86521EB0847502B5C4
:10759000E57D7F7FFFD799A15E82A20CC84BC5EF26
:1075A00095100CF62798317F202D1836A147F7F358
:1075B000A7BBB44C410009698C0BF950B90C792F69
:1075C0008CFB6B07F0FEE19D8C86BC323BC8C397F9
:1075D00044BE785101796D83592545E3FD0F08E0DC
:1075E000AABD65E129312FA19B1FCFDF0A979628FD
:1075F00077BE752DD732CFE8801CA61A55DB164E04
:1076000054EE539EBCE68828BA16DF9AE401133084
:10761000050763B555E571E5FD0C52D986E1854F47
:1076200085016C4CD75F6F57DE5568B19A45DD44D4
:10763000F2EC60F473811F6342BA97BC25D63082A6
:10764000010A0282010100ACDC6CB58F7021C1BE61
:10765000D7A25204681E2B601A9C714AB86342D0AC
:107660005AF720345A3CF94A8131D72E02DFFD5CAB
:10767000CBFF783076988CF03425829D2DA1C1E91E
:107680007045FE27E4D0ABC77ACE1DABB2367F344F
:10769000E4EC2A573F2625E5981FED3926AD44BC7A
:1076A000FC75E01AED7237AA9E12C586692C3976F0
:1076B000850CF2E1E3F97AD184FC0DF0D37E9ECA09
:1076C000149E36C9E40E704C705611FF2BFB9D5171
:1076D000CFAF9EFF67522101893FD3E7EB42105A9B
:1076E000B948AFC2D1781F29FF13984438E74D1726
:1076F000288C2A30923006526D7C6BBFFCD0FCF98E
:10770000D033D94139CD736845828D4FDEB581A71D
:10771000AA8370531B753B0F8AB3BAD1AB637AC788
:10772000266FCF474E6B92BE02C16B0FC72A2F9CAC
:107730000791BE09FD65F0CCCAAAC17C55A74E09C8
:107740000058046879E9170203010001314D060C65
:10775000724D060C20000000F54D060C564E060C2E
:1077600030000000308204A4020100028201010006
:10777000BD18923B793EEA506D4815FA9D957763A6
:107780001530CBF87318E217C095EA81A130FC2BB5
:107790005B807C729C760835E626A8C2AD769B534A
:1077A000766AEFF8DD0FE56FD0A67266EC5E77F1D2
:1077B000618DA2269BB76D917FD9EFF19DE412AB4D
:1077C000547A4B2CA29726FB6325AA23D25AB7EDF5
:1077D000A73CDD87ADBACEECA2B21FD993EA679180
:1077E0002F69701B25BFD15BEB6F02F168201E6C07
:1077F0007215BC7A64D93F43BA5895AB101A07CCBE
:107800009D08790ACC3104C4CBE947CFDDAF10998C
:10781000D4B0C169DE2DD770A68E98B7EFB15617D8
:1078200057E5C30FD332A2723524DA28A0B31E67FE
:10783000F1D17AADFED76FFD3525E8B35C4531B5A2
:10784000BECAA66389BB3D0A3AF7B2DEE09EBB66BC
:1078500054497CD40316F578805D63A7B89C49DA57
:1078600094C852E6A60064A8C9338263B87FE5D302
:10787000020301000102820100032D3F7FAA48C9D3
:107880004CF2990C6D7A6A416833B9EF234C63B5B9
:10789000A0AA869A3AF5474A653C134B83ED66FAEF
:1078A0003A55947EAF4E94B8854D6EFC7B14D3A8A8
:1078B0008A195A427FC226D02308FD8524DAE6D8E9
:1078C000FB61C77A85779E9645B4949D60B1969288
:1078D0007C14AD544F67C04868C0AF80154070EB52
:1078E000FB03BCB456466AE0B48AB45DC2C6FE92DD
:1078F000F8D55AB714F127E0FAF00714A37BBD7E40
:1079000093F6999CC0445D8BA64E62B3F57F309C84
:10791000B814372808D3322D6B3354E253A6E62A25
:10792000CD0DCD3F742476A558BD85F4A7FB89EE17
:1079300010EE99414D1343BC75C9BEA9473E3F5B4C
:107940002DD689ECE1E34E080B37F7C6C5971AF739
:107950005BB485EABAB993A73C68E355AB017225DD
:107960005FFE43B270F0337D57DED7E7A0C3E72751
:107970008A5127EE64A178E1E902818100DE8F4D12
:10798000641C672F5977F04E81ED4BE6CAC897BC4F
:10799000F9046A543804B88EF399E36E67980A596B
:1079A0008355A6C37A6E8CB7D256D4BDFCF3DB0BDD
:1079B000037AF928440BB74D41CF27FEE89A9AE99C
:1079C000CCDA06032AF418B2AD2E64AD7EB77A4F36
:1079D000206ABFEE489977086D0D07D0348A206180
:1079E000869C3CE8BA91919BF54C40B4AA94B6822F
:1079F00059F6C3B2D52858C1F4A981025D0281812C
:107A000000D98217FEB5F7384433A00009F3A5E684
:107A1000729784E227D5B3A4FEF56800B64FA73766
:107A2000D93DCAFD8420670F7E19B5C9526F0EDC9F
:107A30009B0098830C8824A487C225B9EED3370411
:107A40002BD1E08799DF280DE8DFAEB62F0EF89D29
:107A5000F75105C387825E7BF0DBF3B3D41C0BEADE
:107A6000F2843B9421A98C6E5DC14B7FEF316E8512
:107A7000C1FA1390AF34B84A3F5A93B4E8EDA06509
:107A8000EF02818100A83DE01D1BB38D01AF3F4394
:107A9000B9C82EA68B08D45C104A9C2E8A22577A2D
:107AA00009007E02C9E10F81D75C7A322F6D3E86D4
:107AB000FF44909206943933BC2FCC05FA5A78F8DB
:107AC000B814E78135491A6E3F6359442FC6529D59
:107AD0004F7950B62EA2789D343E3E54DD20D5F02D
:107AE000D2AF1506F990A925D0626F50E7287FD054
:107AF0004BC096F17C39EB35E2D83DDC0472F99548
:107B0000B5642598290281802A519C778B51E959C7
:107B1000A3ADBAB434FA8F46B6623D5A40C2EE14F1
:107B2000490D0E2E6A7AFF6BBE1113983471B8DAC4
:107B3000F107A47EEC6AB8D3539F58C8046914B502
:107B4000F13943DECAAB869D3BFD7284A69D756FFD
:107B50005CADF2765F7451CFBFACDE692C1D540171
:107B6000FDD981A08040755AF00D6379D532247B10
:107B70000B53B43586A9994EAF68451B41A7A59212
:107B800083FDFF11DEC1F97302818100B40819D2AF
:107B90001A83C509EE7E4426E18063F309CD46745D
:107BA000E695BD2EA474799957E075BAC525B23B08
:107BB000704C72D9ED47599B8DB5B86A88D95D165E
:107BC000B6FB137B98AD0ABDFBA43A12A4C627CC22
:107BD000A31E87642911048E1122D07F158869089D
:107BE000A6E7F379258939BCFD859F9F53F728C106
:107BF000554B4FF130AB57783BDA51B7469A53406B
:107C000063525EF414D54038ECDD3804093F860D2C
:107C1000680BB4E072A42350D66706063C8CB7B656
:107C200049B6491F7BCB6D36E6637E0C0000000031
:107C300000000000000000000000000030450220AD
:107C40006BDCC6D5F5DCABC252B6A0CD129EFC3EB5
:107C500086247DF1BD7BE976BDB5998244D4A50C1F
:107C6000022100A6257B3B2A2DEAAA43BC3AC789FC
:107C7000DC1B52E0D2B6BD8C5D5EF332E73265BDEF
:107C80007BCB063059301306072A8648CE3D0201C9
:107C900006082A8648CE3D0301070342000441C678
:107CA000FCC5A4BB7045A7B25E50B32ED02A8DA8E8
:107CB0008E1B34C27157385C45ABF2517B175AC5E5
:107CC00005A99E4B7DDDD7BFBB4551927D33338BDC
:107CD0001B705AFD2BF27AA4BD3750ED349FED8F07
:107CE000AA23E28B1F51634F8EC9DC24920F3DA162
:107CF0007B476838E30D104A6DA72D48A418000093
:107D000000404004000150050011C004004440043C
:107D10000010C0040012C0040002500500000080E2
:107D200047A342B12F52D38F1E024A46730B77C12D
:107D30005E9331A93EC281B53D076F31C19F19AC39
:107D400005655F021B6432D9B149BA750560524EB0
:107D500078FA61C9375D7F5800000000000000001C
:107D60000000000000000000000000000000000013
:107D70000000000000000000000000009437BEB5C5
:107D80007F7C5CB00A924DD3BA7EB11ADBA225B2D9
:107D9000828EDFBB61BF911D28234A0400000000D2
:107DA00000000000000000000000000000000000D3
:107DB00000000000000000000000000094219BC3B0
:107DC000D5EDE6EE42105A58A44D678716A2A76C6F
:107DD0002EC585B76A4C90B273EE583C591667F3BE
:107DE0006F30991C2AF7B15F4583F59F00000000B2
:107DF0000000000000000000000000008F76EF127D
:107E00000B92C206CE0118758496D96F2388D4F8D8
:107E1000CF79F8CF27129FA67E879A68EEE2E71DFA
:107E20004BF287C0056ABD7F9DFFAAF39A1CB7B7C6
:107E3000BD0361A3A96A5DB281E16F1F00D290E228
:107E40000E4EC17E7A95F5105C7674046EB5565E62
:107E5000E5E7BA156C2347F30000000000000000BE
:107E60000000000000000000000000000000000012
:107E70000000000000000000000000006B22092A42
:107E8000371EF514F7394DCFAD4D174666CB33A0ED
:107E900039D8414EF12AD34D69C3B53E00000000E8
:107EA00000000000000000000000000000000000D2
:107EB000000000000000000000000000647911BB19
:107EC000474E47593E4DBC60A5F9BF9CC0BA550FFF
:107ED00093CA72DF571E5056F94A01D6A56FF76252
:107EE000344F48FD9D150742B77294B8000000005A
:107EF000000000000000000000000000B41CA36CA3
:107F0000A9671DAD341FBE1B83C4402A474279BBFD
:107F100021CAF060E4D26E9B7012343F552C0931B7
:107F20000A5B402101A83B58E748131A7ECDE1D2F5
:107F30004610583449144BAA89A9F5B1080000022B
:107F4000090000020A0000020B0000024C69747470
:107F50006C6520746578742C2066756C6C2121002A
:107F60000000000054686973206973206D792070E7
:107F70006C61696E74657874206D65737361676593
:107F800020616E642069742773206D616465206FC1
:107F90006620363820636861726163746572732E7F
:107FA0002E2E21313233340000000000000000008A
:107FB00000000000E1ECFC001E2E9ADBD016B3B4EA
:107FC000F323CE00C10582EC81E1FC1940474CA6A9
:107FD00084F9E507B58ABD03BCE523820511BF001E
:107FE0000000000000000000000000000000000091
:107FF0000000000000000000000000000000000081
:108000000000000000000000000000000000000070
:108010000000000000000000000000000000000060
:108020000000000000000000000000000000000050
:108030000000000000000000000000000000000040
:108040000000000000000000000000000000000030
:108050000000000000000000000000000000000020
:108060000000000000000000000000000000000010
:108070000000000000000000000000000000000000
:1080800000000000000000000000000000000000F0
:1080900000000000000000000000000000000000E0
:1080A00000000000000000000000000000000000D0
:1080B00000000000000000000000000000000000C0
:1080C00000000000000000000000000000000000B0
:1080D00000000000000000000000000000000000A0
:1080E0000000000000000000000000000000000090
:1080F0000000000000000000000000000000000080
:10810000000000000000000000000000000000006F
:10811000000000000000000000000000000000005F
:10812000000000000000000000000000000000004F
:10813000000000000000000000000000000000003F
:10814000000000000000000000000000000000002F
:10815000000000000000000000000000000000001F
:10816000000000000000000000000000000000000F
:1081700000000000000000000000000000000000FF
:1081800000000000000000000000000000000000EF
:1081900000000000000000000000000000000000DF
:1081A00000000000000000000000000000000000CF
:1081B00000000000000000000000000000000000BF
:1081C00000000000000000000000000000000000AF
:1081D000000000000000000000000000000000009F
:1081E000020000000000000003000000000000008A
:1081F00004000000000000008000000000010000FA
:1082000000020000BF0000000000000000000000AD
:10821000000000000000000000000000000000005E
:10822000000000000000000000000000000000004E
:10823000000000000000000000000000000000003E
:10824000000000000000000000000000000000002E
:10825000000000000000000000000000000000001E
:10826000000000000000000000000000000000000E
:1082700000000000000000000000000000000000FE
:1082800000000000000000000000000000000000EE
:1082900000000000000000000000000000000000DE
:1082A00000000000000000000000000000000000CE
:1082B00000000000000000000000000000000000BE
:1082C00000000000000000000000000000000000AE
:1082D000000000000000000000000000000000009E
:1082E000000000000000000000000000000000008E
:1082F000000000000000000000000000000000007E
:10830000000000000000000000000000000000006D
:10831000000000000000000000000000000000005D
:10832000000000000000000000000000000000004D
:10833000000000000000000000000000000000003D
:10834000000000000000000000000000000000002D
:10835000000000000000000000000000000000001D
:10836000000000000000000000000000000000000D
:1083700000000000000000000000000000000000FD
:1083800000000000000000000000000000000000ED
:1083900000000000000000000000000000000000DD
:1083A00000000000000000000000000000000000CD
:1083B00000000000000000000000000000000000BD
:1083C00000000000000000000000000000000000AD
:1083D000000000000000000000000000000000009D
:1083E000000000000000000000000000000000008D
:1083F000000000000000000000000000000000007D
:10840000000000000000000000000000000000006C
:10841000000000000000000000000000000000005C
:10842000000000000000000000000000000000004C
:10843000000000000000000000000000000000003C
:10844000000000000000000000000000000000002C
:10845000000000000000000000000000000000001C
:10846000000000000000000000000000000000000C
:1084700000000000000000000000000000000000FC
:1084800000000000000000000000000000000000EC
:1084900000000000000000000000000000000000DC
:1084A00000000000000000000000000000000000CC
:1084B00000000000000000000000000000000000BC
:1084C00000000000000000000000000000000000AC
:1084D000000000000000000000000000000000009C
:1084E000000000000000000000000000000000008C
:1084F000000000000000000000000000000000007C
:10850000000000000000000000000000000000006B
:10851000000000000000000000000000000000005B
:10852000000000000000000000000000000000004B
:10853000000000000000000000000000000000003B
:10854000000000000000000000000000000000002B
:10855000000000000000000000000000000000001B
:10856000000000000000000000000000000000000B
:1085700000000000000000000000000000000000FB
:1085800000000000000000000000000000000000EB
:1085900000000000000000000000000000000000DB
:1085A00000000000000000000000000000000000CB
:1085B00000000000000000000000000000000000BB
:1085C00000000000000000000000000000000000AB
:1085D000000000000000000000000000000000009B
:1085E000000000000000000000000000000000008B
:1085F000000000000000000000000000000000007B
:10860000000000000000000000000000000000006A
:10861000000000000000000000000000000000005A
:10862000000000000000000000000000000000004A
:10863000000000000000000000000000000000003A
:10864000000000000000000000000000000000002A
:10865000000000000000000000000000000000001A
:10866000000000000000000000000000000000000A
:1086700000000000000000000000000000000000FA
:1086800000000000000000000000000000000000EA
:1086900000000000000000000000000000000000DA
:1086A00000000000000000000000000000000000CA
:1086B00000000000000000000000000000000000BA
:1086C00000000000000000000000000000000000AA
:1086D000000000000000000000000000000000009A
:1086E000000000000000000000000000000000008A
:1086F000000000000000000000000000000000007A
:108700000000000000000000000000000000000069
:108710000000000000000000000000000000000059
:108720000000000000000000000000000000000049
:108730000000000000000000000000000000000039
:108740000000000000000000000000000000000029
:108750000000000000000000000000000000000019
:108760000000000000000000000000000000000009
:1087700000000000000000000000000000000000F9
:1087800000000000000000000000000000000000E9
:1087900000000000000000000000000000000000D9
:1087A00000000000000000000000000000000000C9
:1087B00000000000000000000000000000000000B9
:1087C00000000000000000000000000000000000A9
:1087D0000000000000000000000000000000000099
:1087E0000000000000000000000000000000000089
:1087F0000000000000000000000000000000000079
:108800000000000000000000000000000000000068
:108810000000000000000000000000000000000058
:108820000000000000000000000000000000000048
:108830000000000000000000000000000000000038
:108840000000000000000000000000000000000028
:108850000000000000000000000000000000000018
:108860000000000000000000000000000000000008
:1088700000000000000000000000000000000000F8
:1088800000000000000000000000000000000000E8
:1088900000000000000000000000000000000000D8
:1088A00000000000000000000000000000000000C8
:1088B00000000000000000000000000000000000B8
:1088C00000000000000000000000000000000000A8
:1088D0000000000000000000000000000000000098
:1088E0000000000000000000000000000000000088
:1088F0000000000000000000000000000000000078
:108900000000000000000000000000000000000067
:108910000000000000000000000000000000000057
:108920000000000000000000000000000000000047
:108930000000000000000000000000000000000037
:108940000000000000000000000000000000000027
:108950000000000000000000000000000000000017
:108960000000000000000000000000000000000007
:1089700000000000000000000000000000000000F7
:1089800000000000000000000000000000000000E7
:1089900000000000000000000000000000000000D7
:1089A00000000000000000000000000000000000C7
:1089B00000000000000000000000000000000000B7
:1089C00000000000000000000000000000000000A7
:1089D0000000000000000000000000000000000097
:1089E0000000000000000000000000000000000087
:1089F0000000000000000000000000000000000077
:108A00000000000000000000020000000000000064
:108A1000030000000000000004000000000000004F
:108A2000000200000004000000080000426F060C75
:108A30000000000000000000000000000000000036
:108A40000000000000000000000000000000000026
:108A500000000000486F060C00000000000000004D
:108A60000000000000000000000000000000000006
:108A70000000000000000000000000004E6F060C27
:108A800000000000000000000000000000000000E6
:108A900000000000000000000000000000000000D6
:108AA00000000000546F060C0000000000000000F1
:108AB00000000000000000000000000000000000B6
:108AC0000000000000000000000000005A6F060CCB
:108AD0005C81FF7F0000000000000000000000003B
:108AE0000101008081F6040C00000000000000007D
:108AF0005D81FF7F00000000010000000000000019
:108B00000101008029F6040C0000000000000000B4
:108B10005C81FF7F00000000004000005D81FF7F5E
:108B200003000000288B060C050100000010000067
:108B3000BA0B000000200000000000C4002000006C
:108B400021DD040C404040000040408080808000D7
:108B5000009088684810141400001C2030401C202D
:108B600000001C2030400000000000005053410075
:108B70004B455900020204020402040602060402E4
:108B8000040606020604020604060804020402049F
:108B90000E0406020A020606040606020A0204027F
:108BA0000C0C04020406020A060606020604020A67
:108BB0000E0402040E060A0204060806060406084D
:108BC00004080A020A02060406080402040C080447
:108BD0000804060C0212060A060602060A06060227
:108BE000060604020C0A02040606020C0406080A21
:108BF000080A0806060408060408040E0A0C020AFD
:108C00000204020A0E0402040E0402041404080AF8
:108C1000080406060E040606080600002C8C060C46
:108C2000010008004C8C060C010008005F9C95BCFC
:108C3000A3508C24B1D0B1559C83EF5B04445CC439
:108C4000581C8E86D8224EDDD09F1157E0EB7A7CDF
:108C50003B41B8AE1656E3FAF19FC46ADA098DEBD0
:108C60009C32B1FD866205165F49B800D103000051
:108C7000010000008335DC163BB124B65129C96FD1
:108C8000DE933D8D723A70AADC873D6D54A7BB0D13
:108C900014DEF9DEA2F79CD65812631A5CF5D3ED08
:108CA000414136D08C5ED2BF3BA048AFE6DCAEBAC5
:108CB000FEFFFFFFFFFFFFFFFFFFFFFFFFFFFFFFC5
:108CC000B8D410FB8FD0479C195485A648B417FD23
:108CD000A808110EFCFBA45D65C4A32677DA3A4808
:108CE0009817F8165B81F259D928CE2DDBFC9B0230
:108CF000070B87CE9562A055ACBBDCF97E66BE79CA
:108D000007000000000000002FFCFFFFFEFFFFFF38
:108D1000FFFFFFFFFFFFFFFFFFFFFFFFFFFFFFFF63
:108D2000FFFFFFFFFFFFFFFF096438911EB76FBB16
:108D3000AE479C89B8C9B53BD0A509F74801CC7F9F
:108D40006B962FBF83878651FAFFFFFFFFFFFFFF60
:108D5000FFFFFFFFFFFFFFFFFFFFFFFFFFFFFFFF23
:108D6000FFFFFFFFFFFFFFFFFF0100005066D19FE5
:108D70007694BE8840C272A286703C356107AD3FD2
:108D800001B950C54026F45E9972EE972C663E27D5
:108D900017BDAF1768449B574944F598D91B7D2CE4
:108DA000B45F8A5C04C03B9A786A293918010000D4
:108DB00066BDE5C2317E7EF99B426A85C1B3483308
:108DC000DEA8FFA227C11DFE2859E7EF775E4BA161
:108DD000BA3D4D6B60AF28F821B53F053981649CE1
:108DE00042B4952366CB3E9ECDE90404B7068E853A
:108DF000C6000000003F506BD41F45EFF1342C3DFE
:108E000088DF733507BFB13BBDC052167B937EEC44
:108E100051391956E109F18E9189B4B8F315B39916
:108E20005B72DAA2EE4085B6A0219A921F9A1C8E40
:108E300061B93E9551000000FFFFFFFFFFFFFFFFFC
:108E4000FFFFFFFFFFFFFFFFFFFFFFFFFFFFFFFF32
:108E5000FFFFFFFFFFFFFFFFFFFFFFFFFFFFFFFF22
:108E6000FFFFFFFFFFFFFFFFFFFFFFFFFFFFFFFF12
:108E7000FFFFFFFFFFFFFFFFFF0100007329C5CCCD
:108E80006A19ECEC7AA7B048B20D1A58DF2D37F406
:108E9000814D63C7FFFFFFFFFFFFFFFFFFFFFFFFE6
:108EA000FFFFFFFFFFFFFFFFFFFFFFFF5F0EEA90E7
:108EB0007C1D437A9D817E1DCEB1600AC0B8F0B59D
:108EC0001331DAE97C149A28BD1DF4F829DC92925A
:108ED000BF989E5D6F2C26964ADE1736B70A7672CB
:108EE000385E543A6C2955BF5DF20255382A5482D7
:108EF000E041F759989BA78B623B1D6E74AD20F340
:108F00001EC7B18E37058BBE22CA87AAEF2AECD3C3
:108F1000EDC8852A9DD12E8A8D3956C65A871350A1
:108F20008F081403124181FE6E9C1D18192DF8E361
:108F30006B058E98E4E73EE2A72F31B3FFFFFFFFFA
:108F40000000000000000000FFFFFFFFFEFFFFFF2A
:108F5000FFFFFFFFFFFFFFFFFFFFFFFFFFFFFFFF21
:108F6000FFFFFFFFFFFFFFFFFFFFFFFF512563FC38
:108F7000C2CAB9F3849E17A7ADFAE6BCFFFFFFFF94
:108F8000FFFFFFFF00000000FFFFFFFFF551BF37AD
:108F90006840B6CBCE5E316B5733CE2B169E0F7C1E
:108FA0004AEBE78E9B7F1AFEE242E34F96C298D8C7
:108FB0004539A1F4A033EB2D817D0377F240A46302
:108FC000E5E6BCF847422CE1F2D1176B4B60D227A3
:108FD0003E3CCE3BF6B053CCB0061D65BC869876C1
:108FE00055BDEBB3E7933AAAD835C65AFFFFFFFF4A
:108FF000FFFFFFFFFFFFFFFF000000000000000079
:109000000000000001000000FFFFFFFF0100000062
:1090100010141400001C2030401C2000001C2030C4
:1090200040404040000040408080808000009088A8
:10903000684810141400001C2030401C2000001C44
:1090400020304000982F8A4291443771CFFBC0B541
:10905000A5DBB5E95BC25639F111F159A4823F9203
:10906000D55E1CAB98AA07D8015B8312BE8531245C
:10907000C37D0C55745DBE72FEB1DE80A706DC9B1D
:1090800074F19BC1C1699BE48647BEEFC69DC10FC9
:10909000CCA10C246F2CE92DAA84744ADCA9B05C05
:1090A000DA88F97652513E986DC631A8C82703B0C8
:1090B000C77F59BFF30BE0C64791A7D55163CA06D6
:1090C00067292914850AB72738211B2EFC6D2C4DE2
:1090D000130D385354730A65BB0A6A762EC9C281D0
:1090E000852C7292A1E8BFA24B661AA8708B4BC266
:1090F000A3516CC719E892D1240699D685350EF490
:1091000070A06A1016C1A419086C371E4C77482746
:10911000B5BCB034B30C1C394AAAD84E4FCA9C5BBC
:10912000F36F2E68EE828F746F63A5781478C8840D
:109130000802C78CFAFFBE90EB6C50A4F7A3F9BEEF
:10914000F27871C60000000022AE28D7982F8A421C
:10915000CD65EF23914437712F3B4DECCFFBC0B56C
:10916000BCDB8981A5DBB5E938B548F35BC256396C
:1091700019D005B6F111F1599B4F19AFA4823F9256
:1091800018816DDAD55E1CAB420203A398AA07D8FA
:10919000BE6F7045015B83128CB2E44EBE853124F4
:1091A000E2B4FFD5C37D0C556F897BF2745DBE724E
:1091B000B196163BFEB1DE803512C725A706DC9BB3
:1091C000942669CF74F19BC1D24AF19EC1699BE498
:1091D000E3254F388647BEEFB5D58C8BC69DC10FB2
:1091E000659CAC77CCA10C2475022B596F2CE92D12
:1091F00083E4A66EAA84744AD4FB41BDDCA9B05CAA
:10920000B5531183DA88F976ABDF66EE52513E989A
:109210001032B42D6DC631A83F21FB98C82703B08A
:10922000E40EEFBEC77F59BFC28FA83DF30BE0C667
:1092300025A70A934791A7D56F8203E05163CA0619
:10924000706E0E0A67292914FC2FD246850AB727AB
:1092500026C9265C38211B2EED2AC45AFC6D2C4DE4
:10926000DFB3959D130D3853DE63AF8B54730A65DE
:10927000A8B2773CBB0A6A76E6AEED472EC9C2813A
:109280003B358214852C72926403F14CA1E8BFA295
:10929000013042BC4B661AA89197F8D0708B4BC234
:1092A00030BE5406A3516CC71852EFD619E892D1BC
:1092B00010A96555240699D62A20715785350EF4D4
:1092C000B8D1BB3270A06A10C8D0D2B816C1A419E8
:1092D00053AB4151086C371E99EB8EDF4C77482712
:1092E000A8489BE1B5BCB034635AC9C5B30C1C395E
:1092F000CB8A41E34AAAD84E73E363774FCA9C5B9B
:10930000A3B8B2D6F36F2E68FCB2EF5DEE828F7415
:10931000602F17436F63A57872ABF0A11478C884EF
:10932000EC39641A0802C78C281E6323FAFFBE902A
:10933000E9BD82DEEB6C50A41579C6B2F7A3F9BE85
:109340002B5372E3F27871C69C6126EACE3E27CA9F
:1093500007C2C021C7B886D11EEBE0CDD67DDAEAC0
:1093600078D16EEE7F4F7DF5BA6F1772AA67F0065F
:10937000A698C8A2C57D630AAE0DF9BE04983F1138
:109380001B471C13350B711B847D0423F577DB28E9
:109390009324C7407BABCA32BCBEC9150ABE9E3CF3
:1093A0004C0D109CC4671D43B6423ECBBED4C54C89
:1093B0002A7E65FC9C297F59ECFAD63AAB6FCB5FCD
:1093C0001758474A8C19446CE193060CDE93060C3F
:1093D000DB93060CD893060C0B40800A30800920E2
:1093E00040081C40606F060C0900000008000000E7
:1093F0006A6F060C0900000009000000746F060C7B
:10940000090000000A0000007E6F060C0900000041
:109410000B00000000000000000000000000000041
:109420000496060C2495060C6495060C02000000B8
:10943000FC95060C03000000F495060C04000000E7
:10944000EC95060C05000000E495060C06000000F3
:10945000DC95060C07000000D495060C08000000FF
:10946000CC95060C09000000C495060C0A0000000B
:10947000BC95060C41000000B495060C42000000AB
:10948000AC95060C43000000A495060C0B000000F0
:109490009C95060C0C0000009495060C0D00000035
:1094A0008C95060C0E0000005C95060C0F00000069
:1094B0005495060C100000004C95060C200000008E
:1094C0001C95060C210000001495060C22000000DB
:1094D0000C95060C230000000495060C24000000E7
:1094E000FC94060C25000000F494060C000000001B
:1094F00000000000886F060C709425059C6F060C18
:1095000070932405B06F060C70922305C46F060C8F
:1095100070842205D06F060C70832105DC6F060C69
:109520007082200502000000000000000000000022
:10953000000000000000000000000000F9EF050C32
:10954000F9EF050CE3EF050CD1EF050CE86F060C05
:1095500070641009F46F060C70630F090070060C3C
:1095600070620E0902000000000000000000000010
:10957000000000000000000000000000C7EF050C24
:10958000C7EF050CAFEF050C9DEF050C0C70060C3A
:1095900090540D001870060C90530C002470060CAB
:1095A00090520B003070060C904443003C70060C47
:1095B000904342004870060C904241005470060CE3
:1095C00090340A006370060C903309007270060C28
:1095D000903208008170060C902407008D70060CF4
:1095E000902306009970060C90220500A570060CC9
:1095F00010140400B170060C10130300BD70060CAB
:10960000101202000200000045F0050C41F0050CAC
:109610003DF0050C39F0050C35F0050C31F0050C6A
:109620002DF0050C15F0050C03F0050C0000201CB6
:10963000403860248070A06CC048E05400E120FDF8
:1096400040D960C58091A08DC0A9E0B5F9FFFFFFAA
:1096500000000000010600000006000000000000FD
:109660001200000000000000620000000000000086
:10967000FFFFFFFFFFFFFFFF0000000000000000F2
:08968000F888FF7F01000000E3
:020000040C08E6
:105FC0007FE97FE9BEF722B87FE97FE9BEF730B805
:105FD0007FE97FE9BEF766B87FE97FE9BEF750B891
:105FE0007FE97FE9BEF736B800000000000000003E
:105FF00000000000000000000000000000000000A1
:040000050C03875908
:00000001FF
